{
  "generated_at": "2026-08-17T11:31:04.872Z",
  "lane": "v7_positioning_paper",
  "signal": "top_ratio - retail_ratio, cross-sectional rank, dollar-neutral",
  "k": 6,
  "symbols": 24,
  "periods_booked": 1,
  "equity": 1.001919,
  "realised": {
    "total_net_pct": 0.1919,
    "mean_net_pct": 0.2621,
    "mean_gross_pct": 0.2737,
    "mean_cost_pct": 0.0117,
    "ann_pct": null,
    "vol_pct": null,
    "sharpe": null,
    "t_stat": null
  },
  "backtest_expectation": {
    "source": "banked v5 ledger, 24 symbols x 242 periods (40.5 days)",
    "ann_pct": 85.3,
    "vol_pct": 11.8,
    "t_stat": 1.77,
    "cross_sectional_ic": -0.0345,
    "cross_sectional_ic_t": -2.63,
    "caveat": "The BOOK's t is 1.77 — it does not reach 1.96, let alone the 2.73 that Bonferroni over 8 examined features would want. Only the raw cross-sectional IC (t=-2.63) is nominally significant; discretising it into a 6-a-side book and charging turnover costs gives most of that back. Sharpe 7.24 is an annualisation artefact of a 40-day window, not a property of the strategy."
  },
  "sample_requirement": null,
  "verdict": "ACCUMULATING",
  "live_exposure_usdt": 0,
  "latest": {
    "ts": "2026-08-17T04:00:00.000Z",
    "longs": [
      "XRPUSDT",
      "ETHUSDT",
      "SOLUSDT",
      "GALAUSDT",
      "BTCUSDT",
      "BNBUSDT"
    ],
    "shorts": [
      "NEARUSDT",
      "OPUSDT",
      "FILUSDT",
      "APTUSDT",
      "INJUSDT",
      "TIAUSDT"
    ],
    "net_pct": 0.2621
  },
  "skipped": null,
  "errors": []
}
{
  "generated_at": "2026-08-17T12:31:08.339Z",
  "lane": "v7_positioning_paper",
  "signal": "top_ratio - retail_ratio, cross-sectional rank, dollar-neutral",
  "k": 6,
  "symbols": 24,
  "periods_booked": 1,
  "equity": 1.001919,
  "realised": {
    "total_net_pct": 0.1919,
    "mean_net_pct": 0.2621,
    "mean_gross_pct": 0.2737,
    "mean_cost_pct": 0.0117,
    "ann_pct": null,
    "vol_pct": null,
    "sharpe": null,
    "t_stat": null
  },
  "backtest_expectation": {
    "source": "banked v5 ledger, 24 symbols x 242 periods (40.5 days)",
    "ann_pct": 85.3,
    "vol_pct": 11.8,
    "t_stat": 1.77,
    "cross_sectional_ic": -0.0345,
    "cross_sectional_ic_t": -2.63,
    "caveat": "The BOOK's t is 1.77 — it does not reach 1.96, let alone the 2.73 that Bonferroni over 8 examined features would want. Only the raw cross-sectional IC (t=-2.63) is nominally significant; discretising it into a 6-a-side book and charging turnover costs gives most of that back. Sharpe 7.24 is an annualisation artefact of a 40-day window, not a property of the strategy."
  },
  "sample_requirement": null,
  "verdict": "ACCUMULATING",
  "live_exposure_usdt": 0,
  "latest": null,
  "skipped": "already rebalanced at 2026-08-17T04:00:00.000Z",
  "errors": []
}
{
  "generated_at": "2026-08-17T13:31:11.850Z",
  "lane": "v7_positioning_paper",
  "signal": "top_ratio - retail_ratio, cross-sectional rank, dollar-neutral",
  "k": 6,
  "symbols": 24,
  "periods_booked": 1,
  "equity": 1.001919,
  "realised": {
    "total_net_pct": 0.1919,
    "mean_net_pct": 0.2621,
    "mean_gross_pct": 0.2737,
    "mean_cost_pct": 0.0117,
    "ann_pct": null,
    "vol_pct": null,
    "sharpe": null,
    "t_stat": null
  },
  "backtest_expectation": {
    "source": "banked v5 ledger, 24 symbols x 242 periods (40.5 days)",
    "ann_pct": 85.3,
    "vol_pct": 11.8,
    "t_stat": 1.77,
    "cross_sectional_ic": -0.0345,
    "cross_sectional_ic_t": -2.63,
    "caveat": "The BOOK's t is 1.77 — it does not reach 1.96, let alone the 2.73 that Bonferroni over 8 examined features would want. Only the raw cross-sectional IC (t=-2.63) is nominally significant; discretising it into a 6-a-side book and charging turnover costs gives most of that back. Sharpe 7.24 is an annualisation artefact of a 40-day window, not a property of the strategy."
  },
  "sample_requirement": null,
  "verdict": "ACCUMULATING",
  "live_exposure_usdt": 0,
  "latest": null,
  "skipped": "already rebalanced at 2026-08-17T04:00:00.000Z",
  "errors": []
}
{
  "generated_at": "2026-08-17T14:31:15.283Z",
  "lane": "v7_positioning_paper",
  "signal": "top_ratio - retail_ratio, cross-sectional rank, dollar-neutral",
  "k": 6,
  "symbols": 24,
  "periods_booked": 1,
  "equity": 1.001919,
  "realised": {
    "total_net_pct": 0.1919,
    "mean_net_pct": 0.2621,
    "mean_gross_pct": 0.2737,
    "mean_cost_pct": 0.0117,
    "ann_pct": null,
    "vol_pct": null,
    "sharpe": null,
    "t_stat": null
  },
  "backtest_expectation": {
    "source": "banked v5 ledger, 24 symbols x 242 periods (40.5 days)",
    "ann_pct": 85.3,
    "vol_pct": 11.8,
    "t_stat": 1.77,
    "cross_sectional_ic": -0.0345,
    "cross_sectional_ic_t": -2.63,
    "caveat": "The BOOK's t is 1.77 — it does not reach 1.96, let alone the 2.73 that Bonferroni over 8 examined features would want. Only the raw cross-sectional IC (t=-2.63) is nominally significant; discretising it into a 6-a-side book and charging turnover costs gives most of that back. Sharpe 7.24 is an annualisation artefact of a 40-day window, not a property of the strategy."
  },
  "sample_requirement": null,
  "verdict": "ACCUMULATING",
  "live_exposure_usdt": 0,
  "latest": null,
  "skipped": "already rebalanced at 2026-08-17T04:00:00.000Z",
  "errors": []
}
{
  "generated_at": "2026-08-17T15:31:18.741Z",
  "lane": "v7_positioning_paper",
  "signal": "top_ratio - retail_ratio, cross-sectional rank, dollar-neutral",
  "k": 6,
  "symbols": 24,
  "periods_booked": 1,
  "equity": 1.001919,
  "realised": {
    "total_net_pct": 0.1919,
    "mean_net_pct": 0.2621,
    "mean_gross_pct": 0.2737,
    "mean_cost_pct": 0.0117,
    "ann_pct": null,
    "vol_pct": null,
    "sharpe": null,
    "t_stat": null
  },
  "backtest_expectation": {
    "source": "banked v5 ledger, 24 symbols x 242 periods (40.5 days)",
    "ann_pct": 85.3,
    "vol_pct": 11.8,
    "t_stat": 1.77,
    "cross_sectional_ic": -0.0345,
    "cross_sectional_ic_t": -2.63,
    "caveat": "The BOOK's t is 1.77 — it does not reach 1.96, let alone the 2.73 that Bonferroni over 8 examined features would want. Only the raw cross-sectional IC (t=-2.63) is nominally significant; discretising it into a 6-a-side book and charging turnover costs gives most of that back. Sharpe 7.24 is an annualisation artefact of a 40-day window, not a property of the strategy."
  },
  "sample_requirement": null,
  "verdict": "ACCUMULATING",
  "live_exposure_usdt": 0,
  "latest": null,
  "skipped": "already rebalanced at 2026-08-17T04:00:00.000Z",
  "errors": []
}
{
  "generated_at": "2026-08-17T16:31:22.132Z",
  "lane": "v7_positioning_paper",
  "signal": "top_ratio - retail_ratio, cross-sectional rank, dollar-neutral",
  "k": 6,
  "symbols": 24,
  "periods_booked": 1,
  "equity": 1.001919,
  "realised": {
    "total_net_pct": 0.1919,
    "mean_net_pct": 0.2621,
    "mean_gross_pct": 0.2737,
    "mean_cost_pct": 0.0117,
    "ann_pct": null,
    "vol_pct": null,
    "sharpe": null,
    "t_stat": null
  },
  "backtest_expectation": {
    "source": "banked v5 ledger, 24 symbols x 242 periods (40.5 days)",
    "ann_pct": 85.3,
    "vol_pct": 11.8,
    "t_stat": 1.77,
    "cross_sectional_ic": -0.0345,
    "cross_sectional_ic_t": -2.63,
    "caveat": "The BOOK's t is 1.77 — it does not reach 1.96, let alone the 2.73 that Bonferroni over 8 examined features would want. Only the raw cross-sectional IC (t=-2.63) is nominally significant; discretising it into a 6-a-side book and charging turnover costs gives most of that back. Sharpe 7.24 is an annualisation artefact of a 40-day window, not a property of the strategy."
  },
  "sample_requirement": null,
  "verdict": "ACCUMULATING",
  "live_exposure_usdt": 0,
  "latest": null,
  "skipped": "already rebalanced at 2026-08-17T04:00:00.000Z",
  "errors": []
}
{
  "generated_at": "2026-08-17T17:31:25.536Z",
  "lane": "v7_positioning_paper",
  "signal": "top_ratio - retail_ratio, cross-sectional rank, dollar-neutral",
  "k": 6,
  "symbols": 24,
  "periods_booked": 1,
  "equity": 1.001919,
  "realised": {
    "total_net_pct": 0.1919,
    "mean_net_pct": 0.2621,
    "mean_gross_pct": 0.2737,
    "mean_cost_pct": 0.0117,
    "ann_pct": null,
    "vol_pct": null,
    "sharpe": null,
    "t_stat": null
  },
  "backtest_expectation": {
    "source": "banked v5 ledger, 24 symbols x 242 periods (40.5 days)",
    "ann_pct": 85.3,
    "vol_pct": 11.8,
    "t_stat": 1.77,
    "cross_sectional_ic": -0.0345,
    "cross_sectional_ic_t": -2.63,
    "caveat": "The BOOK's t is 1.77 — it does not reach 1.96, let alone the 2.73 that Bonferroni over 8 examined features would want. Only the raw cross-sectional IC (t=-2.63) is nominally significant; discretising it into a 6-a-side book and charging turnover costs gives most of that back. Sharpe 7.24 is an annualisation artefact of a 40-day window, not a property of the strategy."
  },
  "sample_requirement": null,
  "verdict": "ACCUMULATING",
  "live_exposure_usdt": 0,
  "latest": null,
  "skipped": "already rebalanced at 2026-08-17T04:00:00.000Z",
  "errors": []
}
{
  "generated_at": "2026-08-17T18:31:28.927Z",
  "lane": "v7_positioning_paper",
  "signal": "top_ratio - retail_ratio, cross-sectional rank, dollar-neutral",
  "k": 6,
  "symbols": 24,
  "periods_booked": 1,
  "equity": 1.001919,
  "realised": {
    "total_net_pct": 0.1919,
    "mean_net_pct": 0.2621,
    "mean_gross_pct": 0.2737,
    "mean_cost_pct": 0.0117,
    "ann_pct": null,
    "vol_pct": null,
    "sharpe": null,
    "t_stat": null
  },
  "backtest_expectation": {
    "source": "banked v5 ledger, 24 symbols x 242 periods (40.5 days)",
    "ann_pct": 85.3,
    "vol_pct": 11.8,
    "t_stat": 1.77,
    "cross_sectional_ic": -0.0345,
    "cross_sectional_ic_t": -2.63,
    "caveat": "The BOOK's t is 1.77 — it does not reach 1.96, let alone the 2.73 that Bonferroni over 8 examined features would want. Only the raw cross-sectional IC (t=-2.63) is nominally significant; discretising it into a 6-a-side book and charging turnover costs gives most of that back. Sharpe 7.24 is an annualisation artefact of a 40-day window, not a property of the strategy."
  },
  "sample_requirement": null,
  "verdict": "ACCUMULATING",
  "live_exposure_usdt": 0,
  "latest": null,
  "skipped": "already rebalanced at 2026-08-17T04:00:00.000Z",
  "errors": []
}
{
  "generated_at": "2026-08-17T19:31:32.168Z",
  "lane": "v7_positioning_paper",
  "signal": "top_ratio - retail_ratio, cross-sectional rank, dollar-neutral",
  "k": 6,
  "symbols": 24,
  "periods_booked": 1,
  "equity": 1.001919,
  "realised": {
    "total_net_pct": 0.1919,
    "mean_net_pct": 0.2621,
    "mean_gross_pct": 0.2737,
    "mean_cost_pct": 0.0117,
    "ann_pct": null,
    "vol_pct": null,
    "sharpe": null,
    "t_stat": null
  },
  "backtest_expectation": {
    "source": "banked v5 ledger, 24 symbols x 242 periods (40.5 days)",
    "ann_pct": 85.3,
    "vol_pct": 11.8,
    "t_stat": 1.77,
    "cross_sectional_ic": -0.0345,
    "cross_sectional_ic_t": -2.63,
    "caveat": "The BOOK's t is 1.77 — it does not reach 1.96, let alone the 2.73 that Bonferroni over 8 examined features would want. Only the raw cross-sectional IC (t=-2.63) is nominally significant; discretising it into a 6-a-side book and charging turnover costs gives most of that back. Sharpe 7.24 is an annualisation artefact of a 40-day window, not a property of the strategy."
  },
  "sample_requirement": null,
  "verdict": "ACCUMULATING",
  "live_exposure_usdt": 0,
  "latest": null,
  "skipped": "already rebalanced at 2026-08-17T04:00:00.000Z",
  "errors": []
}
{
  "generated_at": "2026-08-17T20:31:35.602Z",
  "lane": "v7_positioning_paper",
  "signal": "top_ratio - retail_ratio, cross-sectional rank, dollar-neutral",
  "k": 6,
  "symbols": 24,
  "periods_booked": 1,
  "equity": 1.001919,
  "realised": {
    "total_net_pct": 0.1919,
    "mean_net_pct": 0.2621,
    "mean_gross_pct": 0.2737,
    "mean_cost_pct": 0.0117,
    "ann_pct": null,
    "vol_pct": null,
    "sharpe": null,
    "t_stat": null
  },
  "backtest_expectation": {
    "source": "banked v5 ledger, 24 symbols x 242 periods (40.5 days)",
    "ann_pct": 85.3,
    "vol_pct": 11.8,
    "t_stat": 1.77,
    "cross_sectional_ic": -0.0345,
    "cross_sectional_ic_t": -2.63,
    "caveat": "The BOOK's t is 1.77 — it does not reach 1.96, let alone the 2.73 that Bonferroni over 8 examined features would want. Only the raw cross-sectional IC (t=-2.63) is nominally significant; discretising it into a 6-a-side book and charging turnover costs gives most of that back. Sharpe 7.24 is an annualisation artefact of a 40-day window, not a property of the strategy."
  },
  "sample_requirement": null,
  "verdict": "ACCUMULATING",
  "live_exposure_usdt": 0,
  "latest": null,
  "skipped": "already rebalanced at 2026-08-17T04:00:00.000Z",
  "errors": []
}
{
  "generated_at": "2026-08-17T21:31:37.051Z",
  "lane": "v7_positioning_paper",
  "signal": "top_ratio - retail_ratio, cross-sectional rank, dollar-neutral",
  "k": 6,
  "symbols": 24,
  "periods_booked": 1,
  "equity": 1.001919,
  "realised": {
    "total_net_pct": 0.1919,
    "mean_net_pct": 0.2621,
    "mean_gross_pct": 0.2737,
    "mean_cost_pct": 0.0117,
    "ann_pct": null,
    "vol_pct": null,
    "sharpe": null,
    "t_stat": null
  },
  "backtest_expectation": {
    "source": "banked v5 ledger, 24 symbols x 242 periods (40.5 days)",
    "ann_pct": 85.3,
    "vol_pct": 11.8,
    "t_stat": 1.77,
    "cross_sectional_ic": -0.0345,
    "cross_sectional_ic_t": -2.63,
    "caveat": "The BOOK's t is 1.77 — it does not reach 1.96, let alone the 2.73 that Bonferroni over 8 examined features would want. Only the raw cross-sectional IC (t=-2.63) is nominally significant; discretising it into a 6-a-side book and charging turnover costs gives most of that back. Sharpe 7.24 is an annualisation artefact of a 40-day window, not a property of the strategy."
  },
  "sample_requirement": null,
  "verdict": "ACCUMULATING",
  "live_exposure_usdt": 0,
  "latest": null,
  "skipped": "already rebalanced at 2026-08-17T04:00:00.000Z",
  "errors": []
}
{
  "generated_at": "2026-08-17T22:31:42.309Z",
  "lane": "v7_positioning_paper",
  "signal": "top_ratio - retail_ratio, cross-sectional rank, dollar-neutral",
  "k": 6,
  "symbols": 24,
  "periods_booked": 2,
  "equity": 1.003907,
  "realised": {
    "total_net_pct": 0.3907,
    "mean_net_pct": 0.2303,
    "mean_gross_pct": 0.2419,
    "mean_cost_pct": 0.0117,
    "ann_pct": 7050.9,
    "vol_pct": 1.5,
    "sharpe": 4738.03,
    "t_stat": 10.24
  },
  "backtest_expectation": {
    "source": "banked v5 ledger, 24 symbols x 242 periods (40.5 days)",
    "ann_pct": 85.3,
    "vol_pct": 11.8,
    "t_stat": 1.77,
    "cross_sectional_ic": -0.0345,
    "cross_sectional_ic_t": -2.63,
    "caveat": "The BOOK's t is 1.77 — it does not reach 1.96, let alone the 2.73 that Bonferroni over 8 examined features would want. Only the raw cross-sectional IC (t=-2.63) is nominally significant; discretising it into a 6-a-side book and charging turnover costs gives most of that back. Sharpe 7.24 is an annualisation artefact of a 40-day window, not a property of the strategy."
  },
  "sample_requirement": {
    "observed_sd_pct": 0.0318,
    "observed_edge_pct": 0.2303,
    "n_for_t196": 1,
    "days_to_n": 0
  },
  "verdict": "ACCUMULATING",
  "live_exposure_usdt": 0,
  "latest": {
    "ts": "2026-08-17T16:00:00.000Z",
    "longs": [
      "XRPUSDT",
      "ETHUSDT",
      "SOLUSDT",
      "BNBUSDT",
      "SANDUSDT",
      "GALAUSDT"
    ],
    "shorts": [
      "NEARUSDT",
      "OPUSDT",
      "FILUSDT",
      "INJUSDT",
      "TIAUSDT",
      "APTUSDT"
    ],
    "net_pct": 0.1985
  },
  "skipped": null,
  "errors": []
}
{
  "generated_at": "2026-08-17T23:31:45.763Z",
  "lane": "v7_positioning_paper",
  "signal": "top_ratio - retail_ratio, cross-sectional rank, dollar-neutral",
  "k": 6,
  "symbols": 24,
  "periods_booked": 2,
  "equity": 1.003907,
  "realised": {
    "total_net_pct": 0.3907,
    "mean_net_pct": 0.2303,
    "mean_gross_pct": 0.2419,
    "mean_cost_pct": 0.0117,
    "ann_pct": 7050.9,
    "vol_pct": 1.5,
    "sharpe": 4738.03,
    "t_stat": 10.24
  },
  "backtest_expectation": {
    "source": "banked v5 ledger, 24 symbols x 242 periods (40.5 days)",
    "ann_pct": 85.3,
    "vol_pct": 11.8,
    "t_stat": 1.77,
    "cross_sectional_ic": -0.0345,
    "cross_sectional_ic_t": -2.63,
    "caveat": "The BOOK's t is 1.77 — it does not reach 1.96, let alone the 2.73 that Bonferroni over 8 examined features would want. Only the raw cross-sectional IC (t=-2.63) is nominally significant; discretising it into a 6-a-side book and charging turnover costs gives most of that back. Sharpe 7.24 is an annualisation artefact of a 40-day window, not a property of the strategy."
  },
  "sample_requirement": {
    "observed_sd_pct": 0.0318,
    "observed_edge_pct": 0.2303,
    "n_for_t196": 1,
    "days_to_n": 0
  },
  "verdict": "ACCUMULATING",
  "live_exposure_usdt": 0,
  "latest": null,
  "skipped": "already rebalanced at 2026-08-17T16:00:00.000Z",
  "errors": []
}
{
  "generated_at": "2026-08-18T00:31:49.192Z",
  "lane": "v7_positioning_paper",
  "signal": "top_ratio - retail_ratio, cross-sectional rank, dollar-neutral",
  "k": 6,
  "symbols": 24,
  "periods_booked": 2,
  "equity": 1.003907,
  "realised": {
    "total_net_pct": 0.3907,
    "mean_net_pct": 0.2303,
    "mean_gross_pct": 0.2419,
    "mean_cost_pct": 0.0117,
    "ann_pct": 7050.9,
    "vol_pct": 1.5,
    "sharpe": 4738.03,
    "t_stat": 10.24
  },
  "backtest_expectation": {
    "source": "banked v5 ledger, 24 symbols x 242 periods (40.5 days)",
    "ann_pct": 85.3,
    "vol_pct": 11.8,
    "t_stat": 1.77,
    "cross_sectional_ic": -0.0345,
    "cross_sectional_ic_t": -2.63,
    "caveat": "The BOOK's t is 1.77 — it does not reach 1.96, let alone the 2.73 that Bonferroni over 8 examined features would want. Only the raw cross-sectional IC (t=-2.63) is nominally significant; discretising it into a 6-a-side book and charging turnover costs gives most of that back. Sharpe 7.24 is an annualisation artefact of a 40-day window, not a property of the strategy."
  },
  "sample_requirement": {
    "observed_sd_pct": 0.0318,
    "observed_edge_pct": 0.2303,
    "n_for_t196": 1,
    "days_to_n": 0
  },
  "verdict": "ACCUMULATING",
  "live_exposure_usdt": 0,
  "latest": null,
  "skipped": "already rebalanced at 2026-08-17T16:00:00.000Z",
  "errors": []
}
{
  "generated_at": "2026-08-18T01:31:52.609Z",
  "lane": "v7_positioning_paper",
  "signal": "top_ratio - retail_ratio, cross-sectional rank, dollar-neutral",
  "k": 6,
  "symbols": 24,
  "periods_booked": 2,
  "equity": 1.003907,
  "realised": {
    "total_net_pct": 0.3907,
    "mean_net_pct": 0.2303,
    "mean_gross_pct": 0.2419,
    "mean_cost_pct": 0.0117,
    "ann_pct": 7050.9,
    "vol_pct": 1.5,
    "sharpe": 4738.03,
    "t_stat": 10.24
  },
  "backtest_expectation": {
    "source": "banked v5 ledger, 24 symbols x 242 periods (40.5 days)",
    "ann_pct": 85.3,
    "vol_pct": 11.8,
    "t_stat": 1.77,
    "cross_sectional_ic": -0.0345,
    "cross_sectional_ic_t": -2.63,
    "caveat": "The BOOK's t is 1.77 — it does not reach 1.96, let alone the 2.73 that Bonferroni over 8 examined features would want. Only the raw cross-sectional IC (t=-2.63) is nominally significant; discretising it into a 6-a-side book and charging turnover costs gives most of that back. Sharpe 7.24 is an annualisation artefact of a 40-day window, not a property of the strategy."
  },
  "sample_requirement": {
    "observed_sd_pct": 0.0318,
    "observed_edge_pct": 0.2303,
    "n_for_t196": 1,
    "days_to_n": 0
  },
  "verdict": "ACCUMULATING",
  "live_exposure_usdt": 0,
  "latest": null,
  "skipped": "already rebalanced at 2026-08-17T16:00:00.000Z",
  "errors": []
}
{
  "generated_at": "2026-08-18T02:31:56.045Z",
  "lane": "v7_positioning_paper",
  "signal": "top_ratio - retail_ratio, cross-sectional rank, dollar-neutral",
  "k": 6,
  "symbols": 24,
  "periods_booked": 2,
  "equity": 1.003907,
  "realised": {
    "total_net_pct": 0.3907,
    "mean_net_pct": 0.2303,
    "mean_gross_pct": 0.2419,
    "mean_cost_pct": 0.0117,
    "ann_pct": 7050.9,
    "vol_pct": 1.5,
    "sharpe": 4738.03,
    "t_stat": 10.24
  },
  "backtest_expectation": {
    "source": "banked v5 ledger, 24 symbols x 242 periods (40.5 days)",
    "ann_pct": 85.3,
    "vol_pct": 11.8,
    "t_stat": 1.77,
    "cross_sectional_ic": -0.0345,
    "cross_sectional_ic_t": -2.63,
    "caveat": "The BOOK's t is 1.77 — it does not reach 1.96, let alone the 2.73 that Bonferroni over 8 examined features would want. Only the raw cross-sectional IC (t=-2.63) is nominally significant; discretising it into a 6-a-side book and charging turnover costs gives most of that back. Sharpe 7.24 is an annualisation artefact of a 40-day window, not a property of the strategy."
  },
  "sample_requirement": {
    "observed_sd_pct": 0.0318,
    "observed_edge_pct": 0.2303,
    "n_for_t196": 1,
    "days_to_n": 0
  },
  "verdict": "ACCUMULATING",
  "live_exposure_usdt": 0,
  "latest": null,
  "skipped": "already rebalanced at 2026-08-17T16:00:00.000Z",
  "errors": []
}
{
  "generated_at": "2026-08-18T03:31:59.442Z",
  "lane": "v7_positioning_paper",
  "signal": "top_ratio - retail_ratio, cross-sectional rank, dollar-neutral",
  "k": 6,
  "symbols": 24,
  "periods_booked": 2,
  "equity": 1.003907,
  "realised": {
    "total_net_pct": 0.3907,
    "mean_net_pct": 0.2303,
    "mean_gross_pct": 0.2419,
    "mean_cost_pct": 0.0117,
    "ann_pct": 7050.9,
    "vol_pct": 1.5,
    "sharpe": 4738.03,
    "t_stat": 10.24
  },
  "backtest_expectation": {
    "source": "banked v5 ledger, 24 symbols x 242 periods (40.5 days)",
    "ann_pct": 85.3,
    "vol_pct": 11.8,
    "t_stat": 1.77,
    "cross_sectional_ic": -0.0345,
    "cross_sectional_ic_t": -2.63,
    "caveat": "The BOOK's t is 1.77 — it does not reach 1.96, let alone the 2.73 that Bonferroni over 8 examined features would want. Only the raw cross-sectional IC (t=-2.63) is nominally significant; discretising it into a 6-a-side book and charging turnover costs gives most of that back. Sharpe 7.24 is an annualisation artefact of a 40-day window, not a property of the strategy."
  },
  "sample_requirement": {
    "observed_sd_pct": 0.0318,
    "observed_edge_pct": 0.2303,
    "n_for_t196": 1,
    "days_to_n": 0
  },
  "verdict": "ACCUMULATING",
  "live_exposure_usdt": 0,
  "latest": null,
  "skipped": "already rebalanced at 2026-08-17T16:00:00.000Z",
  "errors": []
}
{
  "generated_at": "2026-08-18T04:32:02.855Z",
  "lane": "v7_positioning_paper",
  "signal": "top_ratio - retail_ratio, cross-sectional rank, dollar-neutral",
  "k": 6,
  "symbols": 24,
  "periods_booked": 2,
  "equity": 1.003907,
  "realised": {
    "total_net_pct": 0.3907,
    "mean_net_pct": 0.2303,
    "mean_gross_pct": 0.2419,
    "mean_cost_pct": 0.0117,
    "ann_pct": 7050.9,
    "vol_pct": 1.5,
    "sharpe": 4738.03,
    "t_stat": 10.24
  },
  "backtest_expectation": {
    "source": "banked v5 ledger, 24 symbols x 242 periods (40.5 days)",
    "ann_pct": 85.3,
    "vol_pct": 11.8,
    "t_stat": 1.77,
    "cross_sectional_ic": -0.0345,
    "cross_sectional_ic_t": -2.63,
    "caveat": "The BOOK's t is 1.77 — it does not reach 1.96, let alone the 2.73 that Bonferroni over 8 examined features would want. Only the raw cross-sectional IC (t=-2.63) is nominally significant; discretising it into a 6-a-side book and charging turnover costs gives most of that back. Sharpe 7.24 is an annualisation artefact of a 40-day window, not a property of the strategy."
  },
  "sample_requirement": {
    "observed_sd_pct": 0.0318,
    "observed_edge_pct": 0.2303,
    "n_for_t196": 1,
    "days_to_n": 0
  },
  "verdict": "ACCUMULATING",
  "live_exposure_usdt": 0,
  "latest": null,
  "skipped": "already rebalanced at 2026-08-17T16:00:00.000Z",
  "errors": []
}
{
  "generated_at": "2026-08-18T05:32:06.220Z",
  "lane": "v7_positioning_paper",
  "signal": "top_ratio - retail_ratio, cross-sectional rank, dollar-neutral",
  "k": 6,
  "symbols": 24,
  "periods_booked": 2,
  "equity": 1.003907,
  "realised": {
    "total_net_pct": 0.3907,
    "mean_net_pct": 0.2303,
    "mean_gross_pct": 0.2419,
    "mean_cost_pct": 0.0117,
    "ann_pct": 7050.9,
    "vol_pct": 1.5,
    "sharpe": 4738.03,
    "t_stat": 10.24
  },
  "backtest_expectation": {
    "source": "banked v5 ledger, 24 symbols x 242 periods (40.5 days)",
    "ann_pct": 85.3,
    "vol_pct": 11.8,
    "t_stat": 1.77,
    "cross_sectional_ic": -0.0345,
    "cross_sectional_ic_t": -2.63,
    "caveat": "The BOOK's t is 1.77 — it does not reach 1.96, let alone the 2.73 that Bonferroni over 8 examined features would want. Only the raw cross-sectional IC (t=-2.63) is nominally significant; discretising it into a 6-a-side book and charging turnover costs gives most of that back. Sharpe 7.24 is an annualisation artefact of a 40-day window, not a property of the strategy."
  },
  "sample_requirement": {
    "observed_sd_pct": 0.0318,
    "observed_edge_pct": 0.2303,
    "n_for_t196": 1,
    "days_to_n": 0
  },
  "verdict": "ACCUMULATING",
  "live_exposure_usdt": 0,
  "latest": null,
  "skipped": "already rebalanced at 2026-08-17T16:00:00.000Z",
  "errors": []
}
{
  "generated_at": "2026-08-18T06:32:07.655Z",
  "lane": "v7_positioning_paper",
  "signal": "top_ratio - retail_ratio, cross-sectional rank, dollar-neutral",
  "k": 6,
  "symbols": 24,
  "periods_booked": 2,
  "equity": 1.003907,
  "realised": {
    "total_net_pct": 0.3907,
    "mean_net_pct": 0.2303,
    "mean_gross_pct": 0.2419,
    "mean_cost_pct": 0.0117,
    "ann_pct": 7050.9,
    "vol_pct": 1.5,
    "sharpe": 4738.03,
    "t_stat": 10.24
  },
  "backtest_expectation": {
    "source": "banked v5 ledger, 24 symbols x 242 periods (40.5 days)",
    "ann_pct": 85.3,
    "vol_pct": 11.8,
    "t_stat": 1.77,
    "cross_sectional_ic": -0.0345,
    "cross_sectional_ic_t": -2.63,
    "caveat": "The BOOK's t is 1.77 — it does not reach 1.96, let alone the 2.73 that Bonferroni over 8 examined features would want. Only the raw cross-sectional IC (t=-2.63) is nominally significant; discretising it into a 6-a-side book and charging turnover costs gives most of that back. Sharpe 7.24 is an annualisation artefact of a 40-day window, not a property of the strategy."
  },
  "sample_requirement": {
    "observed_sd_pct": 0.0318,
    "observed_edge_pct": 0.2303,
    "n_for_t196": 1,
    "days_to_n": 0
  },
  "verdict": "ACCUMULATING",
  "live_exposure_usdt": 0,
  "latest": null,
  "skipped": "already rebalanced at 2026-08-17T16:00:00.000Z",
  "errors": []
}
{
  "generated_at": "2026-08-18T07:32:13.128Z",
  "lane": "v7_positioning_paper",
  "signal": "top_ratio - retail_ratio, cross-sectional rank, dollar-neutral",
  "k": 6,
  "symbols": 24,
  "periods_booked": 2,
  "equity": 1.003907,
  "realised": {
    "total_net_pct": 0.3907,
    "mean_net_pct": 0.2303,
    "mean_gross_pct": 0.2419,
    "mean_cost_pct": 0.0117,
    "ann_pct": 7050.9,
    "vol_pct": 1.5,
    "sharpe": 4738.03,
    "t_stat": 10.24
  },
  "backtest_expectation": {
    "source": "banked v5 ledger, 24 symbols x 242 periods (40.5 days)",
    "ann_pct": 85.3,
    "vol_pct": 11.8,
    "t_stat": 1.77,
    "cross_sectional_ic": -0.0345,
    "cross_sectional_ic_t": -2.63,
    "caveat": "The BOOK's t is 1.77 — it does not reach 1.96, let alone the 2.73 that Bonferroni over 8 examined features would want. Only the raw cross-sectional IC (t=-2.63) is nominally significant; discretising it into a 6-a-side book and charging turnover costs gives most of that back. Sharpe 7.24 is an annualisation artefact of a 40-day window, not a property of the strategy."
  },
  "sample_requirement": {
    "observed_sd_pct": 0.0318,
    "observed_edge_pct": 0.2303,
    "n_for_t196": 1,
    "days_to_n": 0
  },
  "verdict": "ACCUMULATING",
  "live_exposure_usdt": 0,
  "latest": null,
  "skipped": "already rebalanced at 2026-08-17T16:00:00.000Z",
  "errors": []
}
{
  "generated_at": "2026-08-18T08:32:16.511Z",
  "lane": "v7_positioning_paper",
  "signal": "top_ratio - retail_ratio, cross-sectional rank, dollar-neutral",
  "k": 6,
  "symbols": 24,
  "periods_booked": 2,
  "equity": 1.003907,
  "realised": {
    "total_net_pct": 0.3907,
    "mean_net_pct": 0.2303,
    "mean_gross_pct": 0.2419,
    "mean_cost_pct": 0.0117,
    "ann_pct": 7050.9,
    "vol_pct": 1.5,
    "sharpe": 4738.03,
    "t_stat": 10.24
  },
  "backtest_expectation": {
    "source": "banked v5 ledger, 24 symbols x 242 periods (40.5 days)",
    "ann_pct": 85.3,
    "vol_pct": 11.8,
    "t_stat": 1.77,
    "cross_sectional_ic": -0.0345,
    "cross_sectional_ic_t": -2.63,
    "caveat": "The BOOK's t is 1.77 — it does not reach 1.96, let alone the 2.73 that Bonferroni over 8 examined features would want. Only the raw cross-sectional IC (t=-2.63) is nominally significant; discretising it into a 6-a-side book and charging turnover costs gives most of that back. Sharpe 7.24 is an annualisation artefact of a 40-day window, not a property of the strategy."
  },
  "sample_requirement": {
    "observed_sd_pct": 0.0318,
    "observed_edge_pct": 0.2303,
    "n_for_t196": 1,
    "days_to_n": 0
  },
  "verdict": "ACCUMULATING",
  "live_exposure_usdt": 0,
  "latest": null,
  "skipped": "already rebalanced at 2026-08-17T16:00:00.000Z",
  "errors": []
}
{
  "generated_at": "2026-08-18T09:32:19.870Z",
  "lane": "v7_positioning_paper",
  "signal": "top_ratio - retail_ratio, cross-sectional rank, dollar-neutral",
  "k": 6,
  "symbols": 24,
  "periods_booked": 2,
  "equity": 1.003907,
  "realised": {
    "total_net_pct": 0.3907,
    "mean_net_pct": 0.2303,
    "mean_gross_pct": 0.2419,
    "mean_cost_pct": 0.0117,
    "ann_pct": 7050.9,
    "vol_pct": 1.5,
    "sharpe": 4738.03,
    "t_stat": 10.24
  },
  "backtest_expectation": {
    "source": "banked v5 ledger, 24 symbols x 242 periods (40.5 days)",
    "ann_pct": 85.3,
    "vol_pct": 11.8,
    "t_stat": 1.77,
    "cross_sectional_ic": -0.0345,
    "cross_sectional_ic_t": -2.63,
    "caveat": "The BOOK's t is 1.77 — it does not reach 1.96, let alone the 2.73 that Bonferroni over 8 examined features would want. Only the raw cross-sectional IC (t=-2.63) is nominally significant; discretising it into a 6-a-side book and charging turnover costs gives most of that back. Sharpe 7.24 is an annualisation artefact of a 40-day window, not a property of the strategy."
  },
  "sample_requirement": {
    "observed_sd_pct": 0.0318,
    "observed_edge_pct": 0.2303,
    "n_for_t196": 1,
    "days_to_n": 0
  },
  "verdict": "ACCUMULATING",
  "live_exposure_usdt": 0,
  "latest": null,
  "skipped": "already rebalanced at 2026-08-17T16:00:00.000Z",
  "errors": []
}
{
  "generated_at": "2026-08-18T10:32:23.332Z",
  "lane": "v7_positioning_paper",
  "signal": "top_ratio - retail_ratio, cross-sectional rank, dollar-neutral",
  "k": 6,
  "symbols": 24,
  "periods_booked": 3,
  "equity": 1.00076,
  "realised": {
    "total_net_pct": 0.076,
    "mean_net_pct": 0.049,
    "mean_gross_pct": 0.0568,
    "mean_cost_pct": 0.0078,
    "ann_pct": 74.1,
    "vol_pct": 12.1,
    "sharpe": 6.15,
    "t_stat": 0.33
  },
  "backtest_expectation": {
    "source": "banked v5 ledger, 24 symbols x 242 periods (40.5 days)",
    "ann_pct": 85.3,
    "vol_pct": 11.8,
    "t_stat": 1.77,
    "cross_sectional_ic": -0.0345,
    "cross_sectional_ic_t": -2.63,
    "caveat": "The BOOK's t is 1.77 — it does not reach 1.96, let alone the 2.73 that Bonferroni over 8 examined features would want. Only the raw cross-sectional IC (t=-2.63) is nominally significant; discretising it into a 6-a-side book and charging turnover costs gives most of that back. Sharpe 7.24 is an annualisation artefact of a 40-day window, not a property of the strategy."
  },
  "sample_requirement": {
    "observed_sd_pct": 0.2577,
    "observed_edge_pct": 0.049,
    "n_for_t196": 107,
    "days_to_n": 18
  },
  "verdict": "ACCUMULATING",
  "live_exposure_usdt": 0,
  "latest": {
    "ts": "2026-08-18T04:00:00.000Z",
    "longs": [
      "XRPUSDT",
      "ETHUSDT",
      "SOLUSDT",
      "BNBUSDT",
      "SANDUSDT",
      "GALAUSDT"
    ],
    "shorts": [
      "FILUSDT",
      "NEARUSDT",
      "OPUSDT",
      "APTUSDT",
      "TIAUSDT",
      "INJUSDT"
    ],
    "net_pct": -0.3135
  },
  "skipped": null,
  "errors": []
}
{
  "generated_at": "2026-08-18T11:32:26.775Z",
  "lane": "v7_positioning_paper",
  "signal": "top_ratio - retail_ratio, cross-sectional rank, dollar-neutral",
  "k": 6,
  "symbols": 24,
  "periods_booked": 3,
  "equity": 1.00076,
  "realised": {
    "total_net_pct": 0.076,
    "mean_net_pct": 0.049,
    "mean_gross_pct": 0.0568,
    "mean_cost_pct": 0.0078,
    "ann_pct": 74.1,
    "vol_pct": 12.1,
    "sharpe": 6.15,
    "t_stat": 0.33
  },
  "backtest_expectation": {
    "source": "banked v5 ledger, 24 symbols x 242 periods (40.5 days)",
    "ann_pct": 85.3,
    "vol_pct": 11.8,
    "t_stat": 1.77,
    "cross_sectional_ic": -0.0345,
    "cross_sectional_ic_t": -2.63,
    "caveat": "The BOOK's t is 1.77 — it does not reach 1.96, let alone the 2.73 that Bonferroni over 8 examined features would want. Only the raw cross-sectional IC (t=-2.63) is nominally significant; discretising it into a 6-a-side book and charging turnover costs gives most of that back. Sharpe 7.24 is an annualisation artefact of a 40-day window, not a property of the strategy."
  },
  "sample_requirement": {
    "observed_sd_pct": 0.2577,
    "observed_edge_pct": 0.049,
    "n_for_t196": 107,
    "days_to_n": 18
  },
  "verdict": "ACCUMULATING",
  "live_exposure_usdt": 0,
  "latest": null,
  "skipped": "already rebalanced at 2026-08-18T04:00:00.000Z",
  "errors": []
}
{
  "generated_at": "2026-08-18T12:32:30.126Z",
  "lane": "v7_positioning_paper",
  "signal": "top_ratio - retail_ratio, cross-sectional rank, dollar-neutral",
  "k": 6,
  "symbols": 24,
  "periods_booked": 3,
  "equity": 1.00076,
  "realised": {
    "total_net_pct": 0.076,
    "mean_net_pct": 0.049,
    "mean_gross_pct": 0.0568,
    "mean_cost_pct": 0.0078,
    "ann_pct": 74.1,
    "vol_pct": 12.1,
    "sharpe": 6.15,
    "t_stat": 0.33
  },
  "backtest_expectation": {
    "source": "banked v5 ledger, 24 symbols x 242 periods (40.5 days)",
    "ann_pct": 85.3,
    "vol_pct": 11.8,
    "t_stat": 1.77,
    "cross_sectional_ic": -0.0345,
    "cross_sectional_ic_t": -2.63,
    "caveat": "The BOOK's t is 1.77 — it does not reach 1.96, let alone the 2.73 that Bonferroni over 8 examined features would want. Only the raw cross-sectional IC (t=-2.63) is nominally significant; discretising it into a 6-a-side book and charging turnover costs gives most of that back. Sharpe 7.24 is an annualisation artefact of a 40-day window, not a property of the strategy."
  },
  "sample_requirement": {
    "observed_sd_pct": 0.2577,
    "observed_edge_pct": 0.049,
    "n_for_t196": 107,
    "days_to_n": 18
  },
  "verdict": "ACCUMULATING",
  "live_exposure_usdt": 0,
  "latest": null,
  "skipped": "already rebalanced at 2026-08-18T04:00:00.000Z",
  "errors": []
}
{
  "generated_at": "2026-08-18T13:32:33.592Z",
  "lane": "v7_positioning_paper",
  "signal": "top_ratio - retail_ratio, cross-sectional rank, dollar-neutral",
  "k": 6,
  "symbols": 24,
  "periods_booked": 3,
  "equity": 1.00076,
  "realised": {
    "total_net_pct": 0.076,
    "mean_net_pct": 0.049,
    "mean_gross_pct": 0.0568,
    "mean_cost_pct": 0.0078,
    "ann_pct": 74.1,
    "vol_pct": 12.1,
    "sharpe": 6.15,
    "t_stat": 0.33
  },
  "backtest_expectation": {
    "source": "banked v5 ledger, 24 symbols x 242 periods (40.5 days)",
    "ann_pct": 85.3,
    "vol_pct": 11.8,
    "t_stat": 1.77,
    "cross_sectional_ic": -0.0345,
    "cross_sectional_ic_t": -2.63,
    "caveat": "The BOOK's t is 1.77 — it does not reach 1.96, let alone the 2.73 that Bonferroni over 8 examined features would want. Only the raw cross-sectional IC (t=-2.63) is nominally significant; discretising it into a 6-a-side book and charging turnover costs gives most of that back. Sharpe 7.24 is an annualisation artefact of a 40-day window, not a property of the strategy."
  },
  "sample_requirement": {
    "observed_sd_pct": 0.2577,
    "observed_edge_pct": 0.049,
    "n_for_t196": 107,
    "days_to_n": 18
  },
  "verdict": "ACCUMULATING",
  "live_exposure_usdt": 0,
  "latest": null,
  "skipped": "already rebalanced at 2026-08-18T04:00:00.000Z",
  "errors": []
}
{
  "generated_at": "2026-08-18T14:32:37.148Z",
  "lane": "v7_positioning_paper",
  "signal": "top_ratio - retail_ratio, cross-sectional rank, dollar-neutral",
  "k": 6,
  "symbols": 24,
  "periods_booked": 3,
  "equity": 1.00076,
  "realised": {
    "total_net_pct": 0.076,
    "mean_net_pct": 0.049,
    "mean_gross_pct": 0.0568,
    "mean_cost_pct": 0.0078,
    "ann_pct": 74.1,
    "vol_pct": 12.1,
    "sharpe": 6.15,
    "t_stat": 0.33
  },
  "backtest_expectation": {
    "source": "banked v5 ledger, 24 symbols x 242 periods (40.5 days)",
    "ann_pct": 85.3,
    "vol_pct": 11.8,
    "t_stat": 1.77,
    "cross_sectional_ic": -0.0345,
    "cross_sectional_ic_t": -2.63,
    "caveat": "The BOOK's t is 1.77 — it does not reach 1.96, let alone the 2.73 that Bonferroni over 8 examined features would want. Only the raw cross-sectional IC (t=-2.63) is nominally significant; discretising it into a 6-a-side book and charging turnover costs gives most of that back. Sharpe 7.24 is an annualisation artefact of a 40-day window, not a property of the strategy."
  },
  "sample_requirement": {
    "observed_sd_pct": 0.2577,
    "observed_edge_pct": 0.049,
    "n_for_t196": 107,
    "days_to_n": 18
  },
  "verdict": "ACCUMULATING",
  "live_exposure_usdt": 0,
  "latest": null,
  "skipped": "already rebalanced at 2026-08-18T04:00:00.000Z",
  "errors": []
}
{
  "generated_at": "2026-08-18T15:32:40.535Z",
  "lane": "v7_positioning_paper",
  "signal": "top_ratio - retail_ratio, cross-sectional rank, dollar-neutral",
  "k": 6,
  "symbols": 24,
  "periods_booked": 3,
  "equity": 1.00076,
  "realised": {
    "total_net_pct": 0.076,
    "mean_net_pct": 0.049,
    "mean_gross_pct": 0.0568,
    "mean_cost_pct": 0.0078,
    "ann_pct": 74.1,
    "vol_pct": 12.1,
    "sharpe": 6.15,
    "t_stat": 0.33
  },
  "backtest_expectation": {
    "source": "banked v5 ledger, 24 symbols x 242 periods (40.5 days)",
    "ann_pct": 85.3,
    "vol_pct": 11.8,
    "t_stat": 1.77,
    "cross_sectional_ic": -0.0345,
    "cross_sectional_ic_t": -2.63,
    "caveat": "The BOOK's t is 1.77 — it does not reach 1.96, let alone the 2.73 that Bonferroni over 8 examined features would want. Only the raw cross-sectional IC (t=-2.63) is nominally significant; discretising it into a 6-a-side book and charging turnover costs gives most of that back. Sharpe 7.24 is an annualisation artefact of a 40-day window, not a property of the strategy."
  },
  "sample_requirement": {
    "observed_sd_pct": 0.2577,
    "observed_edge_pct": 0.049,
    "n_for_t196": 107,
    "days_to_n": 18
  },
  "verdict": "ACCUMULATING",
  "live_exposure_usdt": 0,
  "latest": null,
  "skipped": "already rebalanced at 2026-08-18T04:00:00.000Z",
  "errors": []
}
{
  "generated_at": "2026-08-18T16:32:43.910Z",
  "lane": "v7_positioning_paper",
  "signal": "top_ratio - retail_ratio, cross-sectional rank, dollar-neutral",
  "k": 6,
  "symbols": 24,
  "periods_booked": 3,
  "equity": 1.00076,
  "realised": {
    "total_net_pct": 0.076,
    "mean_net_pct": 0.049,
    "mean_gross_pct": 0.0568,
    "mean_cost_pct": 0.0078,
    "ann_pct": 74.1,
    "vol_pct": 12.1,
    "sharpe": 6.15,
    "t_stat": 0.33
  },
  "backtest_expectation": {
    "source": "banked v5 ledger, 24 symbols x 242 periods (40.5 days)",
    "ann_pct": 85.3,
    "vol_pct": 11.8,
    "t_stat": 1.77,
    "cross_sectional_ic": -0.0345,
    "cross_sectional_ic_t": -2.63,
    "caveat": "The BOOK's t is 1.77 — it does not reach 1.96, let alone the 2.73 that Bonferroni over 8 examined features would want. Only the raw cross-sectional IC (t=-2.63) is nominally significant; discretising it into a 6-a-side book and charging turnover costs gives most of that back. Sharpe 7.24 is an annualisation artefact of a 40-day window, not a property of the strategy."
  },
  "sample_requirement": {
    "observed_sd_pct": 0.2577,
    "observed_edge_pct": 0.049,
    "n_for_t196": 107,
    "days_to_n": 18
  },
  "verdict": "ACCUMULATING",
  "live_exposure_usdt": 0,
  "latest": null,
  "skipped": "already rebalanced at 2026-08-18T04:00:00.000Z",
  "errors": []
}
{
  "generated_at": "2026-08-18T17:32:47.222Z",
  "lane": "v7_positioning_paper",
  "signal": "top_ratio - retail_ratio, cross-sectional rank, dollar-neutral",
  "k": 6,
  "symbols": 24,
  "periods_booked": 3,
  "equity": 1.00076,
  "realised": {
    "total_net_pct": 0.076,
    "mean_net_pct": 0.049,
    "mean_gross_pct": 0.0568,
    "mean_cost_pct": 0.0078,
    "ann_pct": 74.1,
    "vol_pct": 12.1,
    "sharpe": 6.15,
    "t_stat": 0.33
  },
  "backtest_expectation": {
    "source": "banked v5 ledger, 24 symbols x 242 periods (40.5 days)",
    "ann_pct": 85.3,
    "vol_pct": 11.8,
    "t_stat": 1.77,
    "cross_sectional_ic": -0.0345,
    "cross_sectional_ic_t": -2.63,
    "caveat": "The BOOK's t is 1.77 — it does not reach 1.96, let alone the 2.73 that Bonferroni over 8 examined features would want. Only the raw cross-sectional IC (t=-2.63) is nominally significant; discretising it into a 6-a-side book and charging turnover costs gives most of that back. Sharpe 7.24 is an annualisation artefact of a 40-day window, not a property of the strategy."
  },
  "sample_requirement": {
    "observed_sd_pct": 0.2577,
    "observed_edge_pct": 0.049,
    "n_for_t196": 107,
    "days_to_n": 18
  },
  "verdict": "ACCUMULATING",
  "live_exposure_usdt": 0,
  "latest": null,
  "skipped": "already rebalanced at 2026-08-18T04:00:00.000Z",
  "errors": []
}
{
  "generated_at": "2026-08-18T18:32:50.632Z",
  "lane": "v7_positioning_paper",
  "signal": "top_ratio - retail_ratio, cross-sectional rank, dollar-neutral",
  "k": 6,
  "symbols": 24,
  "periods_booked": 3,
  "equity": 1.00076,
  "realised": {
    "total_net_pct": 0.076,
    "mean_net_pct": 0.049,
    "mean_gross_pct": 0.0568,
    "mean_cost_pct": 0.0078,
    "ann_pct": 74.1,
    "vol_pct": 12.1,
    "sharpe": 6.15,
    "t_stat": 0.33
  },
  "backtest_expectation": {
    "source": "banked v5 ledger, 24 symbols x 242 periods (40.5 days)",
    "ann_pct": 85.3,
    "vol_pct": 11.8,
    "t_stat": 1.77,
    "cross_sectional_ic": -0.0345,
    "cross_sectional_ic_t": -2.63,
    "caveat": "The BOOK's t is 1.77 — it does not reach 1.96, let alone the 2.73 that Bonferroni over 8 examined features would want. Only the raw cross-sectional IC (t=-2.63) is nominally significant; discretising it into a 6-a-side book and charging turnover costs gives most of that back. Sharpe 7.24 is an annualisation artefact of a 40-day window, not a property of the strategy."
  },
  "sample_requirement": {
    "observed_sd_pct": 0.2577,
    "observed_edge_pct": 0.049,
    "n_for_t196": 107,
    "days_to_n": 18
  },
  "verdict": "ACCUMULATING",
  "live_exposure_usdt": 0,
  "latest": null,
  "skipped": "already rebalanced at 2026-08-18T04:00:00.000Z",
  "errors": []
}
{
  "generated_at": "2026-08-18T19:32:54.101Z",
  "lane": "v7_positioning_paper",
  "signal": "top_ratio - retail_ratio, cross-sectional rank, dollar-neutral",
  "k": 6,
  "symbols": 24,
  "periods_booked": 3,
  "equity": 1.00076,
  "realised": {
    "total_net_pct": 0.076,
    "mean_net_pct": 0.049,
    "mean_gross_pct": 0.0568,
    "mean_cost_pct": 0.0078,
    "ann_pct": 74.1,
    "vol_pct": 12.1,
    "sharpe": 6.15,
    "t_stat": 0.33
  },
  "backtest_expectation": {
    "source": "banked v5 ledger, 24 symbols x 242 periods (40.5 days)",
    "ann_pct": 85.3,
    "vol_pct": 11.8,
    "t_stat": 1.77,
    "cross_sectional_ic": -0.0345,
    "cross_sectional_ic_t": -2.63,
    "caveat": "The BOOK's t is 1.77 — it does not reach 1.96, let alone the 2.73 that Bonferroni over 8 examined features would want. Only the raw cross-sectional IC (t=-2.63) is nominally significant; discretising it into a 6-a-side book and charging turnover costs gives most of that back. Sharpe 7.24 is an annualisation artefact of a 40-day window, not a property of the strategy."
  },
  "sample_requirement": {
    "observed_sd_pct": 0.2577,
    "observed_edge_pct": 0.049,
    "n_for_t196": 107,
    "days_to_n": 18
  },
  "verdict": "ACCUMULATING",
  "live_exposure_usdt": 0,
  "latest": null,
  "skipped": "already rebalanced at 2026-08-18T04:00:00.000Z",
  "errors": []
}
{
  "generated_at": "2026-08-18T20:32:57.448Z",
  "lane": "v7_positioning_paper",
  "signal": "top_ratio - retail_ratio, cross-sectional rank, dollar-neutral",
  "k": 6,
  "symbols": 24,
  "periods_booked": 3,
  "equity": 1.00076,
  "realised": {
    "total_net_pct": 0.076,
    "mean_net_pct": 0.049,
    "mean_gross_pct": 0.0568,
    "mean_cost_pct": 0.0078,
    "ann_pct": 74.1,
    "vol_pct": 12.1,
    "sharpe": 6.15,
    "t_stat": 0.33
  },
  "backtest_expectation": {
    "source": "banked v5 ledger, 24 symbols x 242 periods (40.5 days)",
    "ann_pct": 85.3,
    "vol_pct": 11.8,
    "t_stat": 1.77,
    "cross_sectional_ic": -0.0345,
    "cross_sectional_ic_t": -2.63,
    "caveat": "The BOOK's t is 1.77 — it does not reach 1.96, let alone the 2.73 that Bonferroni over 8 examined features would want. Only the raw cross-sectional IC (t=-2.63) is nominally significant; discretising it into a 6-a-side book and charging turnover costs gives most of that back. Sharpe 7.24 is an annualisation artefact of a 40-day window, not a property of the strategy."
  },
  "sample_requirement": {
    "observed_sd_pct": 0.2577,
    "observed_edge_pct": 0.049,
    "n_for_t196": 107,
    "days_to_n": 18
  },
  "verdict": "ACCUMULATING",
  "live_exposure_usdt": 0,
  "latest": null,
  "skipped": "already rebalanced at 2026-08-18T04:00:00.000Z",
  "errors": []
}
{
  "generated_at": "2026-08-18T21:33:01.059Z",
  "lane": "v7_positioning_paper",
  "signal": "top_ratio - retail_ratio, cross-sectional rank, dollar-neutral",
  "k": 6,
  "symbols": 24,
  "periods_booked": 3,
  "equity": 1.00076,
  "realised": {
    "total_net_pct": 0.076,
    "mean_net_pct": 0.049,
    "mean_gross_pct": 0.0568,
    "mean_cost_pct": 0.0078,
    "ann_pct": 74.1,
    "vol_pct": 12.1,
    "sharpe": 6.15,
    "t_stat": 0.33
  },
  "backtest_expectation": {
    "source": "banked v5 ledger, 24 symbols x 242 periods (40.5 days)",
    "ann_pct": 85.3,
    "vol_pct": 11.8,
    "t_stat": 1.77,
    "cross_sectional_ic": -0.0345,
    "cross_sectional_ic_t": -2.63,
    "caveat": "The BOOK's t is 1.77 — it does not reach 1.96, let alone the 2.73 that Bonferroni over 8 examined features would want. Only the raw cross-sectional IC (t=-2.63) is nominally significant; discretising it into a 6-a-side book and charging turnover costs gives most of that back. Sharpe 7.24 is an annualisation artefact of a 40-day window, not a property of the strategy."
  },
  "sample_requirement": {
    "observed_sd_pct": 0.2577,
    "observed_edge_pct": 0.049,
    "n_for_t196": 107,
    "days_to_n": 18
  },
  "verdict": "ACCUMULATING",
  "live_exposure_usdt": 0,
  "latest": null,
  "skipped": "already rebalanced at 2026-08-18T04:00:00.000Z",
  "errors": []
}
{
  "generated_at": "2026-08-18T22:33:04.363Z",
  "lane": "v7_positioning_paper",
  "signal": "top_ratio - retail_ratio, cross-sectional rank, dollar-neutral",
  "k": 6,
  "symbols": 24,
  "periods_booked": 4,
  "equity": 1.001251,
  "realised": {
    "total_net_pct": 0.1251,
    "mean_net_pct": 0.0491,
    "mean_gross_pct": 0.0549,
    "mean_cost_pct": 0.0059,
    "ann_pct": 98.3,
    "vol_pct": 10.4,
    "sharpe": 9.41,
    "t_stat": 0.44
  },
  "backtest_expectation": {
    "source": "banked v5 ledger, 24 symbols x 242 periods (40.5 days)",
    "ann_pct": 85.3,
    "vol_pct": 11.8,
    "t_stat": 1.77,
    "cross_sectional_ic": -0.0345,
    "cross_sectional_ic_t": -2.63,
    "caveat": "The BOOK's t is 1.77 — it does not reach 1.96, let alone the 2.73 that Bonferroni over 8 examined features would want. Only the raw cross-sectional IC (t=-2.63) is nominally significant; discretising it into a 6-a-side book and charging turnover costs gives most of that back. Sharpe 7.24 is an annualisation artefact of a 40-day window, not a property of the strategy."
  },
  "sample_requirement": {
    "observed_sd_pct": 0.2231,
    "observed_edge_pct": 0.0491,
    "n_for_t196": 80,
    "days_to_n": 13
  },
  "verdict": "ACCUMULATING",
  "live_exposure_usdt": 0,
  "latest": {
    "ts": "2026-08-18T16:00:00.000Z",
    "longs": [
      "XRPUSDT",
      "ETHUSDT",
      "BNBUSDT",
      "SOLUSDT",
      "SANDUSDT",
      "GALAUSDT"
    ],
    "shorts": [
      "NEARUSDT",
      "FILUSDT",
      "APTUSDT",
      "OPUSDT",
      "TIAUSDT",
      "INJUSDT"
    ],
    "net_pct": 0.0491
  },
  "skipped": null,
  "errors": []
}
{
  "generated_at": "2026-08-18T23:33:05.836Z",
  "lane": "v7_positioning_paper",
  "signal": "top_ratio - retail_ratio, cross-sectional rank, dollar-neutral",
  "k": 6,
  "symbols": 24,
  "periods_booked": 4,
  "equity": 1.001251,
  "realised": {
    "total_net_pct": 0.1251,
    "mean_net_pct": 0.0491,
    "mean_gross_pct": 0.0549,
    "mean_cost_pct": 0.0059,
    "ann_pct": 98.3,
    "vol_pct": 10.4,
    "sharpe": 9.41,
    "t_stat": 0.44
  },
  "backtest_expectation": {
    "source": "banked v5 ledger, 24 symbols x 242 periods (40.5 days)",
    "ann_pct": 85.3,
    "vol_pct": 11.8,
    "t_stat": 1.77,
    "cross_sectional_ic": -0.0345,
    "cross_sectional_ic_t": -2.63,
    "caveat": "The BOOK's t is 1.77 — it does not reach 1.96, let alone the 2.73 that Bonferroni over 8 examined features would want. Only the raw cross-sectional IC (t=-2.63) is nominally significant; discretising it into a 6-a-side book and charging turnover costs gives most of that back. Sharpe 7.24 is an annualisation artefact of a 40-day window, not a property of the strategy."
  },
  "sample_requirement": {
    "observed_sd_pct": 0.2231,
    "observed_edge_pct": 0.0491,
    "n_for_t196": 80,
    "days_to_n": 13
  },
  "verdict": "ACCUMULATING",
  "live_exposure_usdt": 0,
  "latest": null,
  "skipped": "already rebalanced at 2026-08-18T16:00:00.000Z",
  "errors": []
}
{
  "generated_at": "2026-08-19T00:33:11.253Z",
  "lane": "v7_positioning_paper",
  "signal": "top_ratio - retail_ratio, cross-sectional rank, dollar-neutral",
  "k": 6,
  "symbols": 24,
  "periods_booked": 4,
  "equity": 1.001251,
  "realised": {
    "total_net_pct": 0.1251,
    "mean_net_pct": 0.0491,
    "mean_gross_pct": 0.0549,
    "mean_cost_pct": 0.0059,
    "ann_pct": 98.3,
    "vol_pct": 10.4,
    "sharpe": 9.41,
    "t_stat": 0.44
  },
  "backtest_expectation": {
    "source": "banked v5 ledger, 24 symbols x 242 periods (40.5 days)",
    "ann_pct": 85.3,
    "vol_pct": 11.8,
    "t_stat": 1.77,
    "cross_sectional_ic": -0.0345,
    "cross_sectional_ic_t": -2.63,
    "caveat": "The BOOK's t is 1.77 — it does not reach 1.96, let alone the 2.73 that Bonferroni over 8 examined features would want. Only the raw cross-sectional IC (t=-2.63) is nominally significant; discretising it into a 6-a-side book and charging turnover costs gives most of that back. Sharpe 7.24 is an annualisation artefact of a 40-day window, not a property of the strategy."
  },
  "sample_requirement": {
    "observed_sd_pct": 0.2231,
    "observed_edge_pct": 0.0491,
    "n_for_t196": 80,
    "days_to_n": 13
  },
  "verdict": "ACCUMULATING",
  "live_exposure_usdt": 0,
  "latest": null,
  "skipped": "already rebalanced at 2026-08-18T16:00:00.000Z",
  "errors": []
}
{
  "generated_at": "2026-08-19T01:33:14.645Z",
  "lane": "v7_positioning_paper",
  "signal": "top_ratio - retail_ratio, cross-sectional rank, dollar-neutral",
  "k": 6,
  "symbols": 24,
  "periods_booked": 4,
  "equity": 1.001251,
  "realised": {
    "total_net_pct": 0.1251,
    "mean_net_pct": 0.0491,
    "mean_gross_pct": 0.0549,
    "mean_cost_pct": 0.0059,
    "ann_pct": 98.3,
    "vol_pct": 10.4,
    "sharpe": 9.41,
    "t_stat": 0.44
  },
  "backtest_expectation": {
    "source": "banked v5 ledger, 24 symbols x 242 periods (40.5 days)",
    "ann_pct": 85.3,
    "vol_pct": 11.8,
    "t_stat": 1.77,
    "cross_sectional_ic": -0.0345,
    "cross_sectional_ic_t": -2.63,
    "caveat": "The BOOK's t is 1.77 — it does not reach 1.96, let alone the 2.73 that Bonferroni over 8 examined features would want. Only the raw cross-sectional IC (t=-2.63) is nominally significant; discretising it into a 6-a-side book and charging turnover costs gives most of that back. Sharpe 7.24 is an annualisation artefact of a 40-day window, not a property of the strategy."
  },
  "sample_requirement": {
    "observed_sd_pct": 0.2231,
    "observed_edge_pct": 0.0491,
    "n_for_t196": 80,
    "days_to_n": 13
  },
  "verdict": "ACCUMULATING",
  "live_exposure_usdt": 0,
  "latest": null,
  "skipped": "already rebalanced at 2026-08-18T16:00:00.000Z",
  "errors": []
}
{
  "generated_at": "2026-08-19T02:33:18.068Z",
  "lane": "v7_positioning_paper",
  "signal": "top_ratio - retail_ratio, cross-sectional rank, dollar-neutral",
  "k": 6,
  "symbols": 24,
  "periods_booked": 4,
  "equity": 1.001251,
  "realised": {
    "total_net_pct": 0.1251,
    "mean_net_pct": 0.0491,
    "mean_gross_pct": 0.0549,
    "mean_cost_pct": 0.0059,
    "ann_pct": 98.3,
    "vol_pct": 10.4,
    "sharpe": 9.41,
    "t_stat": 0.44
  },
  "backtest_expectation": {
    "source": "banked v5 ledger, 24 symbols x 242 periods (40.5 days)",
    "ann_pct": 85.3,
    "vol_pct": 11.8,
    "t_stat": 1.77,
    "cross_sectional_ic": -0.0345,
    "cross_sectional_ic_t": -2.63,
    "caveat": "The BOOK's t is 1.77 — it does not reach 1.96, let alone the 2.73 that Bonferroni over 8 examined features would want. Only the raw cross-sectional IC (t=-2.63) is nominally significant; discretising it into a 6-a-side book and charging turnover costs gives most of that back. Sharpe 7.24 is an annualisation artefact of a 40-day window, not a property of the strategy."
  },
  "sample_requirement": {
    "observed_sd_pct": 0.2231,
    "observed_edge_pct": 0.0491,
    "n_for_t196": 80,
    "days_to_n": 13
  },
  "verdict": "ACCUMULATING",
  "live_exposure_usdt": 0,
  "latest": null,
  "skipped": "already rebalanced at 2026-08-18T16:00:00.000Z",
  "errors": []
}
{
  "generated_at": "2026-08-19T03:33:21.509Z",
  "lane": "v7_positioning_paper",
  "signal": "top_ratio - retail_ratio, cross-sectional rank, dollar-neutral",
  "k": 6,
  "symbols": 24,
  "periods_booked": 4,
  "equity": 1.001251,
  "realised": {
    "total_net_pct": 0.1251,
    "mean_net_pct": 0.0491,
    "mean_gross_pct": 0.0549,
    "mean_cost_pct": 0.0059,
    "ann_pct": 98.3,
    "vol_pct": 10.4,
    "sharpe": 9.41,
    "t_stat": 0.44
  },
  "backtest_expectation": {
    "source": "banked v5 ledger, 24 symbols x 242 periods (40.5 days)",
    "ann_pct": 85.3,
    "vol_pct": 11.8,
    "t_stat": 1.77,
    "cross_sectional_ic": -0.0345,
    "cross_sectional_ic_t": -2.63,
    "caveat": "The BOOK's t is 1.77 — it does not reach 1.96, let alone the 2.73 that Bonferroni over 8 examined features would want. Only the raw cross-sectional IC (t=-2.63) is nominally significant; discretising it into a 6-a-side book and charging turnover costs gives most of that back. Sharpe 7.24 is an annualisation artefact of a 40-day window, not a property of the strategy."
  },
  "sample_requirement": {
    "observed_sd_pct": 0.2231,
    "observed_edge_pct": 0.0491,
    "n_for_t196": 80,
    "days_to_n": 13
  },
  "verdict": "ACCUMULATING",
  "live_exposure_usdt": 0,
  "latest": null,
  "skipped": "already rebalanced at 2026-08-18T16:00:00.000Z",
  "errors": []
}
{
  "generated_at": "2026-08-19T04:33:25.002Z",
  "lane": "v7_positioning_paper",
  "signal": "top_ratio - retail_ratio, cross-sectional rank, dollar-neutral",
  "k": 6,
  "symbols": 24,
  "periods_booked": 4,
  "equity": 1.001251,
  "realised": {
    "total_net_pct": 0.1251,
    "mean_net_pct": 0.0491,
    "mean_gross_pct": 0.0549,
    "mean_cost_pct": 0.0059,
    "ann_pct": 98.3,
    "vol_pct": 10.4,
    "sharpe": 9.41,
    "t_stat": 0.44
  },
  "backtest_expectation": {
    "source": "banked v5 ledger, 24 symbols x 242 periods (40.5 days)",
    "ann_pct": 85.3,
    "vol_pct": 11.8,
    "t_stat": 1.77,
    "cross_sectional_ic": -0.0345,
    "cross_sectional_ic_t": -2.63,
    "caveat": "The BOOK's t is 1.77 — it does not reach 1.96, let alone the 2.73 that Bonferroni over 8 examined features would want. Only the raw cross-sectional IC (t=-2.63) is nominally significant; discretising it into a 6-a-side book and charging turnover costs gives most of that back. Sharpe 7.24 is an annualisation artefact of a 40-day window, not a property of the strategy."
  },
  "sample_requirement": {
    "observed_sd_pct": 0.2231,
    "observed_edge_pct": 0.0491,
    "n_for_t196": 80,
    "days_to_n": 13
  },
  "verdict": "ACCUMULATING",
  "live_exposure_usdt": 0,
  "latest": null,
  "skipped": "already rebalanced at 2026-08-18T16:00:00.000Z",
  "errors": []
}
{
  "generated_at": "2026-08-19T05:33:28.460Z",
  "lane": "v7_positioning_paper",
  "signal": "top_ratio - retail_ratio, cross-sectional rank, dollar-neutral",
  "k": 6,
  "symbols": 24,
  "periods_booked": 4,
  "equity": 1.001251,
  "realised": {
    "total_net_pct": 0.1251,
    "mean_net_pct": 0.0491,
    "mean_gross_pct": 0.0549,
    "mean_cost_pct": 0.0059,
    "ann_pct": 98.3,
    "vol_pct": 10.4,
    "sharpe": 9.41,
    "t_stat": 0.44
  },
  "backtest_expectation": {
    "source": "banked v5 ledger, 24 symbols x 242 periods (40.5 days)",
    "ann_pct": 85.3,
    "vol_pct": 11.8,
    "t_stat": 1.77,
    "cross_sectional_ic": -0.0345,
    "cross_sectional_ic_t": -2.63,
    "caveat": "The BOOK's t is 1.77 — it does not reach 1.96, let alone the 2.73 that Bonferroni over 8 examined features would want. Only the raw cross-sectional IC (t=-2.63) is nominally significant; discretising it into a 6-a-side book and charging turnover costs gives most of that back. Sharpe 7.24 is an annualisation artefact of a 40-day window, not a property of the strategy."
  },
  "sample_requirement": {
    "observed_sd_pct": 0.2231,
    "observed_edge_pct": 0.0491,
    "n_for_t196": 80,
    "days_to_n": 13
  },
  "verdict": "ACCUMULATING",
  "live_exposure_usdt": 0,
  "latest": null,
  "skipped": "already rebalanced at 2026-08-18T16:00:00.000Z",
  "errors": []
}
{
  "generated_at": "2026-08-19T06:33:31.904Z",
  "lane": "v7_positioning_paper",
  "signal": "top_ratio - retail_ratio, cross-sectional rank, dollar-neutral",
  "k": 6,
  "symbols": 24,
  "periods_booked": 4,
  "equity": 1.001251,
  "realised": {
    "total_net_pct": 0.1251,
    "mean_net_pct": 0.0491,
    "mean_gross_pct": 0.0549,
    "mean_cost_pct": 0.0059,
    "ann_pct": 98.3,
    "vol_pct": 10.4,
    "sharpe": 9.41,
    "t_stat": 0.44
  },
  "backtest_expectation": {
    "source": "banked v5 ledger, 24 symbols x 242 periods (40.5 days)",
    "ann_pct": 85.3,
    "vol_pct": 11.8,
    "t_stat": 1.77,
    "cross_sectional_ic": -0.0345,
    "cross_sectional_ic_t": -2.63,
    "caveat": "The BOOK's t is 1.77 — it does not reach 1.96, let alone the 2.73 that Bonferroni over 8 examined features would want. Only the raw cross-sectional IC (t=-2.63) is nominally significant; discretising it into a 6-a-side book and charging turnover costs gives most of that back. Sharpe 7.24 is an annualisation artefact of a 40-day window, not a property of the strategy."
  },
  "sample_requirement": {
    "observed_sd_pct": 0.2231,
    "observed_edge_pct": 0.0491,
    "n_for_t196": 80,
    "days_to_n": 13
  },
  "verdict": "ACCUMULATING",
  "live_exposure_usdt": 0,
  "latest": null,
  "skipped": "already rebalanced at 2026-08-18T16:00:00.000Z",
  "errors": []
}
{
  "generated_at": "2026-08-19T07:33:35.527Z",
  "lane": "v7_positioning_paper",
  "signal": "top_ratio - retail_ratio, cross-sectional rank, dollar-neutral",
  "k": 6,
  "symbols": 24,
  "periods_booked": 4,
  "equity": 1.001251,
  "realised": {
    "total_net_pct": 0.1251,
    "mean_net_pct": 0.0491,
    "mean_gross_pct": 0.0549,
    "mean_cost_pct": 0.0059,
    "ann_pct": 98.3,
    "vol_pct": 10.4,
    "sharpe": 9.41,
    "t_stat": 0.44
  },
  "backtest_expectation": {
    "source": "banked v5 ledger, 24 symbols x 242 periods (40.5 days)",
    "ann_pct": 85.3,
    "vol_pct": 11.8,
    "t_stat": 1.77,
    "cross_sectional_ic": -0.0345,
    "cross_sectional_ic_t": -2.63,
    "caveat": "The BOOK's t is 1.77 — it does not reach 1.96, let alone the 2.73 that Bonferroni over 8 examined features would want. Only the raw cross-sectional IC (t=-2.63) is nominally significant; discretising it into a 6-a-side book and charging turnover costs gives most of that back. Sharpe 7.24 is an annualisation artefact of a 40-day window, not a property of the strategy."
  },
  "sample_requirement": {
    "observed_sd_pct": 0.2231,
    "observed_edge_pct": 0.0491,
    "n_for_t196": 80,
    "days_to_n": 13
  },
  "verdict": "ACCUMULATING",
  "live_exposure_usdt": 0,
  "latest": null,
  "skipped": "already rebalanced at 2026-08-18T16:00:00.000Z",
  "errors": []
}
{
  "generated_at": "2026-08-19T08:33:38.941Z",
  "lane": "v7_positioning_paper",
  "signal": "top_ratio - retail_ratio, cross-sectional rank, dollar-neutral",
  "k": 6,
  "symbols": 24,
  "periods_booked": 4,
  "equity": 1.001251,
  "realised": {
    "total_net_pct": 0.1251,
    "mean_net_pct": 0.0491,
    "mean_gross_pct": 0.0549,
    "mean_cost_pct": 0.0059,
    "ann_pct": 98.3,
    "vol_pct": 10.4,
    "sharpe": 9.41,
    "t_stat": 0.44
  },
  "backtest_expectation": {
    "source": "banked v5 ledger, 24 symbols x 242 periods (40.5 days)",
    "ann_pct": 85.3,
    "vol_pct": 11.8,
    "t_stat": 1.77,
    "cross_sectional_ic": -0.0345,
    "cross_sectional_ic_t": -2.63,
    "caveat": "The BOOK's t is 1.77 — it does not reach 1.96, let alone the 2.73 that Bonferroni over 8 examined features would want. Only the raw cross-sectional IC (t=-2.63) is nominally significant; discretising it into a 6-a-side book and charging turnover costs gives most of that back. Sharpe 7.24 is an annualisation artefact of a 40-day window, not a property of the strategy."
  },
  "sample_requirement": {
    "observed_sd_pct": 0.2231,
    "observed_edge_pct": 0.0491,
    "n_for_t196": 80,
    "days_to_n": 13
  },
  "verdict": "ACCUMULATING",
  "live_exposure_usdt": 0,
  "latest": null,
  "skipped": "already rebalanced at 2026-08-18T16:00:00.000Z",
  "errors": []
}
{
  "generated_at": "2026-08-19T09:33:42.468Z",
  "lane": "v7_positioning_paper",
  "signal": "top_ratio - retail_ratio, cross-sectional rank, dollar-neutral",
  "k": 6,
  "symbols": 24,
  "periods_booked": 4,
  "equity": 1.001251,
  "realised": {
    "total_net_pct": 0.1251,
    "mean_net_pct": 0.0491,
    "mean_gross_pct": 0.0549,
    "mean_cost_pct": 0.0059,
    "ann_pct": 98.3,
    "vol_pct": 10.4,
    "sharpe": 9.41,
    "t_stat": 0.44
  },
  "backtest_expectation": {
    "source": "banked v5 ledger, 24 symbols x 242 periods (40.5 days)",
    "ann_pct": 85.3,
    "vol_pct": 11.8,
    "t_stat": 1.77,
    "cross_sectional_ic": -0.0345,
    "cross_sectional_ic_t": -2.63,
    "caveat": "The BOOK's t is 1.77 — it does not reach 1.96, let alone the 2.73 that Bonferroni over 8 examined features would want. Only the raw cross-sectional IC (t=-2.63) is nominally significant; discretising it into a 6-a-side book and charging turnover costs gives most of that back. Sharpe 7.24 is an annualisation artefact of a 40-day window, not a property of the strategy."
  },
  "sample_requirement": {
    "observed_sd_pct": 0.2231,
    "observed_edge_pct": 0.0491,
    "n_for_t196": 80,
    "days_to_n": 13
  },
  "verdict": "ACCUMULATING",
  "live_exposure_usdt": 0,
  "latest": null,
  "skipped": "already rebalanced at 2026-08-18T16:00:00.000Z",
  "errors": []
}
{
  "generated_at": "2026-08-19T10:33:46.053Z",
  "lane": "v7_positioning_paper",
  "signal": "top_ratio - retail_ratio, cross-sectional rank, dollar-neutral",
  "k": 6,
  "symbols": 24,
  "periods_booked": 5,
  "equity": 0.993405,
  "realised": {
    "total_net_pct": -0.6595,
    "mean_net_pct": -0.1175,
    "mean_gross_pct": -0.1128,
    "mean_cost_pct": 0.0047,
    "ann_pct": -94.5,
    "vol_pct": 18.2,
    "sharpe": -5.2,
    "t_stat": -0.68
  },
  "backtest_expectation": {
    "source": "banked v5 ledger, 24 symbols x 242 periods (40.5 days)",
    "ann_pct": 85.3,
    "vol_pct": 11.8,
    "t_stat": 1.77,
    "cross_sectional_ic": -0.0345,
    "cross_sectional_ic_t": -2.63,
    "caveat": "The BOOK's t is 1.77 — it does not reach 1.96, let alone the 2.73 that Bonferroni over 8 examined features would want. Only the raw cross-sectional IC (t=-2.63) is nominally significant; discretising it into a 6-a-side book and charging turnover costs gives most of that back. Sharpe 7.24 is an annualisation artefact of a 40-day window, not a property of the strategy."
  },
  "sample_requirement": {
    "observed_sd_pct": 0.3883,
    "observed_edge_pct": -0.1175,
    "n_for_t196": 42,
    "days_to_n": 7
  },
  "verdict": "ACCUMULATING",
  "live_exposure_usdt": 0,
  "latest": {
    "ts": "2026-08-19T04:00:00.000Z",
    "longs": [
      "XRPUSDT",
      "ETHUSDT",
      "BNBUSDT",
      "SANDUSDT",
      "SOLUSDT",
      "GALAUSDT"
    ],
    "shorts": [
      "TIAUSDT",
      "INJUSDT",
      "OPUSDT",
      "APTUSDT",
      "NEARUSDT",
      "FILUSDT"
    ],
    "net_pct": -0.7836
  },
  "skipped": null,
  "errors": []
}
{
  "generated_at": "2026-08-19T11:33:49.644Z",
  "lane": "v7_positioning_paper",
  "signal": "top_ratio - retail_ratio, cross-sectional rank, dollar-neutral",
  "k": 6,
  "symbols": 24,
  "periods_booked": 5,
  "equity": 0.993405,
  "realised": {
    "total_net_pct": -0.6595,
    "mean_net_pct": -0.1175,
    "mean_gross_pct": -0.1128,
    "mean_cost_pct": 0.0047,
    "ann_pct": -94.5,
    "vol_pct": 18.2,
    "sharpe": -5.2,
    "t_stat": -0.68
  },
  "backtest_expectation": {
    "source": "banked v5 ledger, 24 symbols x 242 periods (40.5 days)",
    "ann_pct": 85.3,
    "vol_pct": 11.8,
    "t_stat": 1.77,
    "cross_sectional_ic": -0.0345,
    "cross_sectional_ic_t": -2.63,
    "caveat": "The BOOK's t is 1.77 — it does not reach 1.96, let alone the 2.73 that Bonferroni over 8 examined features would want. Only the raw cross-sectional IC (t=-2.63) is nominally significant; discretising it into a 6-a-side book and charging turnover costs gives most of that back. Sharpe 7.24 is an annualisation artefact of a 40-day window, not a property of the strategy."
  },
  "sample_requirement": {
    "observed_sd_pct": 0.3883,
    "observed_edge_pct": -0.1175,
    "n_for_t196": 42,
    "days_to_n": 7
  },
  "verdict": "ACCUMULATING",
  "live_exposure_usdt": 0,
  "latest": null,
  "skipped": "already rebalanced at 2026-08-19T04:00:00.000Z",
  "errors": []
}
{
  "generated_at": "2026-08-19T12:33:53.123Z",
  "lane": "v7_positioning_paper",
  "signal": "top_ratio - retail_ratio, cross-sectional rank, dollar-neutral",
  "k": 6,
  "symbols": 24,
  "periods_booked": 5,
  "equity": 0.993405,
  "realised": {
    "total_net_pct": -0.6595,
    "mean_net_pct": -0.1175,
    "mean_gross_pct": -0.1128,
    "mean_cost_pct": 0.0047,
    "ann_pct": -94.5,
    "vol_pct": 18.2,
    "sharpe": -5.2,
    "t_stat": -0.68
  },
  "backtest_expectation": {
    "source": "banked v5 ledger, 24 symbols x 242 periods (40.5 days)",
    "ann_pct": 85.3,
    "vol_pct": 11.8,
    "t_stat": 1.77,
    "cross_sectional_ic": -0.0345,
    "cross_sectional_ic_t": -2.63,
    "caveat": "The BOOK's t is 1.77 — it does not reach 1.96, let alone the 2.73 that Bonferroni over 8 examined features would want. Only the raw cross-sectional IC (t=-2.63) is nominally significant; discretising it into a 6-a-side book and charging turnover costs gives most of that back. Sharpe 7.24 is an annualisation artefact of a 40-day window, not a property of the strategy."
  },
  "sample_requirement": {
    "observed_sd_pct": 0.3883,
    "observed_edge_pct": -0.1175,
    "n_for_t196": 42,
    "days_to_n": 7
  },
  "verdict": "ACCUMULATING",
  "live_exposure_usdt": 0,
  "latest": null,
  "skipped": "already rebalanced at 2026-08-19T04:00:00.000Z",
  "errors": []
}
{
  "generated_at": "2026-08-19T13:33:56.774Z",
  "lane": "v7_positioning_paper",
  "signal": "top_ratio - retail_ratio, cross-sectional rank, dollar-neutral",
  "k": 6,
  "symbols": 24,
  "periods_booked": 5,
  "equity": 0.993405,
  "realised": {
    "total_net_pct": -0.6595,
    "mean_net_pct": -0.1175,
    "mean_gross_pct": -0.1128,
    "mean_cost_pct": 0.0047,
    "ann_pct": -94.5,
    "vol_pct": 18.2,
    "sharpe": -5.2,
    "t_stat": -0.68
  },
  "backtest_expectation": {
    "source": "banked v5 ledger, 24 symbols x 242 periods (40.5 days)",
    "ann_pct": 85.3,
    "vol_pct": 11.8,
    "t_stat": 1.77,
    "cross_sectional_ic": -0.0345,
    "cross_sectional_ic_t": -2.63,
    "caveat": "The BOOK's t is 1.77 — it does not reach 1.96, let alone the 2.73 that Bonferroni over 8 examined features would want. Only the raw cross-sectional IC (t=-2.63) is nominally significant; discretising it into a 6-a-side book and charging turnover costs gives most of that back. Sharpe 7.24 is an annualisation artefact of a 40-day window, not a property of the strategy."
  },
  "sample_requirement": {
    "observed_sd_pct": 0.3883,
    "observed_edge_pct": -0.1175,
    "n_for_t196": 42,
    "days_to_n": 7
  },
  "verdict": "ACCUMULATING",
  "live_exposure_usdt": 0,
  "latest": null,
  "skipped": "already rebalanced at 2026-08-19T04:00:00.000Z",
  "errors": []
}
{
  "generated_at": "2026-08-19T14:34:00.177Z",
  "lane": "v7_positioning_paper",
  "signal": "top_ratio - retail_ratio, cross-sectional rank, dollar-neutral",
  "k": 6,
  "symbols": 24,
  "periods_booked": 5,
  "equity": 0.993405,
  "realised": {
    "total_net_pct": -0.6595,
    "mean_net_pct": -0.1175,
    "mean_gross_pct": -0.1128,
    "mean_cost_pct": 0.0047,
    "ann_pct": -94.5,
    "vol_pct": 18.2,
    "sharpe": -5.2,
    "t_stat": -0.68
  },
  "backtest_expectation": {
    "source": "banked v5 ledger, 24 symbols x 242 periods (40.5 days)",
    "ann_pct": 85.3,
    "vol_pct": 11.8,
    "t_stat": 1.77,
    "cross_sectional_ic": -0.0345,
    "cross_sectional_ic_t": -2.63,
    "caveat": "The BOOK's t is 1.77 — it does not reach 1.96, let alone the 2.73 that Bonferroni over 8 examined features would want. Only the raw cross-sectional IC (t=-2.63) is nominally significant; discretising it into a 6-a-side book and charging turnover costs gives most of that back. Sharpe 7.24 is an annualisation artefact of a 40-day window, not a property of the strategy."
  },
  "sample_requirement": {
    "observed_sd_pct": 0.3883,
    "observed_edge_pct": -0.1175,
    "n_for_t196": 42,
    "days_to_n": 7
  },
  "verdict": "ACCUMULATING",
  "live_exposure_usdt": 0,
  "latest": null,
  "skipped": "already rebalanced at 2026-08-19T04:00:00.000Z",
  "errors": []
}
{
  "generated_at": "2026-08-19T15:34:03.783Z",
  "lane": "v7_positioning_paper",
  "signal": "top_ratio - retail_ratio, cross-sectional rank, dollar-neutral",
  "k": 6,
  "symbols": 24,
  "periods_booked": 5,
  "equity": 0.993405,
  "realised": {
    "total_net_pct": -0.6595,
    "mean_net_pct": -0.1175,
    "mean_gross_pct": -0.1128,
    "mean_cost_pct": 0.0047,
    "ann_pct": -94.5,
    "vol_pct": 18.2,
    "sharpe": -5.2,
    "t_stat": -0.68
  },
  "backtest_expectation": {
    "source": "banked v5 ledger, 24 symbols x 242 periods (40.5 days)",
    "ann_pct": 85.3,
    "vol_pct": 11.8,
    "t_stat": 1.77,
    "cross_sectional_ic": -0.0345,
    "cross_sectional_ic_t": -2.63,
    "caveat": "The BOOK's t is 1.77 — it does not reach 1.96, let alone the 2.73 that Bonferroni over 8 examined features would want. Only the raw cross-sectional IC (t=-2.63) is nominally significant; discretising it into a 6-a-side book and charging turnover costs gives most of that back. Sharpe 7.24 is an annualisation artefact of a 40-day window, not a property of the strategy."
  },
  "sample_requirement": {
    "observed_sd_pct": 0.3883,
    "observed_edge_pct": -0.1175,
    "n_for_t196": 42,
    "days_to_n": 7
  },
  "verdict": "ACCUMULATING",
  "live_exposure_usdt": 0,
  "latest": null,
  "skipped": "already rebalanced at 2026-08-19T04:00:00.000Z",
  "errors": []
}
{
  "generated_at": "2026-08-19T16:34:07.380Z",
  "lane": "v7_positioning_paper",
  "signal": "top_ratio - retail_ratio, cross-sectional rank, dollar-neutral",
  "k": 6,
  "symbols": 24,
  "periods_booked": 5,
  "equity": 0.993405,
  "realised": {
    "total_net_pct": -0.6595,
    "mean_net_pct": -0.1175,
    "mean_gross_pct": -0.1128,
    "mean_cost_pct": 0.0047,
    "ann_pct": -94.5,
    "vol_pct": 18.2,
    "sharpe": -5.2,
    "t_stat": -0.68
  },
  "backtest_expectation": {
    "source": "banked v5 ledger, 24 symbols x 242 periods (40.5 days)",
    "ann_pct": 85.3,
    "vol_pct": 11.8,
    "t_stat": 1.77,
    "cross_sectional_ic": -0.0345,
    "cross_sectional_ic_t": -2.63,
    "caveat": "The BOOK's t is 1.77 — it does not reach 1.96, let alone the 2.73 that Bonferroni over 8 examined features would want. Only the raw cross-sectional IC (t=-2.63) is nominally significant; discretising it into a 6-a-side book and charging turnover costs gives most of that back. Sharpe 7.24 is an annualisation artefact of a 40-day window, not a property of the strategy."
  },
  "sample_requirement": {
    "observed_sd_pct": 0.3883,
    "observed_edge_pct": -0.1175,
    "n_for_t196": 42,
    "days_to_n": 7
  },
  "verdict": "ACCUMULATING",
  "live_exposure_usdt": 0,
  "latest": null,
  "skipped": "already rebalanced at 2026-08-19T04:00:00.000Z",
  "errors": []
}
{
  "generated_at": "2026-08-19T17:34:10.621Z",
  "lane": "v7_positioning_paper",
  "signal": "top_ratio - retail_ratio, cross-sectional rank, dollar-neutral",
  "k": 6,
  "symbols": 24,
  "periods_booked": 5,
  "equity": 0.993405,
  "realised": {
    "total_net_pct": -0.6595,
    "mean_net_pct": -0.1175,
    "mean_gross_pct": -0.1128,
    "mean_cost_pct": 0.0047,
    "ann_pct": -94.5,
    "vol_pct": 18.2,
    "sharpe": -5.2,
    "t_stat": -0.68
  },
  "backtest_expectation": {
    "source": "banked v5 ledger, 24 symbols x 242 periods (40.5 days)",
    "ann_pct": 85.3,
    "vol_pct": 11.8,
    "t_stat": 1.77,
    "cross_sectional_ic": -0.0345,
    "cross_sectional_ic_t": -2.63,
    "caveat": "The BOOK's t is 1.77 — it does not reach 1.96, let alone the 2.73 that Bonferroni over 8 examined features would want. Only the raw cross-sectional IC (t=-2.63) is nominally significant; discretising it into a 6-a-side book and charging turnover costs gives most of that back. Sharpe 7.24 is an annualisation artefact of a 40-day window, not a property of the strategy."
  },
  "sample_requirement": {
    "observed_sd_pct": 0.3883,
    "observed_edge_pct": -0.1175,
    "n_for_t196": 42,
    "days_to_n": 7
  },
  "verdict": "ACCUMULATING",
  "live_exposure_usdt": 0,
  "latest": null,
  "skipped": "already rebalanced at 2026-08-19T04:00:00.000Z",
  "errors": []
}
{
  "generated_at": "2026-08-19T18:34:14.076Z",
  "lane": "v7_positioning_paper",
  "signal": "top_ratio - retail_ratio, cross-sectional rank, dollar-neutral",
  "k": 6,
  "symbols": 24,
  "periods_booked": 5,
  "equity": 0.993405,
  "realised": {
    "total_net_pct": -0.6595,
    "mean_net_pct": -0.1175,
    "mean_gross_pct": -0.1128,
    "mean_cost_pct": 0.0047,
    "ann_pct": -94.5,
    "vol_pct": 18.2,
    "sharpe": -5.2,
    "t_stat": -0.68
  },
  "backtest_expectation": {
    "source": "banked v5 ledger, 24 symbols x 242 periods (40.5 days)",
    "ann_pct": 85.3,
    "vol_pct": 11.8,
    "t_stat": 1.77,
    "cross_sectional_ic": -0.0345,
    "cross_sectional_ic_t": -2.63,
    "caveat": "The BOOK's t is 1.77 — it does not reach 1.96, let alone the 2.73 that Bonferroni over 8 examined features would want. Only the raw cross-sectional IC (t=-2.63) is nominally significant; discretising it into a 6-a-side book and charging turnover costs gives most of that back. Sharpe 7.24 is an annualisation artefact of a 40-day window, not a property of the strategy."
  },
  "sample_requirement": {
    "observed_sd_pct": 0.3883,
    "observed_edge_pct": -0.1175,
    "n_for_t196": 42,
    "days_to_n": 7
  },
  "verdict": "ACCUMULATING",
  "live_exposure_usdt": 0,
  "latest": null,
  "skipped": "already rebalanced at 2026-08-19T04:00:00.000Z",
  "errors": []
}
{
  "generated_at": "2026-08-19T19:34:17.681Z",
  "lane": "v7_positioning_paper",
  "signal": "top_ratio - retail_ratio, cross-sectional rank, dollar-neutral",
  "k": 6,
  "symbols": 24,
  "periods_booked": 5,
  "equity": 0.993405,
  "realised": {
    "total_net_pct": -0.6595,
    "mean_net_pct": -0.1175,
    "mean_gross_pct": -0.1128,
    "mean_cost_pct": 0.0047,
    "ann_pct": -94.5,
    "vol_pct": 18.2,
    "sharpe": -5.2,
    "t_stat": -0.68
  },
  "backtest_expectation": {
    "source": "banked v5 ledger, 24 symbols x 242 periods (40.5 days)",
    "ann_pct": 85.3,
    "vol_pct": 11.8,
    "t_stat": 1.77,
    "cross_sectional_ic": -0.0345,
    "cross_sectional_ic_t": -2.63,
    "caveat": "The BOOK's t is 1.77 — it does not reach 1.96, let alone the 2.73 that Bonferroni over 8 examined features would want. Only the raw cross-sectional IC (t=-2.63) is nominally significant; discretising it into a 6-a-side book and charging turnover costs gives most of that back. Sharpe 7.24 is an annualisation artefact of a 40-day window, not a property of the strategy."
  },
  "sample_requirement": {
    "observed_sd_pct": 0.3883,
    "observed_edge_pct": -0.1175,
    "n_for_t196": 42,
    "days_to_n": 7
  },
  "verdict": "ACCUMULATING",
  "live_exposure_usdt": 0,
  "latest": null,
  "skipped": "already rebalanced at 2026-08-19T04:00:00.000Z",
  "errors": []
}
{
  "generated_at": "2026-08-19T20:34:21.008Z",
  "lane": "v7_positioning_paper",
  "signal": "top_ratio - retail_ratio, cross-sectional rank, dollar-neutral",
  "k": 6,
  "symbols": 24,
  "periods_booked": 5,
  "equity": 0.993405,
  "realised": {
    "total_net_pct": -0.6595,
    "mean_net_pct": -0.1175,
    "mean_gross_pct": -0.1128,
    "mean_cost_pct": 0.0047,
    "ann_pct": -94.5,
    "vol_pct": 18.2,
    "sharpe": -5.2,
    "t_stat": -0.68
  },
  "backtest_expectation": {
    "source": "banked v5 ledger, 24 symbols x 242 periods (40.5 days)",
    "ann_pct": 85.3,
    "vol_pct": 11.8,
    "t_stat": 1.77,
    "cross_sectional_ic": -0.0345,
    "cross_sectional_ic_t": -2.63,
    "caveat": "The BOOK's t is 1.77 — it does not reach 1.96, let alone the 2.73 that Bonferroni over 8 examined features would want. Only the raw cross-sectional IC (t=-2.63) is nominally significant; discretising it into a 6-a-side book and charging turnover costs gives most of that back. Sharpe 7.24 is an annualisation artefact of a 40-day window, not a property of the strategy."
  },
  "sample_requirement": {
    "observed_sd_pct": 0.3883,
    "observed_edge_pct": -0.1175,
    "n_for_t196": 42,
    "days_to_n": 7
  },
  "verdict": "ACCUMULATING",
  "live_exposure_usdt": 0,
  "latest": null,
  "skipped": "already rebalanced at 2026-08-19T04:00:00.000Z",
  "errors": []
}
{
  "generated_at": "2026-08-19T21:34:24.373Z",
  "lane": "v7_positioning_paper",
  "signal": "top_ratio - retail_ratio, cross-sectional rank, dollar-neutral",
  "k": 6,
  "symbols": 24,
  "periods_booked": 5,
  "equity": 0.993405,
  "realised": {
    "total_net_pct": -0.6595,
    "mean_net_pct": -0.1175,
    "mean_gross_pct": -0.1128,
    "mean_cost_pct": 0.0047,
    "ann_pct": -94.5,
    "vol_pct": 18.2,
    "sharpe": -5.2,
    "t_stat": -0.68
  },
  "backtest_expectation": {
    "source": "banked v5 ledger, 24 symbols x 242 periods (40.5 days)",
    "ann_pct": 85.3,
    "vol_pct": 11.8,
    "t_stat": 1.77,
    "cross_sectional_ic": -0.0345,
    "cross_sectional_ic_t": -2.63,
    "caveat": "The BOOK's t is 1.77 — it does not reach 1.96, let alone the 2.73 that Bonferroni over 8 examined features would want. Only the raw cross-sectional IC (t=-2.63) is nominally significant; discretising it into a 6-a-side book and charging turnover costs gives most of that back. Sharpe 7.24 is an annualisation artefact of a 40-day window, not a property of the strategy."
  },
  "sample_requirement": {
    "observed_sd_pct": 0.3883,
    "observed_edge_pct": -0.1175,
    "n_for_t196": 42,
    "days_to_n": 7
  },
  "verdict": "ACCUMULATING",
  "live_exposure_usdt": 0,
  "latest": null,
  "skipped": "already rebalanced at 2026-08-19T04:00:00.000Z",
  "errors": []
}
{
  "generated_at": "2026-08-19T22:34:27.845Z",
  "lane": "v7_positioning_paper",
  "signal": "top_ratio - retail_ratio, cross-sectional rank, dollar-neutral",
  "k": 6,
  "symbols": 24,
  "periods_booked": 6,
  "equity": 0.992352,
  "realised": {
    "total_net_pct": -0.7648,
    "mean_net_pct": -0.1156,
    "mean_gross_pct": -0.1078,
    "mean_cost_pct": 0.0078,
    "ann_pct": -93.9,
    "vol_pct": 16.6,
    "sharpe": -5.66,
    "t_stat": -0.8
  },
  "backtest_expectation": {
    "source": "banked v5 ledger, 24 symbols x 242 periods (40.5 days)",
    "ann_pct": 85.3,
    "vol_pct": 11.8,
    "t_stat": 1.77,
    "cross_sectional_ic": -0.0345,
    "cross_sectional_ic_t": -2.63,
    "caveat": "The BOOK's t is 1.77 — it does not reach 1.96, let alone the 2.73 that Bonferroni over 8 examined features would want. Only the raw cross-sectional IC (t=-2.63) is nominally significant; discretising it into a 6-a-side book and charging turnover costs gives most of that back. Sharpe 7.24 is an annualisation artefact of a 40-day window, not a property of the strategy."
  },
  "sample_requirement": {
    "observed_sd_pct": 0.3545,
    "observed_edge_pct": -0.1156,
    "n_for_t196": 37,
    "days_to_n": 6
  },
  "verdict": "ACCUMULATING",
  "live_exposure_usdt": 0,
  "latest": {
    "ts": "2026-08-19T16:00:00.000Z",
    "longs": [
      "ETHUSDT",
      "XRPUSDT",
      "BNBUSDT",
      "SANDUSDT",
      "GALAUSDT",
      "LINKUSDT"
    ],
    "shorts": [
      "SEIUSDT",
      "OPUSDT",
      "INJUSDT",
      "FILUSDT",
      "APTUSDT",
      "NEARUSDT"
    ],
    "net_pct": -0.106
  },
  "skipped": null,
  "errors": []
}
{
  "generated_at": "2026-08-19T23:34:31.191Z",
  "lane": "v7_positioning_paper",
  "signal": "top_ratio - retail_ratio, cross-sectional rank, dollar-neutral",
  "k": 6,
  "symbols": 24,
  "periods_booked": 6,
  "equity": 0.992352,
  "realised": {
    "total_net_pct": -0.7648,
    "mean_net_pct": -0.1156,
    "mean_gross_pct": -0.1078,
    "mean_cost_pct": 0.0078,
    "ann_pct": -93.9,
    "vol_pct": 16.6,
    "sharpe": -5.66,
    "t_stat": -0.8
  },
  "backtest_expectation": {
    "source": "banked v5 ledger, 24 symbols x 242 periods (40.5 days)",
    "ann_pct": 85.3,
    "vol_pct": 11.8,
    "t_stat": 1.77,
    "cross_sectional_ic": -0.0345,
    "cross_sectional_ic_t": -2.63,
    "caveat": "The BOOK's t is 1.77 — it does not reach 1.96, let alone the 2.73 that Bonferroni over 8 examined features would want. Only the raw cross-sectional IC (t=-2.63) is nominally significant; discretising it into a 6-a-side book and charging turnover costs gives most of that back. Sharpe 7.24 is an annualisation artefact of a 40-day window, not a property of the strategy."
  },
  "sample_requirement": {
    "observed_sd_pct": 0.3545,
    "observed_edge_pct": -0.1156,
    "n_for_t196": 37,
    "days_to_n": 6
  },
  "verdict": "ACCUMULATING",
  "live_exposure_usdt": 0,
  "latest": null,
  "skipped": "already rebalanced at 2026-08-19T16:00:00.000Z",
  "errors": []
}
{
  "generated_at": "2026-08-20T00:34:34.728Z",
  "lane": "v7_positioning_paper",
  "signal": "top_ratio - retail_ratio, cross-sectional rank, dollar-neutral",
  "k": 6,
  "symbols": 24,
  "periods_booked": 6,
  "equity": 0.992352,
  "realised": {
    "total_net_pct": -0.7648,
    "mean_net_pct": -0.1156,
    "mean_gross_pct": -0.1078,
    "mean_cost_pct": 0.0078,
    "ann_pct": -93.9,
    "vol_pct": 16.6,
    "sharpe": -5.66,
    "t_stat": -0.8
  },
  "backtest_expectation": {
    "source": "banked v5 ledger, 24 symbols x 242 periods (40.5 days)",
    "ann_pct": 85.3,
    "vol_pct": 11.8,
    "t_stat": 1.77,
    "cross_sectional_ic": -0.0345,
    "cross_sectional_ic_t": -2.63,
    "caveat": "The BOOK's t is 1.77 — it does not reach 1.96, let alone the 2.73 that Bonferroni over 8 examined features would want. Only the raw cross-sectional IC (t=-2.63) is nominally significant; discretising it into a 6-a-side book and charging turnover costs gives most of that back. Sharpe 7.24 is an annualisation artefact of a 40-day window, not a property of the strategy."
  },
  "sample_requirement": {
    "observed_sd_pct": 0.3545,
    "observed_edge_pct": -0.1156,
    "n_for_t196": 37,
    "days_to_n": 6
  },
  "verdict": "ACCUMULATING",
  "live_exposure_usdt": 0,
  "latest": null,
  "skipped": "already rebalanced at 2026-08-19T16:00:00.000Z",
  "errors": []
}
{
  "generated_at": "2026-08-20T01:34:38.191Z",
  "lane": "v7_positioning_paper",
  "signal": "top_ratio - retail_ratio, cross-sectional rank, dollar-neutral",
  "k": 6,
  "symbols": 24,
  "periods_booked": 6,
  "equity": 0.992352,
  "realised": {
    "total_net_pct": -0.7648,
    "mean_net_pct": -0.1156,
    "mean_gross_pct": -0.1078,
    "mean_cost_pct": 0.0078,
    "ann_pct": -93.9,
    "vol_pct": 16.6,
    "sharpe": -5.66,
    "t_stat": -0.8
  },
  "backtest_expectation": {
    "source": "banked v5 ledger, 24 symbols x 242 periods (40.5 days)",
    "ann_pct": 85.3,
    "vol_pct": 11.8,
    "t_stat": 1.77,
    "cross_sectional_ic": -0.0345,
    "cross_sectional_ic_t": -2.63,
    "caveat": "The BOOK's t is 1.77 — it does not reach 1.96, let alone the 2.73 that Bonferroni over 8 examined features would want. Only the raw cross-sectional IC (t=-2.63) is nominally significant; discretising it into a 6-a-side book and charging turnover costs gives most of that back. Sharpe 7.24 is an annualisation artefact of a 40-day window, not a property of the strategy."
  },
  "sample_requirement": {
    "observed_sd_pct": 0.3545,
    "observed_edge_pct": -0.1156,
    "n_for_t196": 37,
    "days_to_n": 6
  },
  "verdict": "ACCUMULATING",
  "live_exposure_usdt": 0,
  "latest": null,
  "skipped": "already rebalanced at 2026-08-19T16:00:00.000Z",
  "errors": []
}
{
  "generated_at": "2026-08-20T02:34:41.538Z",
  "lane": "v7_positioning_paper",
  "signal": "top_ratio - retail_ratio, cross-sectional rank, dollar-neutral",
  "k": 6,
  "symbols": 24,
  "periods_booked": 6,
  "equity": 0.992352,
  "realised": {
    "total_net_pct": -0.7648,
    "mean_net_pct": -0.1156,
    "mean_gross_pct": -0.1078,
    "mean_cost_pct": 0.0078,
    "ann_pct": -93.9,
    "vol_pct": 16.6,
    "sharpe": -5.66,
    "t_stat": -0.8
  },
  "backtest_expectation": {
    "source": "banked v5 ledger, 24 symbols x 242 periods (40.5 days)",
    "ann_pct": 85.3,
    "vol_pct": 11.8,
    "t_stat": 1.77,
    "cross_sectional_ic": -0.0345,
    "cross_sectional_ic_t": -2.63,
    "caveat": "The BOOK's t is 1.77 — it does not reach 1.96, let alone the 2.73 that Bonferroni over 8 examined features would want. Only the raw cross-sectional IC (t=-2.63) is nominally significant; discretising it into a 6-a-side book and charging turnover costs gives most of that back. Sharpe 7.24 is an annualisation artefact of a 40-day window, not a property of the strategy."
  },
  "sample_requirement": {
    "observed_sd_pct": 0.3545,
    "observed_edge_pct": -0.1156,
    "n_for_t196": 37,
    "days_to_n": 6
  },
  "verdict": "ACCUMULATING",
  "live_exposure_usdt": 0,
  "latest": null,
  "skipped": "already rebalanced at 2026-08-19T16:00:00.000Z",
  "errors": []
}
{
  "generated_at": "2026-08-20T03:34:45.050Z",
  "lane": "v7_positioning_paper",
  "signal": "top_ratio - retail_ratio, cross-sectional rank, dollar-neutral",
  "k": 6,
  "symbols": 24,
  "periods_booked": 6,
  "equity": 0.992352,
  "realised": {
    "total_net_pct": -0.7648,
    "mean_net_pct": -0.1156,
    "mean_gross_pct": -0.1078,
    "mean_cost_pct": 0.0078,
    "ann_pct": -93.9,
    "vol_pct": 16.6,
    "sharpe": -5.66,
    "t_stat": -0.8
  },
  "backtest_expectation": {
    "source": "banked v5 ledger, 24 symbols x 242 periods (40.5 days)",
    "ann_pct": 85.3,
    "vol_pct": 11.8,
    "t_stat": 1.77,
    "cross_sectional_ic": -0.0345,
    "cross_sectional_ic_t": -2.63,
    "caveat": "The BOOK's t is 1.77 — it does not reach 1.96, let alone the 2.73 that Bonferroni over 8 examined features would want. Only the raw cross-sectional IC (t=-2.63) is nominally significant; discretising it into a 6-a-side book and charging turnover costs gives most of that back. Sharpe 7.24 is an annualisation artefact of a 40-day window, not a property of the strategy."
  },
  "sample_requirement": {
    "observed_sd_pct": 0.3545,
    "observed_edge_pct": -0.1156,
    "n_for_t196": 37,
    "days_to_n": 6
  },
  "verdict": "ACCUMULATING",
  "live_exposure_usdt": 0,
  "latest": null,
  "skipped": "already rebalanced at 2026-08-19T16:00:00.000Z",
  "errors": []
}
{
  "generated_at": "2026-08-20T04:34:48.522Z",
  "lane": "v7_positioning_paper",
  "signal": "top_ratio - retail_ratio, cross-sectional rank, dollar-neutral",
  "k": 6,
  "symbols": 24,
  "periods_booked": 6,
  "equity": 0.992352,
  "realised": {
    "total_net_pct": -0.7648,
    "mean_net_pct": -0.1156,
    "mean_gross_pct": -0.1078,
    "mean_cost_pct": 0.0078,
    "ann_pct": -93.9,
    "vol_pct": 16.6,
    "sharpe": -5.66,
    "t_stat": -0.8
  },
  "backtest_expectation": {
    "source": "banked v5 ledger, 24 symbols x 242 periods (40.5 days)",
    "ann_pct": 85.3,
    "vol_pct": 11.8,
    "t_stat": 1.77,
    "cross_sectional_ic": -0.0345,
    "cross_sectional_ic_t": -2.63,
    "caveat": "The BOOK's t is 1.77 — it does not reach 1.96, let alone the 2.73 that Bonferroni over 8 examined features would want. Only the raw cross-sectional IC (t=-2.63) is nominally significant; discretising it into a 6-a-side book and charging turnover costs gives most of that back. Sharpe 7.24 is an annualisation artefact of a 40-day window, not a property of the strategy."
  },
  "sample_requirement": {
    "observed_sd_pct": 0.3545,
    "observed_edge_pct": -0.1156,
    "n_for_t196": 37,
    "days_to_n": 6
  },
  "verdict": "ACCUMULATING",
  "live_exposure_usdt": 0,
  "latest": null,
  "skipped": "already rebalanced at 2026-08-19T16:00:00.000Z",
  "errors": []
}
{
  "generated_at": "2026-08-20T05:34:51.893Z",
  "lane": "v7_positioning_paper",
  "signal": "top_ratio - retail_ratio, cross-sectional rank, dollar-neutral",
  "k": 6,
  "symbols": 24,
  "periods_booked": 6,
  "equity": 0.992352,
  "realised": {
    "total_net_pct": -0.7648,
    "mean_net_pct": -0.1156,
    "mean_gross_pct": -0.1078,
    "mean_cost_pct": 0.0078,
    "ann_pct": -93.9,
    "vol_pct": 16.6,
    "sharpe": -5.66,
    "t_stat": -0.8
  },
  "backtest_expectation": {
    "source": "banked v5 ledger, 24 symbols x 242 periods (40.5 days)",
    "ann_pct": 85.3,
    "vol_pct": 11.8,
    "t_stat": 1.77,
    "cross_sectional_ic": -0.0345,
    "cross_sectional_ic_t": -2.63,
    "caveat": "The BOOK's t is 1.77 — it does not reach 1.96, let alone the 2.73 that Bonferroni over 8 examined features would want. Only the raw cross-sectional IC (t=-2.63) is nominally significant; discretising it into a 6-a-side book and charging turnover costs gives most of that back. Sharpe 7.24 is an annualisation artefact of a 40-day window, not a property of the strategy."
  },
  "sample_requirement": {
    "observed_sd_pct": 0.3545,
    "observed_edge_pct": -0.1156,
    "n_for_t196": 37,
    "days_to_n": 6
  },
  "verdict": "ACCUMULATING",
  "live_exposure_usdt": 0,
  "latest": null,
  "skipped": "already rebalanced at 2026-08-19T16:00:00.000Z",
  "errors": []
}
{
  "generated_at": "2026-08-20T06:34:55.362Z",
  "lane": "v7_positioning_paper",
  "signal": "top_ratio - retail_ratio, cross-sectional rank, dollar-neutral",
  "k": 6,
  "symbols": 24,
  "periods_booked": 6,
  "equity": 0.992352,
  "realised": {
    "total_net_pct": -0.7648,
    "mean_net_pct": -0.1156,
    "mean_gross_pct": -0.1078,
    "mean_cost_pct": 0.0078,
    "ann_pct": -93.9,
    "vol_pct": 16.6,
    "sharpe": -5.66,
    "t_stat": -0.8
  },
  "backtest_expectation": {
    "source": "banked v5 ledger, 24 symbols x 242 periods (40.5 days)",
    "ann_pct": 85.3,
    "vol_pct": 11.8,
    "t_stat": 1.77,
    "cross_sectional_ic": -0.0345,
    "cross_sectional_ic_t": -2.63,
    "caveat": "The BOOK's t is 1.77 — it does not reach 1.96, let alone the 2.73 that Bonferroni over 8 examined features would want. Only the raw cross-sectional IC (t=-2.63) is nominally significant; discretising it into a 6-a-side book and charging turnover costs gives most of that back. Sharpe 7.24 is an annualisation artefact of a 40-day window, not a property of the strategy."
  },
  "sample_requirement": {
    "observed_sd_pct": 0.3545,
    "observed_edge_pct": -0.1156,
    "n_for_t196": 37,
    "days_to_n": 6
  },
  "verdict": "ACCUMULATING",
  "live_exposure_usdt": 0,
  "latest": null,
  "skipped": "already rebalanced at 2026-08-19T16:00:00.000Z",
  "errors": []
}
{
  "generated_at": "2026-08-20T07:34:58.747Z",
  "lane": "v7_positioning_paper",
  "signal": "top_ratio - retail_ratio, cross-sectional rank, dollar-neutral",
  "k": 6,
  "symbols": 24,
  "periods_booked": 6,
  "equity": 0.992352,
  "realised": {
    "total_net_pct": -0.7648,
    "mean_net_pct": -0.1156,
    "mean_gross_pct": -0.1078,
    "mean_cost_pct": 0.0078,
    "ann_pct": -93.9,
    "vol_pct": 16.6,
    "sharpe": -5.66,
    "t_stat": -0.8
  },
  "backtest_expectation": {
    "source": "banked v5 ledger, 24 symbols x 242 periods (40.5 days)",
    "ann_pct": 85.3,
    "vol_pct": 11.8,
    "t_stat": 1.77,
    "cross_sectional_ic": -0.0345,
    "cross_sectional_ic_t": -2.63,
    "caveat": "The BOOK's t is 1.77 — it does not reach 1.96, let alone the 2.73 that Bonferroni over 8 examined features would want. Only the raw cross-sectional IC (t=-2.63) is nominally significant; discretising it into a 6-a-side book and charging turnover costs gives most of that back. Sharpe 7.24 is an annualisation artefact of a 40-day window, not a property of the strategy."
  },
  "sample_requirement": {
    "observed_sd_pct": 0.3545,
    "observed_edge_pct": -0.1156,
    "n_for_t196": 37,
    "days_to_n": 6
  },
  "verdict": "ACCUMULATING",
  "live_exposure_usdt": 0,
  "latest": null,
  "skipped": "already rebalanced at 2026-08-19T16:00:00.000Z",
  "errors": []
}
{
  "generated_at": "2026-08-20T08:35:04.739Z",
  "lane": "v7_positioning_paper",
  "signal": "top_ratio - retail_ratio, cross-sectional rank, dollar-neutral",
  "k": 6,
  "symbols": 24,
  "periods_booked": 6,
  "equity": 0.992352,
  "realised": {
    "total_net_pct": -0.7648,
    "mean_net_pct": -0.1156,
    "mean_gross_pct": -0.1078,
    "mean_cost_pct": 0.0078,
    "ann_pct": -93.9,
    "vol_pct": 16.6,
    "sharpe": -5.66,
    "t_stat": -0.8
  },
  "backtest_expectation": {
    "source": "banked v5 ledger, 24 symbols x 242 periods (40.5 days)",
    "ann_pct": 85.3,
    "vol_pct": 11.8,
    "t_stat": 1.77,
    "cross_sectional_ic": -0.0345,
    "cross_sectional_ic_t": -2.63,
    "caveat": "The BOOK's t is 1.77 — it does not reach 1.96, let alone the 2.73 that Bonferroni over 8 examined features would want. Only the raw cross-sectional IC (t=-2.63) is nominally significant; discretising it into a 6-a-side book and charging turnover costs gives most of that back. Sharpe 7.24 is an annualisation artefact of a 40-day window, not a property of the strategy."
  },
  "sample_requirement": {
    "observed_sd_pct": 0.3545,
    "observed_edge_pct": -0.1156,
    "n_for_t196": 37,
    "days_to_n": 6
  },
  "verdict": "ACCUMULATING",
  "live_exposure_usdt": 0,
  "latest": null,
  "skipped": "already rebalanced at 2026-08-19T16:00:00.000Z",
  "errors": []
}
{
  "generated_at": "2026-08-20T09:35:09.961Z",
  "lane": "v7_positioning_paper",
  "signal": "top_ratio - retail_ratio, cross-sectional rank, dollar-neutral",
  "k": 6,
  "symbols": 24,
  "periods_booked": 6,
  "equity": 0.992352,
  "realised": {
    "total_net_pct": -0.7648,
    "mean_net_pct": -0.1156,
    "mean_gross_pct": -0.1078,
    "mean_cost_pct": 0.0078,
    "ann_pct": -93.9,
    "vol_pct": 16.6,
    "sharpe": -5.66,
    "t_stat": -0.8
  },
  "backtest_expectation": {
    "source": "banked v5 ledger, 24 symbols x 242 periods (40.5 days)",
    "ann_pct": 85.3,
    "vol_pct": 11.8,
    "t_stat": 1.77,
    "cross_sectional_ic": -0.0345,
    "cross_sectional_ic_t": -2.63,
    "caveat": "The BOOK's t is 1.77 — it does not reach 1.96, let alone the 2.73 that Bonferroni over 8 examined features would want. Only the raw cross-sectional IC (t=-2.63) is nominally significant; discretising it into a 6-a-side book and charging turnover costs gives most of that back. Sharpe 7.24 is an annualisation artefact of a 40-day window, not a property of the strategy."
  },
  "sample_requirement": {
    "observed_sd_pct": 0.3545,
    "observed_edge_pct": -0.1156,
    "n_for_t196": 37,
    "days_to_n": 6
  },
  "verdict": "ACCUMULATING",
  "live_exposure_usdt": 0,
  "latest": null,
  "skipped": "already rebalanced at 2026-08-19T16:00:00.000Z",
  "errors": []
}
{
  "generated_at": "2026-08-20T10:35:13.230Z",
  "lane": "v7_positioning_paper",
  "signal": "top_ratio - retail_ratio, cross-sectional rank, dollar-neutral",
  "k": 6,
  "symbols": 24,
  "periods_booked": 7,
  "equity": 0.998454,
  "realised": {
    "total_net_pct": -0.1546,
    "mean_net_pct": -0.0112,
    "mean_gross_pct": -0.0029,
    "mean_cost_pct": 0.0083,
    "ann_pct": -38.4,
    "vol_pct": 19.5,
    "sharpe": -1.97,
    "t_stat": -0.07
  },
  "backtest_expectation": {
    "source": "banked v5 ledger, 24 symbols x 242 periods (40.5 days)",
    "ann_pct": 85.3,
    "vol_pct": 11.8,
    "t_stat": 1.77,
    "cross_sectional_ic": -0.0345,
    "cross_sectional_ic_t": -2.63,
    "caveat": "The BOOK's t is 1.77 — it does not reach 1.96, let alone the 2.73 that Bonferroni over 8 examined features would want. Only the raw cross-sectional IC (t=-2.63) is nominally significant; discretising it into a 6-a-side book and charging turnover costs gives most of that back. Sharpe 7.24 is an annualisation artefact of a 40-day window, not a property of the strategy."
  },
  "sample_requirement": {
    "observed_sd_pct": 0.416,
    "observed_edge_pct": -0.0112,
    "n_for_t196": 5286,
    "days_to_n": 881
  },
  "verdict": "ACCUMULATING",
  "live_exposure_usdt": 0,
  "latest": {
    "ts": "2026-08-20T04:00:00.000Z",
    "longs": [
      "ETHUSDT",
      "XRPUSDT",
      "BNBUSDT",
      "SANDUSDT",
      "GALAUSDT",
      "AAVEUSDT"
    ],
    "shorts": [
      "OPUSDT",
      "SEIUSDT",
      "INJUSDT",
      "APTUSDT",
      "NEARUSDT",
      "FILUSDT"
    ],
    "net_pct": 0.6149
  },
  "skipped": null,
  "errors": []
}
{
  "generated_at": "2026-08-20T11:35:16.898Z",
  "lane": "v7_positioning_paper",
  "signal": "top_ratio - retail_ratio, cross-sectional rank, dollar-neutral",
  "k": 6,
  "symbols": 24,
  "periods_booked": 7,
  "equity": 0.998454,
  "realised": {
    "total_net_pct": -0.1546,
    "mean_net_pct": -0.0112,
    "mean_gross_pct": -0.0029,
    "mean_cost_pct": 0.0083,
    "ann_pct": -38.4,
    "vol_pct": 19.5,
    "sharpe": -1.97,
    "t_stat": -0.07
  },
  "backtest_expectation": {
    "source": "banked v5 ledger, 24 symbols x 242 periods (40.5 days)",
    "ann_pct": 85.3,
    "vol_pct": 11.8,
    "t_stat": 1.77,
    "cross_sectional_ic": -0.0345,
    "cross_sectional_ic_t": -2.63,
    "caveat": "The BOOK's t is 1.77 — it does not reach 1.96, let alone the 2.73 that Bonferroni over 8 examined features would want. Only the raw cross-sectional IC (t=-2.63) is nominally significant; discretising it into a 6-a-side book and charging turnover costs gives most of that back. Sharpe 7.24 is an annualisation artefact of a 40-day window, not a property of the strategy."
  },
  "sample_requirement": {
    "observed_sd_pct": 0.416,
    "observed_edge_pct": -0.0112,
    "n_for_t196": 5286,
    "days_to_n": 881
  },
  "verdict": "ACCUMULATING",
  "live_exposure_usdt": 0,
  "latest": null,
  "skipped": "already rebalanced at 2026-08-20T04:00:00.000Z",
  "errors": []
}
{
  "generated_at": "2026-08-20T12:35:22.083Z",
  "lane": "v7_positioning_paper",
  "signal": "top_ratio - retail_ratio, cross-sectional rank, dollar-neutral",
  "k": 6,
  "symbols": 24,
  "periods_booked": 7,
  "equity": 0.998454,
  "realised": {
    "total_net_pct": -0.1546,
    "mean_net_pct": -0.0112,
    "mean_gross_pct": -0.0029,
    "mean_cost_pct": 0.0083,
    "ann_pct": -38.4,
    "vol_pct": 19.5,
    "sharpe": -1.97,
    "t_stat": -0.07
  },
  "backtest_expectation": {
    "source": "banked v5 ledger, 24 symbols x 242 periods (40.5 days)",
    "ann_pct": 85.3,
    "vol_pct": 11.8,
    "t_stat": 1.77,
    "cross_sectional_ic": -0.0345,
    "cross_sectional_ic_t": -2.63,
    "caveat": "The BOOK's t is 1.77 — it does not reach 1.96, let alone the 2.73 that Bonferroni over 8 examined features would want. Only the raw cross-sectional IC (t=-2.63) is nominally significant; discretising it into a 6-a-side book and charging turnover costs gives most of that back. Sharpe 7.24 is an annualisation artefact of a 40-day window, not a property of the strategy."
  },
  "sample_requirement": {
    "observed_sd_pct": 0.416,
    "observed_edge_pct": -0.0112,
    "n_for_t196": 5286,
    "days_to_n": 881
  },
  "verdict": "ACCUMULATING",
  "live_exposure_usdt": 0,
  "latest": null,
  "skipped": "already rebalanced at 2026-08-20T04:00:00.000Z",
  "errors": []
}
{
  "generated_at": "2026-08-20T13:35:25.568Z",
  "lane": "v7_positioning_paper",
  "signal": "top_ratio - retail_ratio, cross-sectional rank, dollar-neutral",
  "k": 6,
  "symbols": 24,
  "periods_booked": 7,
  "equity": 0.998454,
  "realised": {
    "total_net_pct": -0.1546,
    "mean_net_pct": -0.0112,
    "mean_gross_pct": -0.0029,
    "mean_cost_pct": 0.0083,
    "ann_pct": -38.4,
    "vol_pct": 19.5,
    "sharpe": -1.97,
    "t_stat": -0.07
  },
  "backtest_expectation": {
    "source": "banked v5 ledger, 24 symbols x 242 periods (40.5 days)",
    "ann_pct": 85.3,
    "vol_pct": 11.8,
    "t_stat": 1.77,
    "cross_sectional_ic": -0.0345,
    "cross_sectional_ic_t": -2.63,
    "caveat": "The BOOK's t is 1.77 — it does not reach 1.96, let alone the 2.73 that Bonferroni over 8 examined features would want. Only the raw cross-sectional IC (t=-2.63) is nominally significant; discretising it into a 6-a-side book and charging turnover costs gives most of that back. Sharpe 7.24 is an annualisation artefact of a 40-day window, not a property of the strategy."
  },
  "sample_requirement": {
    "observed_sd_pct": 0.416,
    "observed_edge_pct": -0.0112,
    "n_for_t196": 5286,
    "days_to_n": 881
  },
  "verdict": "ACCUMULATING",
  "live_exposure_usdt": 0,
  "latest": null,
  "skipped": "already rebalanced at 2026-08-20T04:00:00.000Z",
  "errors": []
}
{
  "generated_at": "2026-08-20T14:35:29.134Z",
  "lane": "v7_positioning_paper",
  "signal": "top_ratio - retail_ratio, cross-sectional rank, dollar-neutral",
  "k": 6,
  "symbols": 24,
  "periods_booked": 7,
  "equity": 0.998454,
  "realised": {
    "total_net_pct": -0.1546,
    "mean_net_pct": -0.0112,
    "mean_gross_pct": -0.0029,
    "mean_cost_pct": 0.0083,
    "ann_pct": -38.4,
    "vol_pct": 19.5,
    "sharpe": -1.97,
    "t_stat": -0.07
  },
  "backtest_expectation": {
    "source": "banked v5 ledger, 24 symbols x 242 periods (40.5 days)",
    "ann_pct": 85.3,
    "vol_pct": 11.8,
    "t_stat": 1.77,
    "cross_sectional_ic": -0.0345,
    "cross_sectional_ic_t": -2.63,
    "caveat": "The BOOK's t is 1.77 — it does not reach 1.96, let alone the 2.73 that Bonferroni over 8 examined features would want. Only the raw cross-sectional IC (t=-2.63) is nominally significant; discretising it into a 6-a-side book and charging turnover costs gives most of that back. Sharpe 7.24 is an annualisation artefact of a 40-day window, not a property of the strategy."
  },
  "sample_requirement": {
    "observed_sd_pct": 0.416,
    "observed_edge_pct": -0.0112,
    "n_for_t196": 5286,
    "days_to_n": 881
  },
  "verdict": "ACCUMULATING",
  "live_exposure_usdt": 0,
  "latest": null,
  "skipped": "already rebalanced at 2026-08-20T04:00:00.000Z",
  "errors": []
}
{
  "generated_at": "2026-08-20T15:35:32.396Z",
  "lane": "v7_positioning_paper",
  "signal": "top_ratio - retail_ratio, cross-sectional rank, dollar-neutral",
  "k": 6,
  "symbols": 24,
  "periods_booked": 7,
  "equity": 0.998454,
  "realised": {
    "total_net_pct": -0.1546,
    "mean_net_pct": -0.0112,
    "mean_gross_pct": -0.0029,
    "mean_cost_pct": 0.0083,
    "ann_pct": -38.4,
    "vol_pct": 19.5,
    "sharpe": -1.97,
    "t_stat": -0.07
  },
  "backtest_expectation": {
    "source": "banked v5 ledger, 24 symbols x 242 periods (40.5 days)",
    "ann_pct": 85.3,
    "vol_pct": 11.8,
    "t_stat": 1.77,
    "cross_sectional_ic": -0.0345,
    "cross_sectional_ic_t": -2.63,
    "caveat": "The BOOK's t is 1.77 — it does not reach 1.96, let alone the 2.73 that Bonferroni over 8 examined features would want. Only the raw cross-sectional IC (t=-2.63) is nominally significant; discretising it into a 6-a-side book and charging turnover costs gives most of that back. Sharpe 7.24 is an annualisation artefact of a 40-day window, not a property of the strategy."
  },
  "sample_requirement": {
    "observed_sd_pct": 0.416,
    "observed_edge_pct": -0.0112,
    "n_for_t196": 5286,
    "days_to_n": 881
  },
  "verdict": "ACCUMULATING",
  "live_exposure_usdt": 0,
  "latest": null,
  "skipped": "already rebalanced at 2026-08-20T04:00:00.000Z",
  "errors": []
}
{
  "generated_at": "2026-08-20T16:35:36.145Z",
  "lane": "v7_positioning_paper",
  "signal": "top_ratio - retail_ratio, cross-sectional rank, dollar-neutral",
  "k": 6,
  "symbols": 24,
  "periods_booked": 7,
  "equity": 0.998454,
  "realised": {
    "total_net_pct": -0.1546,
    "mean_net_pct": -0.0112,
    "mean_gross_pct": -0.0029,
    "mean_cost_pct": 0.0083,
    "ann_pct": -38.4,
    "vol_pct": 19.5,
    "sharpe": -1.97,
    "t_stat": -0.07
  },
  "backtest_expectation": {
    "source": "banked v5 ledger, 24 symbols x 242 periods (40.5 days)",
    "ann_pct": 85.3,
    "vol_pct": 11.8,
    "t_stat": 1.77,
    "cross_sectional_ic": -0.0345,
    "cross_sectional_ic_t": -2.63,
    "caveat": "The BOOK's t is 1.77 — it does not reach 1.96, let alone the 2.73 that Bonferroni over 8 examined features would want. Only the raw cross-sectional IC (t=-2.63) is nominally significant; discretising it into a 6-a-side book and charging turnover costs gives most of that back. Sharpe 7.24 is an annualisation artefact of a 40-day window, not a property of the strategy."
  },
  "sample_requirement": {
    "observed_sd_pct": 0.416,
    "observed_edge_pct": -0.0112,
    "n_for_t196": 5286,
    "days_to_n": 881
  },
  "verdict": "ACCUMULATING",
  "live_exposure_usdt": 0,
  "latest": null,
  "skipped": "already rebalanced at 2026-08-20T04:00:00.000Z",
  "errors": []
}
{
  "generated_at": "2026-08-20T17:35:39.494Z",
  "lane": "v7_positioning_paper",
  "signal": "top_ratio - retail_ratio, cross-sectional rank, dollar-neutral",
  "k": 6,
  "symbols": 24,
  "periods_booked": 7,
  "equity": 0.998454,
  "realised": {
    "total_net_pct": -0.1546,
    "mean_net_pct": -0.0112,
    "mean_gross_pct": -0.0029,
    "mean_cost_pct": 0.0083,
    "ann_pct": -38.4,
    "vol_pct": 19.5,
    "sharpe": -1.97,
    "t_stat": -0.07
  },
  "backtest_expectation": {
    "source": "banked v5 ledger, 24 symbols x 242 periods (40.5 days)",
    "ann_pct": 85.3,
    "vol_pct": 11.8,
    "t_stat": 1.77,
    "cross_sectional_ic": -0.0345,
    "cross_sectional_ic_t": -2.63,
    "caveat": "The BOOK's t is 1.77 — it does not reach 1.96, let alone the 2.73 that Bonferroni over 8 examined features would want. Only the raw cross-sectional IC (t=-2.63) is nominally significant; discretising it into a 6-a-side book and charging turnover costs gives most of that back. Sharpe 7.24 is an annualisation artefact of a 40-day window, not a property of the strategy."
  },
  "sample_requirement": {
    "observed_sd_pct": 0.416,
    "observed_edge_pct": -0.0112,
    "n_for_t196": 5286,
    "days_to_n": 881
  },
  "verdict": "ACCUMULATING",
  "live_exposure_usdt": 0,
  "latest": null,
  "skipped": "already rebalanced at 2026-08-20T04:00:00.000Z",
  "errors": []
}
{
  "generated_at": "2026-08-20T18:35:43.097Z",
  "lane": "v7_positioning_paper",
  "signal": "top_ratio - retail_ratio, cross-sectional rank, dollar-neutral",
  "k": 6,
  "symbols": 24,
  "periods_booked": 7,
  "equity": 0.998454,
  "realised": {
    "total_net_pct": -0.1546,
    "mean_net_pct": -0.0112,
    "mean_gross_pct": -0.0029,
    "mean_cost_pct": 0.0083,
    "ann_pct": -38.4,
    "vol_pct": 19.5,
    "sharpe": -1.97,
    "t_stat": -0.07
  },
  "backtest_expectation": {
    "source": "banked v5 ledger, 24 symbols x 242 periods (40.5 days)",
    "ann_pct": 85.3,
    "vol_pct": 11.8,
    "t_stat": 1.77,
    "cross_sectional_ic": -0.0345,
    "cross_sectional_ic_t": -2.63,
    "caveat": "The BOOK's t is 1.77 — it does not reach 1.96, let alone the 2.73 that Bonferroni over 8 examined features would want. Only the raw cross-sectional IC (t=-2.63) is nominally significant; discretising it into a 6-a-side book and charging turnover costs gives most of that back. Sharpe 7.24 is an annualisation artefact of a 40-day window, not a property of the strategy."
  },
  "sample_requirement": {
    "observed_sd_pct": 0.416,
    "observed_edge_pct": -0.0112,
    "n_for_t196": 5286,
    "days_to_n": 881
  },
  "verdict": "ACCUMULATING",
  "live_exposure_usdt": 0,
  "latest": null,
  "skipped": "already rebalanced at 2026-08-20T04:00:00.000Z",
  "errors": []
}
{
  "generated_at": "2026-08-20T19:35:44.671Z",
  "lane": "v7_positioning_paper",
  "signal": "top_ratio - retail_ratio, cross-sectional rank, dollar-neutral",
  "k": 6,
  "symbols": 24,
  "periods_booked": 7,
  "equity": 0.998454,
  "realised": {
    "total_net_pct": -0.1546,
    "mean_net_pct": -0.0112,
    "mean_gross_pct": -0.0029,
    "mean_cost_pct": 0.0083,
    "ann_pct": -38.4,
    "vol_pct": 19.5,
    "sharpe": -1.97,
    "t_stat": -0.07
  },
  "backtest_expectation": {
    "source": "banked v5 ledger, 24 symbols x 242 periods (40.5 days)",
    "ann_pct": 85.3,
    "vol_pct": 11.8,
    "t_stat": 1.77,
    "cross_sectional_ic": -0.0345,
    "cross_sectional_ic_t": -2.63,
    "caveat": "The BOOK's t is 1.77 — it does not reach 1.96, let alone the 2.73 that Bonferroni over 8 examined features would want. Only the raw cross-sectional IC (t=-2.63) is nominally significant; discretising it into a 6-a-side book and charging turnover costs gives most of that back. Sharpe 7.24 is an annualisation artefact of a 40-day window, not a property of the strategy."
  },
  "sample_requirement": {
    "observed_sd_pct": 0.416,
    "observed_edge_pct": -0.0112,
    "n_for_t196": 5286,
    "days_to_n": 881
  },
  "verdict": "ACCUMULATING",
  "live_exposure_usdt": 0,
  "latest": null,
  "skipped": "already rebalanced at 2026-08-20T04:00:00.000Z",
  "errors": []
}
{
  "generated_at": "2026-08-20T20:35:50.049Z",
  "lane": "v7_positioning_paper",
  "signal": "top_ratio - retail_ratio, cross-sectional rank, dollar-neutral",
  "k": 6,
  "symbols": 24,
  "periods_booked": 7,
  "equity": 0.998454,
  "realised": {
    "total_net_pct": -0.1546,
    "mean_net_pct": -0.0112,
    "mean_gross_pct": -0.0029,
    "mean_cost_pct": 0.0083,
    "ann_pct": -38.4,
    "vol_pct": 19.5,
    "sharpe": -1.97,
    "t_stat": -0.07
  },
  "backtest_expectation": {
    "source": "banked v5 ledger, 24 symbols x 242 periods (40.5 days)",
    "ann_pct": 85.3,
    "vol_pct": 11.8,
    "t_stat": 1.77,
    "cross_sectional_ic": -0.0345,
    "cross_sectional_ic_t": -2.63,
    "caveat": "The BOOK's t is 1.77 — it does not reach 1.96, let alone the 2.73 that Bonferroni over 8 examined features would want. Only the raw cross-sectional IC (t=-2.63) is nominally significant; discretising it into a 6-a-side book and charging turnover costs gives most of that back. Sharpe 7.24 is an annualisation artefact of a 40-day window, not a property of the strategy."
  },
  "sample_requirement": {
    "observed_sd_pct": 0.416,
    "observed_edge_pct": -0.0112,
    "n_for_t196": 5286,
    "days_to_n": 881
  },
  "verdict": "ACCUMULATING",
  "live_exposure_usdt": 0,
  "latest": null,
  "skipped": "already rebalanced at 2026-08-20T04:00:00.000Z",
  "errors": []
}
{
  "generated_at": "2026-08-20T21:35:55.424Z",
  "lane": "v7_positioning_paper",
  "signal": "top_ratio - retail_ratio, cross-sectional rank, dollar-neutral",
  "k": 6,
  "symbols": 24,
  "periods_booked": 7,
  "equity": 0.998454,
  "realised": {
    "total_net_pct": -0.1546,
    "mean_net_pct": -0.0112,
    "mean_gross_pct": -0.0029,
    "mean_cost_pct": 0.0083,
    "ann_pct": -38.4,
    "vol_pct": 19.5,
    "sharpe": -1.97,
    "t_stat": -0.07
  },
  "backtest_expectation": {
    "source": "banked v5 ledger, 24 symbols x 242 periods (40.5 days)",
    "ann_pct": 85.3,
    "vol_pct": 11.8,
    "t_stat": 1.77,
    "cross_sectional_ic": -0.0345,
    "cross_sectional_ic_t": -2.63,
    "caveat": "The BOOK's t is 1.77 — it does not reach 1.96, let alone the 2.73 that Bonferroni over 8 examined features would want. Only the raw cross-sectional IC (t=-2.63) is nominally significant; discretising it into a 6-a-side book and charging turnover costs gives most of that back. Sharpe 7.24 is an annualisation artefact of a 40-day window, not a property of the strategy."
  },
  "sample_requirement": {
    "observed_sd_pct": 0.416,
    "observed_edge_pct": -0.0112,
    "n_for_t196": 5286,
    "days_to_n": 881
  },
  "verdict": "ACCUMULATING",
  "live_exposure_usdt": 0,
  "latest": null,
  "skipped": "already rebalanced at 2026-08-20T04:00:00.000Z",
  "errors": []
}
{
  "generated_at": "2026-08-20T22:35:58.950Z",
  "lane": "v7_positioning_paper",
  "signal": "top_ratio - retail_ratio, cross-sectional rank, dollar-neutral",
  "k": 6,
  "symbols": 24,
  "periods_booked": 8,
  "equity": 1.008056,
  "realised": {
    "total_net_pct": 0.8056,
    "mean_net_pct": 0.1104,
    "mean_gross_pct": 0.1235,
    "mean_cost_pct": 0.0131,
    "ann_pct": 799.3,
    "vol_pct": 23.6,
    "sharpe": 33.83,
    "t_stat": 0.62
  },
  "backtest_expectation": {
    "source": "banked v5 ledger, 24 symbols x 242 periods (40.5 days)",
    "ann_pct": 85.3,
    "vol_pct": 11.8,
    "t_stat": 1.77,
    "cross_sectional_ic": -0.0345,
    "cross_sectional_ic_t": -2.63,
    "caveat": "The BOOK's t is 1.77 — it does not reach 1.96, let alone the 2.73 that Bonferroni over 8 examined features would want. Only the raw cross-sectional IC (t=-2.63) is nominally significant; discretising it into a 6-a-side book and charging turnover costs gives most of that back. Sharpe 7.24 is an annualisation artefact of a 40-day window, not a property of the strategy."
  },
  "sample_requirement": {
    "observed_sd_pct": 0.5049,
    "observed_edge_pct": 0.1104,
    "n_for_t196": 81,
    "days_to_n": 14
  },
  "verdict": "ACCUMULATING",
  "live_exposure_usdt": 0,
  "latest": {
    "ts": "2026-08-20T16:00:00.000Z",
    "longs": [
      "XRPUSDT",
      "BNBUSDT",
      "ETHUSDT",
      "AVAXUSDT",
      "LTCUSDT",
      "AAVEUSDT"
    ],
    "shorts": [
      "ATOMUSDT",
      "BTCUSDT",
      "INJUSDT",
      "APTUSDT",
      "NEARUSDT",
      "FILUSDT"
    ],
    "net_pct": 0.9617
  },
  "skipped": null,
  "errors": []
}
{
  "generated_at": "2026-08-20T23:36:02.382Z",
  "lane": "v7_positioning_paper",
  "signal": "top_ratio - retail_ratio, cross-sectional rank, dollar-neutral",
  "k": 6,
  "symbols": 24,
  "periods_booked": 8,
  "equity": 1.008056,
  "realised": {
    "total_net_pct": 0.8056,
    "mean_net_pct": 0.1104,
    "mean_gross_pct": 0.1235,
    "mean_cost_pct": 0.0131,
    "ann_pct": 799.3,
    "vol_pct": 23.6,
    "sharpe": 33.83,
    "t_stat": 0.62
  },
  "backtest_expectation": {
    "source": "banked v5 ledger, 24 symbols x 242 periods (40.5 days)",
    "ann_pct": 85.3,
    "vol_pct": 11.8,
    "t_stat": 1.77,
    "cross_sectional_ic": -0.0345,
    "cross_sectional_ic_t": -2.63,
    "caveat": "The BOOK's t is 1.77 — it does not reach 1.96, let alone the 2.73 that Bonferroni over 8 examined features would want. Only the raw cross-sectional IC (t=-2.63) is nominally significant; discretising it into a 6-a-side book and charging turnover costs gives most of that back. Sharpe 7.24 is an annualisation artefact of a 40-day window, not a property of the strategy."
  },
  "sample_requirement": {
    "observed_sd_pct": 0.5049,
    "observed_edge_pct": 0.1104,
    "n_for_t196": 81,
    "days_to_n": 14
  },
  "verdict": "ACCUMULATING",
  "live_exposure_usdt": 0,
  "latest": null,
  "skipped": "already rebalanced at 2026-08-20T16:00:00.000Z",
  "errors": []
}
{
  "generated_at": "2026-08-21T00:36:05.787Z",
  "lane": "v7_positioning_paper",
  "signal": "top_ratio - retail_ratio, cross-sectional rank, dollar-neutral",
  "k": 6,
  "symbols": 24,
  "periods_booked": 8,
  "equity": 1.008056,
  "realised": {
    "total_net_pct": 0.8056,
    "mean_net_pct": 0.1104,
    "mean_gross_pct": 0.1235,
    "mean_cost_pct": 0.0131,
    "ann_pct": 799.3,
    "vol_pct": 23.6,
    "sharpe": 33.83,
    "t_stat": 0.62
  },
  "backtest_expectation": {
    "source": "banked v5 ledger, 24 symbols x 242 periods (40.5 days)",
    "ann_pct": 85.3,
    "vol_pct": 11.8,
    "t_stat": 1.77,
    "cross_sectional_ic": -0.0345,
    "cross_sectional_ic_t": -2.63,
    "caveat": "The BOOK's t is 1.77 — it does not reach 1.96, let alone the 2.73 that Bonferroni over 8 examined features would want. Only the raw cross-sectional IC (t=-2.63) is nominally significant; discretising it into a 6-a-side book and charging turnover costs gives most of that back. Sharpe 7.24 is an annualisation artefact of a 40-day window, not a property of the strategy."
  },
  "sample_requirement": {
    "observed_sd_pct": 0.5049,
    "observed_edge_pct": 0.1104,
    "n_for_t196": 81,
    "days_to_n": 14
  },
  "verdict": "ACCUMULATING",
  "live_exposure_usdt": 0,
  "latest": null,
  "skipped": "already rebalanced at 2026-08-20T16:00:00.000Z",
  "errors": []
}
{
  "generated_at": "2026-08-21T01:36:07.259Z",
  "lane": "v7_positioning_paper",
  "signal": "top_ratio - retail_ratio, cross-sectional rank, dollar-neutral",
  "k": 6,
  "symbols": 24,
  "periods_booked": 8,
  "equity": 1.008056,
  "realised": {
    "total_net_pct": 0.8056,
    "mean_net_pct": 0.1104,
    "mean_gross_pct": 0.1235,
    "mean_cost_pct": 0.0131,
    "ann_pct": 799.3,
    "vol_pct": 23.6,
    "sharpe": 33.83,
    "t_stat": 0.62
  },
  "backtest_expectation": {
    "source": "banked v5 ledger, 24 symbols x 242 periods (40.5 days)",
    "ann_pct": 85.3,
    "vol_pct": 11.8,
    "t_stat": 1.77,
    "cross_sectional_ic": -0.0345,
    "cross_sectional_ic_t": -2.63,
    "caveat": "The BOOK's t is 1.77 — it does not reach 1.96, let alone the 2.73 that Bonferroni over 8 examined features would want. Only the raw cross-sectional IC (t=-2.63) is nominally significant; discretising it into a 6-a-side book and charging turnover costs gives most of that back. Sharpe 7.24 is an annualisation artefact of a 40-day window, not a property of the strategy."
  },
  "sample_requirement": {
    "observed_sd_pct": 0.5049,
    "observed_edge_pct": 0.1104,
    "n_for_t196": 81,
    "days_to_n": 14
  },
  "verdict": "ACCUMULATING",
  "live_exposure_usdt": 0,
  "latest": null,
  "skipped": "already rebalanced at 2026-08-20T16:00:00.000Z",
  "errors": []
}
{
  "generated_at": "2026-08-21T02:36:12.680Z",
  "lane": "v7_positioning_paper",
  "signal": "top_ratio - retail_ratio, cross-sectional rank, dollar-neutral",
  "k": 6,
  "symbols": 24,
  "periods_booked": 8,
  "equity": 1.008056,
  "realised": {
    "total_net_pct": 0.8056,
    "mean_net_pct": 0.1104,
    "mean_gross_pct": 0.1235,
    "mean_cost_pct": 0.0131,
    "ann_pct": 799.3,
    "vol_pct": 23.6,
    "sharpe": 33.83,
    "t_stat": 0.62
  },
  "backtest_expectation": {
    "source": "banked v5 ledger, 24 symbols x 242 periods (40.5 days)",
    "ann_pct": 85.3,
    "vol_pct": 11.8,
    "t_stat": 1.77,
    "cross_sectional_ic": -0.0345,
    "cross_sectional_ic_t": -2.63,
    "caveat": "The BOOK's t is 1.77 — it does not reach 1.96, let alone the 2.73 that Bonferroni over 8 examined features would want. Only the raw cross-sectional IC (t=-2.63) is nominally significant; discretising it into a 6-a-side book and charging turnover costs gives most of that back. Sharpe 7.24 is an annualisation artefact of a 40-day window, not a property of the strategy."
  },
  "sample_requirement": {
    "observed_sd_pct": 0.5049,
    "observed_edge_pct": 0.1104,
    "n_for_t196": 81,
    "days_to_n": 14
  },
  "verdict": "ACCUMULATING",
  "live_exposure_usdt": 0,
  "latest": null,
  "skipped": "already rebalanced at 2026-08-20T16:00:00.000Z",
  "errors": []
}
{
  "generated_at": "2026-08-21T03:36:16.584Z",
  "lane": "v7_positioning_paper",
  "signal": "top_ratio - retail_ratio, cross-sectional rank, dollar-neutral",
  "k": 6,
  "symbols": 24,
  "periods_booked": 8,
  "equity": 1.008056,
  "realised": {
    "total_net_pct": 0.8056,
    "mean_net_pct": 0.1104,
    "mean_gross_pct": 0.1235,
    "mean_cost_pct": 0.0131,
    "ann_pct": 799.3,
    "vol_pct": 23.6,
    "sharpe": 33.83,
    "t_stat": 0.62
  },
  "backtest_expectation": {
    "source": "banked v5 ledger, 24 symbols x 242 periods (40.5 days)",
    "ann_pct": 85.3,
    "vol_pct": 11.8,
    "t_stat": 1.77,
    "cross_sectional_ic": -0.0345,
    "cross_sectional_ic_t": -2.63,
    "caveat": "The BOOK's t is 1.77 — it does not reach 1.96, let alone the 2.73 that Bonferroni over 8 examined features would want. Only the raw cross-sectional IC (t=-2.63) is nominally significant; discretising it into a 6-a-side book and charging turnover costs gives most of that back. Sharpe 7.24 is an annualisation artefact of a 40-day window, not a property of the strategy."
  },
  "sample_requirement": {
    "observed_sd_pct": 0.5049,
    "observed_edge_pct": 0.1104,
    "n_for_t196": 81,
    "days_to_n": 14
  },
  "verdict": "ACCUMULATING",
  "live_exposure_usdt": 0,
  "latest": null,
  "skipped": "already rebalanced at 2026-08-20T16:00:00.000Z",
  "errors": []
}
{
  "generated_at": "2026-08-21T04:36:19.834Z",
  "lane": "v7_positioning_paper",
  "signal": "top_ratio - retail_ratio, cross-sectional rank, dollar-neutral",
  "k": 6,
  "symbols": 24,
  "periods_booked": 8,
  "equity": 1.008056,
  "realised": {
    "total_net_pct": 0.8056,
    "mean_net_pct": 0.1104,
    "mean_gross_pct": 0.1235,
    "mean_cost_pct": 0.0131,
    "ann_pct": 799.3,
    "vol_pct": 23.6,
    "sharpe": 33.83,
    "t_stat": 0.62
  },
  "backtest_expectation": {
    "source": "banked v5 ledger, 24 symbols x 242 periods (40.5 days)",
    "ann_pct": 85.3,
    "vol_pct": 11.8,
    "t_stat": 1.77,
    "cross_sectional_ic": -0.0345,
    "cross_sectional_ic_t": -2.63,
    "caveat": "The BOOK's t is 1.77 — it does not reach 1.96, let alone the 2.73 that Bonferroni over 8 examined features would want. Only the raw cross-sectional IC (t=-2.63) is nominally significant; discretising it into a 6-a-side book and charging turnover costs gives most of that back. Sharpe 7.24 is an annualisation artefact of a 40-day window, not a property of the strategy."
  },
  "sample_requirement": {
    "observed_sd_pct": 0.5049,
    "observed_edge_pct": 0.1104,
    "n_for_t196": 81,
    "days_to_n": 14
  },
  "verdict": "ACCUMULATING",
  "live_exposure_usdt": 0,
  "latest": null,
  "skipped": "already rebalanced at 2026-08-20T16:00:00.000Z",
  "errors": []
}
{
  "generated_at": "2026-08-21T05:36:23.715Z",
  "lane": "v7_positioning_paper",
  "signal": "top_ratio - retail_ratio, cross-sectional rank, dollar-neutral",
  "k": 6,
  "symbols": 24,
  "periods_booked": 8,
  "equity": 1.008056,
  "realised": {
    "total_net_pct": 0.8056,
    "mean_net_pct": 0.1104,
    "mean_gross_pct": 0.1235,
    "mean_cost_pct": 0.0131,
    "ann_pct": 799.3,
    "vol_pct": 23.6,
    "sharpe": 33.83,
    "t_stat": 0.62
  },
  "backtest_expectation": {
    "source": "banked v5 ledger, 24 symbols x 242 periods (40.5 days)",
    "ann_pct": 85.3,
    "vol_pct": 11.8,
    "t_stat": 1.77,
    "cross_sectional_ic": -0.0345,
    "cross_sectional_ic_t": -2.63,
    "caveat": "The BOOK's t is 1.77 — it does not reach 1.96, let alone the 2.73 that Bonferroni over 8 examined features would want. Only the raw cross-sectional IC (t=-2.63) is nominally significant; discretising it into a 6-a-side book and charging turnover costs gives most of that back. Sharpe 7.24 is an annualisation artefact of a 40-day window, not a property of the strategy."
  },
  "sample_requirement": {
    "observed_sd_pct": 0.5049,
    "observed_edge_pct": 0.1104,
    "n_for_t196": 81,
    "days_to_n": 14
  },
  "verdict": "ACCUMULATING",
  "live_exposure_usdt": 0,
  "latest": null,
  "skipped": "already rebalanced at 2026-08-20T16:00:00.000Z",
  "errors": []
}
{
  "generated_at": "2026-08-21T06:36:27.747Z",
  "lane": "v7_positioning_paper",
  "signal": "top_ratio - retail_ratio, cross-sectional rank, dollar-neutral",
  "k": 6,
  "symbols": 24,
  "periods_booked": 8,
  "equity": 1.008056,
  "realised": {
    "total_net_pct": 0.8056,
    "mean_net_pct": 0.1104,
    "mean_gross_pct": 0.1235,
    "mean_cost_pct": 0.0131,
    "ann_pct": 799.3,
    "vol_pct": 23.6,
    "sharpe": 33.83,
    "t_stat": 0.62
  },
  "backtest_expectation": {
    "source": "banked v5 ledger, 24 symbols x 242 periods (40.5 days)",
    "ann_pct": 85.3,
    "vol_pct": 11.8,
    "t_stat": 1.77,
    "cross_sectional_ic": -0.0345,
    "cross_sectional_ic_t": -2.63,
    "caveat": "The BOOK's t is 1.77 — it does not reach 1.96, let alone the 2.73 that Bonferroni over 8 examined features would want. Only the raw cross-sectional IC (t=-2.63) is nominally significant; discretising it into a 6-a-side book and charging turnover costs gives most of that back. Sharpe 7.24 is an annualisation artefact of a 40-day window, not a property of the strategy."
  },
  "sample_requirement": {
    "observed_sd_pct": 0.5049,
    "observed_edge_pct": 0.1104,
    "n_for_t196": 81,
    "days_to_n": 14
  },
  "verdict": "ACCUMULATING",
  "live_exposure_usdt": 0,
  "latest": null,
  "skipped": "already rebalanced at 2026-08-20T16:00:00.000Z",
  "errors": []
}
{
  "generated_at": "2026-08-21T07:36:31.141Z",
  "lane": "v7_positioning_paper",
  "signal": "top_ratio - retail_ratio, cross-sectional rank, dollar-neutral",
  "k": 6,
  "symbols": 24,
  "periods_booked": 8,
  "equity": 1.008056,
  "realised": {
    "total_net_pct": 0.8056,
    "mean_net_pct": 0.1104,
    "mean_gross_pct": 0.1235,
    "mean_cost_pct": 0.0131,
    "ann_pct": 799.3,
    "vol_pct": 23.6,
    "sharpe": 33.83,
    "t_stat": 0.62
  },
  "backtest_expectation": {
    "source": "banked v5 ledger, 24 symbols x 242 periods (40.5 days)",
    "ann_pct": 85.3,
    "vol_pct": 11.8,
    "t_stat": 1.77,
    "cross_sectional_ic": -0.0345,
    "cross_sectional_ic_t": -2.63,
    "caveat": "The BOOK's t is 1.77 — it does not reach 1.96, let alone the 2.73 that Bonferroni over 8 examined features would want. Only the raw cross-sectional IC (t=-2.63) is nominally significant; discretising it into a 6-a-side book and charging turnover costs gives most of that back. Sharpe 7.24 is an annualisation artefact of a 40-day window, not a property of the strategy."
  },
  "sample_requirement": {
    "observed_sd_pct": 0.5049,
    "observed_edge_pct": 0.1104,
    "n_for_t196": 81,
    "days_to_n": 14
  },
  "verdict": "ACCUMULATING",
  "live_exposure_usdt": 0,
  "latest": null,
  "skipped": "already rebalanced at 2026-08-20T16:00:00.000Z",
  "errors": []
}
{
  "generated_at": "2026-08-21T08:36:34.856Z",
  "lane": "v7_positioning_paper",
  "signal": "top_ratio - retail_ratio, cross-sectional rank, dollar-neutral",
  "k": 6,
  "symbols": 24,
  "periods_booked": 8,
  "equity": 1.008056,
  "realised": {
    "total_net_pct": 0.8056,
    "mean_net_pct": 0.1104,
    "mean_gross_pct": 0.1235,
    "mean_cost_pct": 0.0131,
    "ann_pct": 799.3,
    "vol_pct": 23.6,
    "sharpe": 33.83,
    "t_stat": 0.62
  },
  "backtest_expectation": {
    "source": "banked v5 ledger, 24 symbols x 242 periods (40.5 days)",
    "ann_pct": 85.3,
    "vol_pct": 11.8,
    "t_stat": 1.77,
    "cross_sectional_ic": -0.0345,
    "cross_sectional_ic_t": -2.63,
    "caveat": "The BOOK's t is 1.77 — it does not reach 1.96, let alone the 2.73 that Bonferroni over 8 examined features would want. Only the raw cross-sectional IC (t=-2.63) is nominally significant; discretising it into a 6-a-side book and charging turnover costs gives most of that back. Sharpe 7.24 is an annualisation artefact of a 40-day window, not a property of the strategy."
  },
  "sample_requirement": {
    "observed_sd_pct": 0.5049,
    "observed_edge_pct": 0.1104,
    "n_for_t196": 81,
    "days_to_n": 14
  },
  "verdict": "ACCUMULATING",
  "live_exposure_usdt": 0,
  "latest": null,
  "skipped": "already rebalanced at 2026-08-20T16:00:00.000Z",
  "errors": []
}
{
  "generated_at": "2026-08-21T09:36:38.301Z",
  "lane": "v7_positioning_paper",
  "signal": "top_ratio - retail_ratio, cross-sectional rank, dollar-neutral",
  "k": 6,
  "symbols": 24,
  "periods_booked": 8,
  "equity": 1.008056,
  "realised": {
    "total_net_pct": 0.8056,
    "mean_net_pct": 0.1104,
    "mean_gross_pct": 0.1235,
    "mean_cost_pct": 0.0131,
    "ann_pct": 799.3,
    "vol_pct": 23.6,
    "sharpe": 33.83,
    "t_stat": 0.62
  },
  "backtest_expectation": {
    "source": "banked v5 ledger, 24 symbols x 242 periods (40.5 days)",
    "ann_pct": 85.3,
    "vol_pct": 11.8,
    "t_stat": 1.77,
    "cross_sectional_ic": -0.0345,
    "cross_sectional_ic_t": -2.63,
    "caveat": "The BOOK's t is 1.77 — it does not reach 1.96, let alone the 2.73 that Bonferroni over 8 examined features would want. Only the raw cross-sectional IC (t=-2.63) is nominally significant; discretising it into a 6-a-side book and charging turnover costs gives most of that back. Sharpe 7.24 is an annualisation artefact of a 40-day window, not a property of the strategy."
  },
  "sample_requirement": {
    "observed_sd_pct": 0.5049,
    "observed_edge_pct": 0.1104,
    "n_for_t196": 81,
    "days_to_n": 14
  },
  "verdict": "ACCUMULATING",
  "live_exposure_usdt": 0,
  "latest": null,
  "skipped": "already rebalanced at 2026-08-20T16:00:00.000Z",
  "errors": []
}
{
  "generated_at": "2026-08-21T10:36:42.253Z",
  "lane": "v7_positioning_paper",
  "signal": "top_ratio - retail_ratio, cross-sectional rank, dollar-neutral",
  "k": 6,
  "symbols": 24,
  "periods_booked": 9,
  "equity": 1.002138,
  "realised": {
    "total_net_pct": 0.2138,
    "mean_net_pct": 0.0329,
    "mean_gross_pct": 0.0471,
    "mean_cost_pct": 0.0143,
    "ann_pct": 68.2,
    "vol_pct": 24.5,
    "sharpe": 2.78,
    "t_stat": 0.19
  },
  "backtest_expectation": {
    "source": "banked v5 ledger, 24 symbols x 242 periods (40.5 days)",
    "ann_pct": 85.3,
    "vol_pct": 11.8,
    "t_stat": 1.77,
    "cross_sectional_ic": -0.0345,
    "cross_sectional_ic_t": -2.63,
    "caveat": "The BOOK's t is 1.77 — it does not reach 1.96, let alone the 2.73 that Bonferroni over 8 examined features would want. Only the raw cross-sectional IC (t=-2.63) is nominally significant; discretising it into a 6-a-side book and charging turnover costs gives most of that back. Sharpe 7.24 is an annualisation artefact of a 40-day window, not a property of the strategy."
  },
  "sample_requirement": {
    "observed_sd_pct": 0.5241,
    "observed_edge_pct": 0.0329,
    "n_for_t196": 975,
    "days_to_n": 163
  },
  "verdict": "ACCUMULATING",
  "live_exposure_usdt": 0,
  "latest": {
    "ts": "2026-08-21T04:00:00.000Z",
    "longs": [
      "BNBUSDT",
      "XRPUSDT",
      "ETHUSDT",
      "AVAXUSDT",
      "SUIUSDT",
      "LTCUSDT"
    ],
    "shorts": [
      "TIAUSDT",
      "BTCUSDT",
      "INJUSDT",
      "APTUSDT",
      "NEARUSDT",
      "FILUSDT"
    ],
    "net_pct": -0.587
  },
  "skipped": null,
  "errors": []
}
{
  "generated_at": "2026-08-21T11:36:45.772Z",
  "lane": "v7_positioning_paper",
  "signal": "top_ratio - retail_ratio, cross-sectional rank, dollar-neutral",
  "k": 6,
  "symbols": 24,
  "periods_booked": 27,
  "equity": 1.00416,
  "realised": {
    "total_net_pct": 0.416,
    "mean_net_pct": 0.0189,
    "mean_gross_pct": 0.0271,
    "mean_cost_pct": 0.0082,
    "ann_pct": 40,
    "vol_pct": 20,
    "sharpe": 2,
    "t_stat": 0.23
  },
  "backtest_expectation": {
    "source": "banked v5 ledger, 24 symbols x 242 periods (40.5 days)",
    "ann_pct": 85.3,
    "vol_pct": 11.8,
    "t_stat": 1.77,
    "cross_sectional_ic": -0.0345,
    "cross_sectional_ic_t": -2.63,
    "caveat": "The BOOK's t is 1.77 — it does not reach 1.96, let alone the 2.73 that Bonferroni over 8 examined features would want. Only the raw cross-sectional IC (t=-2.63) is nominally significant; discretising it into a 6-a-side book and charging turnover costs gives most of that back. Sharpe 7.24 is an annualisation artefact of a 40-day window, not a property of the strategy."
  },
  "sample_requirement": {
    "observed_sd_pct": 0.4276,
    "observed_edge_pct": 0.0189,
    "n_for_t196": 1969,
    "days_to_n": 328
  },
  "verdict": "ACCUMULATING",
  "live_exposure_usdt": 0,
  "latest": null,
  "rebalanced_this_cycle": 0,
  "skipped": "no unbooked closed periods (latest booked 2026-08-21T04:00:00.000Z)",
  "errors": []
}
{
  "generated_at": "2026-08-21T12:36:49.295Z",
  "lane": "v7_positioning_paper",
  "signal": "top_ratio - retail_ratio, cross-sectional rank, dollar-neutral",
  "k": 6,
  "symbols": 24,
  "periods_booked": 27,
  "equity": 1.00416,
  "realised": {
    "total_net_pct": 0.416,
    "mean_net_pct": 0.0189,
    "mean_gross_pct": 0.0271,
    "mean_cost_pct": 0.0082,
    "ann_pct": 40,
    "vol_pct": 20,
    "sharpe": 2,
    "t_stat": 0.23
  },
  "backtest_expectation": {
    "source": "banked v5 ledger, 24 symbols x 242 periods (40.5 days)",
    "ann_pct": 85.3,
    "vol_pct": 11.8,
    "t_stat": 1.77,
    "cross_sectional_ic": -0.0345,
    "cross_sectional_ic_t": -2.63,
    "caveat": "The BOOK's t is 1.77 — it does not reach 1.96, let alone the 2.73 that Bonferroni over 8 examined features would want. Only the raw cross-sectional IC (t=-2.63) is nominally significant; discretising it into a 6-a-side book and charging turnover costs gives most of that back. Sharpe 7.24 is an annualisation artefact of a 40-day window, not a property of the strategy."
  },
  "sample_requirement": {
    "observed_sd_pct": 0.4276,
    "observed_edge_pct": 0.0189,
    "n_for_t196": 1969,
    "days_to_n": 328
  },
  "verdict": "ACCUMULATING",
  "live_exposure_usdt": 0,
  "latest": null,
  "rebalanced_this_cycle": 0,
  "skipped": "no unbooked closed periods (latest booked 2026-08-21T04:00:00.000Z)",
  "errors": []
}
{
  "generated_at": "2026-08-21T13:36:52.707Z",
  "lane": "v7_positioning_paper",
  "signal": "top_ratio - retail_ratio, cross-sectional rank, dollar-neutral",
  "k": 6,
  "symbols": 24,
  "periods_booked": 27,
  "equity": 1.00416,
  "realised": {
    "total_net_pct": 0.416,
    "mean_net_pct": 0.0189,
    "mean_gross_pct": 0.0271,
    "mean_cost_pct": 0.0082,
    "ann_pct": 40,
    "vol_pct": 20,
    "sharpe": 2,
    "t_stat": 0.23
  },
  "backtest_expectation": {
    "source": "banked v5 ledger, 24 symbols x 242 periods (40.5 days)",
    "ann_pct": 85.3,
    "vol_pct": 11.8,
    "t_stat": 1.77,
    "cross_sectional_ic": -0.0345,
    "cross_sectional_ic_t": -2.63,
    "caveat": "The BOOK's t is 1.77 — it does not reach 1.96, let alone the 2.73 that Bonferroni over 8 examined features would want. Only the raw cross-sectional IC (t=-2.63) is nominally significant; discretising it into a 6-a-side book and charging turnover costs gives most of that back. Sharpe 7.24 is an annualisation artefact of a 40-day window, not a property of the strategy."
  },
  "sample_requirement": {
    "observed_sd_pct": 0.4276,
    "observed_edge_pct": 0.0189,
    "n_for_t196": 1969,
    "days_to_n": 328
  },
  "verdict": "ACCUMULATING",
  "live_exposure_usdt": 0,
  "latest": null,
  "rebalanced_this_cycle": 0,
  "skipped": "no unbooked closed periods (latest booked 2026-08-21T04:00:00.000Z)",
  "errors": []
}
{
  "generated_at": "2026-08-21T14:36:56.199Z",
  "lane": "v7_positioning_paper",
  "signal": "top_ratio - retail_ratio, cross-sectional rank, dollar-neutral",
  "k": 6,
  "symbols": 24,
  "periods_booked": 27,
  "equity": 1.00416,
  "realised": {
    "total_net_pct": 0.416,
    "mean_net_pct": 0.0189,
    "mean_gross_pct": 0.0271,
    "mean_cost_pct": 0.0082,
    "ann_pct": 40,
    "vol_pct": 20,
    "sharpe": 2,
    "t_stat": 0.23
  },
  "backtest_expectation": {
    "source": "banked v5 ledger, 24 symbols x 242 periods (40.5 days)",
    "ann_pct": 85.3,
    "vol_pct": 11.8,
    "t_stat": 1.77,
    "cross_sectional_ic": -0.0345,
    "cross_sectional_ic_t": -2.63,
    "caveat": "The BOOK's t is 1.77 — it does not reach 1.96, let alone the 2.73 that Bonferroni over 8 examined features would want. Only the raw cross-sectional IC (t=-2.63) is nominally significant; discretising it into a 6-a-side book and charging turnover costs gives most of that back. Sharpe 7.24 is an annualisation artefact of a 40-day window, not a property of the strategy."
  },
  "sample_requirement": {
    "observed_sd_pct": 0.4276,
    "observed_edge_pct": 0.0189,
    "n_for_t196": 1969,
    "days_to_n": 328
  },
  "verdict": "ACCUMULATING",
  "live_exposure_usdt": 0,
  "latest": null,
  "rebalanced_this_cycle": 0,
  "skipped": "no unbooked closed periods (latest booked 2026-08-21T04:00:00.000Z)",
  "errors": []
}
{
  "generated_at": "2026-08-21T15:36:59.739Z",
  "lane": "v7_positioning_paper",
  "signal": "top_ratio - retail_ratio, cross-sectional rank, dollar-neutral",
  "k": 6,
  "symbols": 24,
  "periods_booked": 27,
  "equity": 1.00416,
  "realised": {
    "total_net_pct": 0.416,
    "mean_net_pct": 0.0189,
    "mean_gross_pct": 0.0271,
    "mean_cost_pct": 0.0082,
    "ann_pct": 40,
    "vol_pct": 20,
    "sharpe": 2,
    "t_stat": 0.23
  },
  "backtest_expectation": {
    "source": "banked v5 ledger, 24 symbols x 242 periods (40.5 days)",
    "ann_pct": 85.3,
    "vol_pct": 11.8,
    "t_stat": 1.77,
    "cross_sectional_ic": -0.0345,
    "cross_sectional_ic_t": -2.63,
    "caveat": "The BOOK's t is 1.77 — it does not reach 1.96, let alone the 2.73 that Bonferroni over 8 examined features would want. Only the raw cross-sectional IC (t=-2.63) is nominally significant; discretising it into a 6-a-side book and charging turnover costs gives most of that back. Sharpe 7.24 is an annualisation artefact of a 40-day window, not a property of the strategy."
  },
  "sample_requirement": {
    "observed_sd_pct": 0.4276,
    "observed_edge_pct": 0.0189,
    "n_for_t196": 1969,
    "days_to_n": 328
  },
  "verdict": "ACCUMULATING",
  "live_exposure_usdt": 0,
  "latest": null,
  "rebalanced_this_cycle": 0,
  "skipped": "no unbooked closed periods (latest booked 2026-08-21T04:00:00.000Z)",
  "errors": []
}
{
  "generated_at": "2026-08-21T16:37:03.197Z",
  "lane": "v7_positioning_paper",
  "signal": "top_ratio - retail_ratio, cross-sectional rank, dollar-neutral",
  "k": 6,
  "symbols": 24,
  "periods_booked": 27,
  "equity": 1.00416,
  "realised": {
    "total_net_pct": 0.416,
    "mean_net_pct": 0.0189,
    "mean_gross_pct": 0.0271,
    "mean_cost_pct": 0.0082,
    "ann_pct": 40,
    "vol_pct": 20,
    "sharpe": 2,
    "t_stat": 0.23
  },
  "backtest_expectation": {
    "source": "banked v5 ledger, 24 symbols x 242 periods (40.5 days)",
    "ann_pct": 85.3,
    "vol_pct": 11.8,
    "t_stat": 1.77,
    "cross_sectional_ic": -0.0345,
    "cross_sectional_ic_t": -2.63,
    "caveat": "The BOOK's t is 1.77 — it does not reach 1.96, let alone the 2.73 that Bonferroni over 8 examined features would want. Only the raw cross-sectional IC (t=-2.63) is nominally significant; discretising it into a 6-a-side book and charging turnover costs gives most of that back. Sharpe 7.24 is an annualisation artefact of a 40-day window, not a property of the strategy."
  },
  "sample_requirement": {
    "observed_sd_pct": 0.4276,
    "observed_edge_pct": 0.0189,
    "n_for_t196": 1969,
    "days_to_n": 328
  },
  "verdict": "ACCUMULATING",
  "live_exposure_usdt": 0,
  "latest": null,
  "rebalanced_this_cycle": 0,
  "skipped": "no unbooked closed periods (latest booked 2026-08-21T04:00:00.000Z)",
  "errors": []
}
{
  "generated_at": "2026-08-21T17:37:06.759Z",
  "lane": "v7_positioning_paper",
  "signal": "top_ratio - retail_ratio, cross-sectional rank, dollar-neutral",
  "k": 6,
  "symbols": 24,
  "periods_booked": 27,
  "equity": 1.00416,
  "realised": {
    "total_net_pct": 0.416,
    "mean_net_pct": 0.0189,
    "mean_gross_pct": 0.0271,
    "mean_cost_pct": 0.0082,
    "ann_pct": 40,
    "vol_pct": 20,
    "sharpe": 2,
    "t_stat": 0.23
  },
  "backtest_expectation": {
    "source": "banked v5 ledger, 24 symbols x 242 periods (40.5 days)",
    "ann_pct": 85.3,
    "vol_pct": 11.8,
    "t_stat": 1.77,
    "cross_sectional_ic": -0.0345,
    "cross_sectional_ic_t": -2.63,
    "caveat": "The BOOK's t is 1.77 — it does not reach 1.96, let alone the 2.73 that Bonferroni over 8 examined features would want. Only the raw cross-sectional IC (t=-2.63) is nominally significant; discretising it into a 6-a-side book and charging turnover costs gives most of that back. Sharpe 7.24 is an annualisation artefact of a 40-day window, not a property of the strategy."
  },
  "sample_requirement": {
    "observed_sd_pct": 0.4276,
    "observed_edge_pct": 0.0189,
    "n_for_t196": 1969,
    "days_to_n": 328
  },
  "verdict": "ACCUMULATING",
  "live_exposure_usdt": 0,
  "latest": null,
  "rebalanced_this_cycle": 0,
  "skipped": "no unbooked closed periods (latest booked 2026-08-21T04:00:00.000Z)",
  "errors": []
}
{
  "generated_at": "2026-08-21T18:37:10.253Z",
  "lane": "v7_positioning_paper",
  "signal": "top_ratio - retail_ratio, cross-sectional rank, dollar-neutral",
  "k": 6,
  "symbols": 24,
  "periods_booked": 27,
  "equity": 1.00416,
  "realised": {
    "total_net_pct": 0.416,
    "mean_net_pct": 0.0189,
    "mean_gross_pct": 0.0271,
    "mean_cost_pct": 0.0082,
    "ann_pct": 40,
    "vol_pct": 20,
    "sharpe": 2,
    "t_stat": 0.23
  },
  "backtest_expectation": {
    "source": "banked v5 ledger, 24 symbols x 242 periods (40.5 days)",
    "ann_pct": 85.3,
    "vol_pct": 11.8,
    "t_stat": 1.77,
    "cross_sectional_ic": -0.0345,
    "cross_sectional_ic_t": -2.63,
    "caveat": "The BOOK's t is 1.77 — it does not reach 1.96, let alone the 2.73 that Bonferroni over 8 examined features would want. Only the raw cross-sectional IC (t=-2.63) is nominally significant; discretising it into a 6-a-side book and charging turnover costs gives most of that back. Sharpe 7.24 is an annualisation artefact of a 40-day window, not a property of the strategy."
  },
  "sample_requirement": {
    "observed_sd_pct": 0.4276,
    "observed_edge_pct": 0.0189,
    "n_for_t196": 1969,
    "days_to_n": 328
  },
  "verdict": "ACCUMULATING",
  "live_exposure_usdt": 0,
  "latest": null,
  "rebalanced_this_cycle": 0,
  "skipped": "no unbooked closed periods (latest booked 2026-08-21T04:00:00.000Z)",
  "errors": []
}
{
  "generated_at": "2026-08-21T19:37:13.759Z",
  "lane": "v7_positioning_paper",
  "signal": "top_ratio - retail_ratio, cross-sectional rank, dollar-neutral",
  "k": 6,
  "symbols": 24,
  "periods_booked": 27,
  "equity": 1.00416,
  "realised": {
    "total_net_pct": 0.416,
    "mean_net_pct": 0.0189,
    "mean_gross_pct": 0.0271,
    "mean_cost_pct": 0.0082,
    "ann_pct": 40,
    "vol_pct": 20,
    "sharpe": 2,
    "t_stat": 0.23
  },
  "backtest_expectation": {
    "source": "banked v5 ledger, 24 symbols x 242 periods (40.5 days)",
    "ann_pct": 85.3,
    "vol_pct": 11.8,
    "t_stat": 1.77,
    "cross_sectional_ic": -0.0345,
    "cross_sectional_ic_t": -2.63,
    "caveat": "The BOOK's t is 1.77 — it does not reach 1.96, let alone the 2.73 that Bonferroni over 8 examined features would want. Only the raw cross-sectional IC (t=-2.63) is nominally significant; discretising it into a 6-a-side book and charging turnover costs gives most of that back. Sharpe 7.24 is an annualisation artefact of a 40-day window, not a property of the strategy."
  },
  "sample_requirement": {
    "observed_sd_pct": 0.4276,
    "observed_edge_pct": 0.0189,
    "n_for_t196": 1969,
    "days_to_n": 328
  },
  "verdict": "ACCUMULATING",
  "live_exposure_usdt": 0,
  "latest": null,
  "rebalanced_this_cycle": 0,
  "skipped": "no unbooked closed periods (latest booked 2026-08-21T04:00:00.000Z)",
  "errors": []
}
{
  "generated_at": "2026-08-21T20:37:17.466Z",
  "lane": "v7_positioning_paper",
  "signal": "top_ratio - retail_ratio, cross-sectional rank, dollar-neutral",
  "k": 6,
  "symbols": 24,
  "periods_booked": 27,
  "equity": 1.00416,
  "realised": {
    "total_net_pct": 0.416,
    "mean_net_pct": 0.0189,
    "mean_gross_pct": 0.0271,
    "mean_cost_pct": 0.0082,
    "ann_pct": 40,
    "vol_pct": 20,
    "sharpe": 2,
    "t_stat": 0.23
  },
  "backtest_expectation": {
    "source": "banked v5 ledger, 24 symbols x 242 periods (40.5 days)",
    "ann_pct": 85.3,
    "vol_pct": 11.8,
    "t_stat": 1.77,
    "cross_sectional_ic": -0.0345,
    "cross_sectional_ic_t": -2.63,
    "caveat": "The BOOK's t is 1.77 — it does not reach 1.96, let alone the 2.73 that Bonferroni over 8 examined features would want. Only the raw cross-sectional IC (t=-2.63) is nominally significant; discretising it into a 6-a-side book and charging turnover costs gives most of that back. Sharpe 7.24 is an annualisation artefact of a 40-day window, not a property of the strategy."
  },
  "sample_requirement": {
    "observed_sd_pct": 0.4276,
    "observed_edge_pct": 0.0189,
    "n_for_t196": 1969,
    "days_to_n": 328
  },
  "verdict": "ACCUMULATING",
  "live_exposure_usdt": 0,
  "latest": null,
  "rebalanced_this_cycle": 0,
  "skipped": "no unbooked closed periods (latest booked 2026-08-21T04:00:00.000Z)",
  "errors": []
}
{
  "generated_at": "2026-08-21T21:37:20.842Z",
  "lane": "v7_positioning_paper",
  "signal": "top_ratio - retail_ratio, cross-sectional rank, dollar-neutral",
  "k": 6,
  "symbols": 24,
  "periods_booked": 27,
  "equity": 1.00416,
  "realised": {
    "total_net_pct": 0.416,
    "mean_net_pct": 0.0189,
    "mean_gross_pct": 0.0271,
    "mean_cost_pct": 0.0082,
    "ann_pct": 40,
    "vol_pct": 20,
    "sharpe": 2,
    "t_stat": 0.23
  },
  "backtest_expectation": {
    "source": "banked v5 ledger, 24 symbols x 242 periods (40.5 days)",
    "ann_pct": 85.3,
    "vol_pct": 11.8,
    "t_stat": 1.77,
    "cross_sectional_ic": -0.0345,
    "cross_sectional_ic_t": -2.63,
    "caveat": "The BOOK's t is 1.77 — it does not reach 1.96, let alone the 2.73 that Bonferroni over 8 examined features would want. Only the raw cross-sectional IC (t=-2.63) is nominally significant; discretising it into a 6-a-side book and charging turnover costs gives most of that back. Sharpe 7.24 is an annualisation artefact of a 40-day window, not a property of the strategy."
  },
  "sample_requirement": {
    "observed_sd_pct": 0.4276,
    "observed_edge_pct": 0.0189,
    "n_for_t196": 1969,
    "days_to_n": 328
  },
  "verdict": "ACCUMULATING",
  "live_exposure_usdt": 0,
  "latest": null,
  "rebalanced_this_cycle": 0,
  "skipped": "no unbooked closed periods (latest booked 2026-08-21T04:00:00.000Z)",
  "errors": []
}
{
  "generated_at": "2026-08-21T22:37:24.270Z",
  "lane": "v7_positioning_paper",
  "signal": "top_ratio - retail_ratio, cross-sectional rank, dollar-neutral",
  "k": 6,
  "symbols": 24,
  "periods_booked": 30,
  "equity": 1.007836,
  "realised": {
    "total_net_pct": 0.7836,
    "mean_net_pct": 0.0293,
    "mean_gross_pct": 0.0386,
    "mean_cost_pct": 0.0093,
    "ann_pct": 76.8,
    "vol_pct": 19.8,
    "sharpe": 3.89,
    "t_stat": 0.38
  },
  "backtest_expectation": {
    "source": "banked v5 ledger, 24 symbols x 242 periods (40.5 days)",
    "ann_pct": 85.3,
    "vol_pct": 11.8,
    "t_stat": 1.77,
    "cross_sectional_ic": -0.0345,
    "cross_sectional_ic_t": -2.63,
    "caveat": "The BOOK's t is 1.77 — it does not reach 1.96, let alone the 2.73 that Bonferroni over 8 examined features would want. Only the raw cross-sectional IC (t=-2.63) is nominally significant; discretising it into a 6-a-side book and charging turnover costs gives most of that back. Sharpe 7.24 is an annualisation artefact of a 40-day window, not a property of the strategy."
  },
  "sample_requirement": {
    "observed_sd_pct": 0.4221,
    "observed_edge_pct": 0.0293,
    "n_for_t196": 800,
    "days_to_n": 133
  },
  "verdict": "ACCUMULATING",
  "live_exposure_usdt": 0,
  "latest": {
    "ts": "2026-08-21T16:00:00.000Z",
    "longs": [
      "BNBUSDT",
      "AVAXUSDT",
      "ETHUSDT",
      "XRPUSDT",
      "ARBUSDT",
      "SANDUSDT"
    ],
    "shorts": [
      "ATOMUSDT",
      "BTCUSDT",
      "FILUSDT",
      "APTUSDT",
      "INJUSDT",
      "NEARUSDT"
    ],
    "net_pct": 0.1155
  },
  "rebalanced_this_cycle": 3,
  "skipped": null,
  "errors": []
}
{
  "generated_at": "2026-08-21T23:37:27.550Z",
  "lane": "v7_positioning_paper",
  "signal": "top_ratio - retail_ratio, cross-sectional rank, dollar-neutral",
  "k": 6,
  "symbols": 24,
  "periods_booked": 30,
  "equity": 1.007836,
  "realised": {
    "total_net_pct": 0.7836,
    "mean_net_pct": 0.0293,
    "mean_gross_pct": 0.0386,
    "mean_cost_pct": 0.0093,
    "ann_pct": 76.8,
    "vol_pct": 19.8,
    "sharpe": 3.89,
    "t_stat": 0.38
  },
  "backtest_expectation": {
    "source": "banked v5 ledger, 24 symbols x 242 periods (40.5 days)",
    "ann_pct": 85.3,
    "vol_pct": 11.8,
    "t_stat": 1.77,
    "cross_sectional_ic": -0.0345,
    "cross_sectional_ic_t": -2.63,
    "caveat": "The BOOK's t is 1.77 — it does not reach 1.96, let alone the 2.73 that Bonferroni over 8 examined features would want. Only the raw cross-sectional IC (t=-2.63) is nominally significant; discretising it into a 6-a-side book and charging turnover costs gives most of that back. Sharpe 7.24 is an annualisation artefact of a 40-day window, not a property of the strategy."
  },
  "sample_requirement": {
    "observed_sd_pct": 0.4221,
    "observed_edge_pct": 0.0293,
    "n_for_t196": 800,
    "days_to_n": 133
  },
  "verdict": "ACCUMULATING",
  "live_exposure_usdt": 0,
  "latest": null,
  "rebalanced_this_cycle": 0,
  "skipped": "no unbooked closed periods (latest booked 2026-08-21T16:00:00.000Z)",
  "errors": []
}
{
  "generated_at": "2026-08-22T00:37:31.246Z",
  "lane": "v7_positioning_paper",
  "signal": "top_ratio - retail_ratio, cross-sectional rank, dollar-neutral",
  "k": 6,
  "symbols": 24,
  "periods_booked": 30,
  "equity": 1.007836,
  "realised": {
    "total_net_pct": 0.7836,
    "mean_net_pct": 0.0293,
    "mean_gross_pct": 0.0386,
    "mean_cost_pct": 0.0093,
    "ann_pct": 76.8,
    "vol_pct": 19.8,
    "sharpe": 3.89,
    "t_stat": 0.38
  },
  "backtest_expectation": {
    "source": "banked v5 ledger, 24 symbols x 242 periods (40.5 days)",
    "ann_pct": 85.3,
    "vol_pct": 11.8,
    "t_stat": 1.77,
    "cross_sectional_ic": -0.0345,
    "cross_sectional_ic_t": -2.63,
    "caveat": "The BOOK's t is 1.77 — it does not reach 1.96, let alone the 2.73 that Bonferroni over 8 examined features would want. Only the raw cross-sectional IC (t=-2.63) is nominally significant; discretising it into a 6-a-side book and charging turnover costs gives most of that back. Sharpe 7.24 is an annualisation artefact of a 40-day window, not a property of the strategy."
  },
  "sample_requirement": {
    "observed_sd_pct": 0.4221,
    "observed_edge_pct": 0.0293,
    "n_for_t196": 800,
    "days_to_n": 133
  },
  "verdict": "ACCUMULATING",
  "live_exposure_usdt": 0,
  "latest": null,
  "rebalanced_this_cycle": 0,
  "skipped": "no unbooked closed periods (latest booked 2026-08-21T16:00:00.000Z)",
  "errors": []
}
{
  "generated_at": "2026-08-22T01:37:37.015Z",
  "lane": "v7_positioning_paper",
  "signal": "top_ratio - retail_ratio, cross-sectional rank, dollar-neutral",
  "k": 6,
  "symbols": 24,
  "periods_booked": 30,
  "equity": 1.007836,
  "realised": {
    "total_net_pct": 0.7836,
    "mean_net_pct": 0.0293,
    "mean_gross_pct": 0.0386,
    "mean_cost_pct": 0.0093,
    "ann_pct": 76.8,
    "vol_pct": 19.8,
    "sharpe": 3.89,
    "t_stat": 0.38
  },
  "backtest_expectation": {
    "source": "banked v5 ledger, 24 symbols x 242 periods (40.5 days)",
    "ann_pct": 85.3,
    "vol_pct": 11.8,
    "t_stat": 1.77,
    "cross_sectional_ic": -0.0345,
    "cross_sectional_ic_t": -2.63,
    "caveat": "The BOOK's t is 1.77 — it does not reach 1.96, let alone the 2.73 that Bonferroni over 8 examined features would want. Only the raw cross-sectional IC (t=-2.63) is nominally significant; discretising it into a 6-a-side book and charging turnover costs gives most of that back. Sharpe 7.24 is an annualisation artefact of a 40-day window, not a property of the strategy."
  },
  "sample_requirement": {
    "observed_sd_pct": 0.4221,
    "observed_edge_pct": 0.0293,
    "n_for_t196": 800,
    "days_to_n": 133
  },
  "verdict": "ACCUMULATING",
  "live_exposure_usdt": 0,
  "latest": null,
  "rebalanced_this_cycle": 0,
  "skipped": "no unbooked closed periods (latest booked 2026-08-21T16:00:00.000Z)",
  "errors": []
}
{
  "generated_at": "2026-08-22T02:37:40.447Z",
  "lane": "v7_positioning_paper",
  "signal": "top_ratio - retail_ratio, cross-sectional rank, dollar-neutral",
  "k": 6,
  "symbols": 24,
  "periods_booked": 30,
  "equity": 1.007836,
  "realised": {
    "total_net_pct": 0.7836,
    "mean_net_pct": 0.0293,
    "mean_gross_pct": 0.0386,
    "mean_cost_pct": 0.0093,
    "ann_pct": 76.8,
    "vol_pct": 19.8,
    "sharpe": 3.89,
    "t_stat": 0.38
  },
  "backtest_expectation": {
    "source": "banked v5 ledger, 24 symbols x 242 periods (40.5 days)",
    "ann_pct": 85.3,
    "vol_pct": 11.8,
    "t_stat": 1.77,
    "cross_sectional_ic": -0.0345,
    "cross_sectional_ic_t": -2.63,
    "caveat": "The BOOK's t is 1.77 — it does not reach 1.96, let alone the 2.73 that Bonferroni over 8 examined features would want. Only the raw cross-sectional IC (t=-2.63) is nominally significant; discretising it into a 6-a-side book and charging turnover costs gives most of that back. Sharpe 7.24 is an annualisation artefact of a 40-day window, not a property of the strategy."
  },
  "sample_requirement": {
    "observed_sd_pct": 0.4221,
    "observed_edge_pct": 0.0293,
    "n_for_t196": 800,
    "days_to_n": 133
  },
  "verdict": "ACCUMULATING",
  "live_exposure_usdt": 0,
  "latest": null,
  "rebalanced_this_cycle": 0,
  "skipped": "no unbooked closed periods (latest booked 2026-08-21T16:00:00.000Z)",
  "errors": []
}
{
  "generated_at": "2026-08-22T03:37:44.131Z",
  "lane": "v7_positioning_paper",
  "signal": "top_ratio - retail_ratio, cross-sectional rank, dollar-neutral",
  "k": 6,
  "symbols": 24,
  "periods_booked": 30,
  "equity": 1.007836,
  "realised": {
    "total_net_pct": 0.7836,
    "mean_net_pct": 0.0293,
    "mean_gross_pct": 0.0386,
    "mean_cost_pct": 0.0093,
    "ann_pct": 76.8,
    "vol_pct": 19.8,
    "sharpe": 3.89,
    "t_stat": 0.38
  },
  "backtest_expectation": {
    "source": "banked v5 ledger, 24 symbols x 242 periods (40.5 days)",
    "ann_pct": 85.3,
    "vol_pct": 11.8,
    "t_stat": 1.77,
    "cross_sectional_ic": -0.0345,
    "cross_sectional_ic_t": -2.63,
    "caveat": "The BOOK's t is 1.77 — it does not reach 1.96, let alone the 2.73 that Bonferroni over 8 examined features would want. Only the raw cross-sectional IC (t=-2.63) is nominally significant; discretising it into a 6-a-side book and charging turnover costs gives most of that back. Sharpe 7.24 is an annualisation artefact of a 40-day window, not a property of the strategy."
  },
  "sample_requirement": {
    "observed_sd_pct": 0.4221,
    "observed_edge_pct": 0.0293,
    "n_for_t196": 800,
    "days_to_n": 133
  },
  "verdict": "ACCUMULATING",
  "live_exposure_usdt": 0,
  "latest": null,
  "rebalanced_this_cycle": 0,
  "skipped": "no unbooked closed periods (latest booked 2026-08-21T16:00:00.000Z)",
  "errors": []
}
{
  "generated_at": "2026-08-22T04:37:48.050Z",
  "lane": "v7_positioning_paper",
  "signal": "top_ratio - retail_ratio, cross-sectional rank, dollar-neutral",
  "k": 6,
  "symbols": 24,
  "periods_booked": 30,
  "equity": 1.007836,
  "realised": {
    "total_net_pct": 0.7836,
    "mean_net_pct": 0.0293,
    "mean_gross_pct": 0.0386,
    "mean_cost_pct": 0.0093,
    "ann_pct": 76.8,
    "vol_pct": 19.8,
    "sharpe": 3.89,
    "t_stat": 0.38
  },
  "backtest_expectation": {
    "source": "banked v5 ledger, 24 symbols x 242 periods (40.5 days)",
    "ann_pct": 85.3,
    "vol_pct": 11.8,
    "t_stat": 1.77,
    "cross_sectional_ic": -0.0345,
    "cross_sectional_ic_t": -2.63,
    "caveat": "The BOOK's t is 1.77 — it does not reach 1.96, let alone the 2.73 that Bonferroni over 8 examined features would want. Only the raw cross-sectional IC (t=-2.63) is nominally significant; discretising it into a 6-a-side book and charging turnover costs gives most of that back. Sharpe 7.24 is an annualisation artefact of a 40-day window, not a property of the strategy."
  },
  "sample_requirement": {
    "observed_sd_pct": 0.4221,
    "observed_edge_pct": 0.0293,
    "n_for_t196": 800,
    "days_to_n": 133
  },
  "verdict": "ACCUMULATING",
  "live_exposure_usdt": 0,
  "latest": null,
  "rebalanced_this_cycle": 0,
  "skipped": "no unbooked closed periods (latest booked 2026-08-21T16:00:00.000Z)",
  "errors": []
}
{
  "generated_at": "2026-08-22T05:37:51.476Z",
  "lane": "v7_positioning_paper",
  "signal": "top_ratio - retail_ratio, cross-sectional rank, dollar-neutral",
  "k": 6,
  "symbols": 24,
  "periods_booked": 30,
  "equity": 1.007836,
  "realised": {
    "total_net_pct": 0.7836,
    "mean_net_pct": 0.0293,
    "mean_gross_pct": 0.0386,
    "mean_cost_pct": 0.0093,
    "ann_pct": 76.8,
    "vol_pct": 19.8,
    "sharpe": 3.89,
    "t_stat": 0.38
  },
  "backtest_expectation": {
    "source": "banked v5 ledger, 24 symbols x 242 periods (40.5 days)",
    "ann_pct": 85.3,
    "vol_pct": 11.8,
    "t_stat": 1.77,
    "cross_sectional_ic": -0.0345,
    "cross_sectional_ic_t": -2.63,
    "caveat": "The BOOK's t is 1.77 — it does not reach 1.96, let alone the 2.73 that Bonferroni over 8 examined features would want. Only the raw cross-sectional IC (t=-2.63) is nominally significant; discretising it into a 6-a-side book and charging turnover costs gives most of that back. Sharpe 7.24 is an annualisation artefact of a 40-day window, not a property of the strategy."
  },
  "sample_requirement": {
    "observed_sd_pct": 0.4221,
    "observed_edge_pct": 0.0293,
    "n_for_t196": 800,
    "days_to_n": 133
  },
  "verdict": "ACCUMULATING",
  "live_exposure_usdt": 0,
  "latest": null,
  "rebalanced_this_cycle": 0,
  "skipped": "no unbooked closed periods (latest booked 2026-08-21T16:00:00.000Z)",
  "errors": []
}
{
  "generated_at": "2026-08-22T06:37:54.922Z",
  "lane": "v7_positioning_paper",
  "signal": "top_ratio - retail_ratio, cross-sectional rank, dollar-neutral",
  "k": 6,
  "symbols": 24,
  "periods_booked": 32,
  "equity": 1.011779,
  "realised": {
    "total_net_pct": 1.1779,
    "mean_net_pct": 0.0396,
    "mean_gross_pct": 0.0488,
    "mean_cost_pct": 0.0091,
    "ann_pct": 122.9,
    "vol_pct": 19.2,
    "sharpe": 6.39,
    "t_stat": 0.55
  },
  "backtest_expectation": {
    "source": "banked v5 ledger, 24 symbols x 242 periods (40.5 days)",
    "ann_pct": 85.3,
    "vol_pct": 11.8,
    "t_stat": 1.77,
    "cross_sectional_ic": -0.0345,
    "cross_sectional_ic_t": -2.63,
    "caveat": "The BOOK's t is 1.77 — it does not reach 1.96, let alone the 2.73 that Bonferroni over 8 examined features would want. Only the raw cross-sectional IC (t=-2.63) is nominally significant; discretising it into a 6-a-side book and charging turnover costs gives most of that back. Sharpe 7.24 is an annualisation artefact of a 40-day window, not a property of the strategy."
  },
  "sample_requirement": {
    "observed_sd_pct": 0.4111,
    "observed_edge_pct": 0.0396,
    "n_for_t196": 414,
    "days_to_n": 69
  },
  "verdict": "ACCUMULATING",
  "live_exposure_usdt": 0,
  "latest": null,
  "rebalanced_this_cycle": 0,
  "skipped": "no unbooked closed periods (latest booked 2026-08-22T00:00:00.000Z)",
  "errors": []
}
{
  "generated_at": "2026-08-22T07:37:58.387Z",
  "lane": "v7_positioning_paper",
  "signal": "top_ratio - retail_ratio, cross-sectional rank, dollar-neutral",
  "k": 6,
  "symbols": 24,
  "periods_booked": 32,
  "equity": 1.011779,
  "realised": {
    "total_net_pct": 1.1779,
    "mean_net_pct": 0.0396,
    "mean_gross_pct": 0.0488,
    "mean_cost_pct": 0.0091,
    "ann_pct": 122.9,
    "vol_pct": 19.2,
    "sharpe": 6.39,
    "t_stat": 0.55
  },
  "backtest_expectation": {
    "source": "banked v5 ledger, 24 symbols x 242 periods (40.5 days)",
    "ann_pct": 85.3,
    "vol_pct": 11.8,
    "t_stat": 1.77,
    "cross_sectional_ic": -0.0345,
    "cross_sectional_ic_t": -2.63,
    "caveat": "The BOOK's t is 1.77 — it does not reach 1.96, let alone the 2.73 that Bonferroni over 8 examined features would want. Only the raw cross-sectional IC (t=-2.63) is nominally significant; discretising it into a 6-a-side book and charging turnover costs gives most of that back. Sharpe 7.24 is an annualisation artefact of a 40-day window, not a property of the strategy."
  },
  "sample_requirement": {
    "observed_sd_pct": 0.4111,
    "observed_edge_pct": 0.0396,
    "n_for_t196": 414,
    "days_to_n": 69
  },
  "verdict": "ACCUMULATING",
  "live_exposure_usdt": 0,
  "latest": null,
  "rebalanced_this_cycle": 0,
  "skipped": "no unbooked closed periods (latest booked 2026-08-22T00:00:00.000Z)",
  "errors": []
}
{
  "generated_at": "2026-08-22T08:38:01.839Z",
  "lane": "v7_positioning_paper",
  "signal": "top_ratio - retail_ratio, cross-sectional rank, dollar-neutral",
  "k": 6,
  "symbols": 24,
  "periods_booked": 33,
  "equity": 1.016123,
  "realised": {
    "total_net_pct": 1.6123,
    "mean_net_pct": 0.0514,
    "mean_gross_pct": 0.061,
    "mean_cost_pct": 0.0095,
    "ann_pct": 189.1,
    "vol_pct": 19.2,
    "sharpe": 9.85,
    "t_stat": 0.72
  },
  "backtest_expectation": {
    "source": "banked v5 ledger, 24 symbols x 242 periods (40.5 days)",
    "ann_pct": 85.3,
    "vol_pct": 11.8,
    "t_stat": 1.77,
    "cross_sectional_ic": -0.0345,
    "cross_sectional_ic_t": -2.63,
    "caveat": "The BOOK's t is 1.77 — it does not reach 1.96, let alone the 2.73 that Bonferroni over 8 examined features would want. Only the raw cross-sectional IC (t=-2.63) is nominally significant; discretising it into a 6-a-side book and charging turnover costs gives most of that back. Sharpe 7.24 is an annualisation artefact of a 40-day window, not a property of the strategy."
  },
  "sample_requirement": {
    "observed_sd_pct": 0.4103,
    "observed_edge_pct": 0.0514,
    "n_for_t196": 245,
    "days_to_n": 41
  },
  "verdict": "ACCUMULATING",
  "live_exposure_usdt": 0,
  "latest": {
    "ts": "2026-08-22T04:00:00.000Z",
    "longs": [
      "BNBUSDT",
      "XRPUSDT",
      "ETHUSDT",
      "ARBUSDT",
      "AVAXUSDT",
      "SANDUSDT"
    ],
    "shorts": [
      "DOGEUSDT",
      "BTCUSDT",
      "APTUSDT",
      "INJUSDT",
      "FILUSDT",
      "NEARUSDT"
    ],
    "net_pct": 0.4293
  },
  "rebalanced_this_cycle": 1,
  "skipped": null,
  "errors": []
}
{
  "generated_at": "2026-08-22T09:38:05.301Z",
  "lane": "v7_positioning_paper",
  "signal": "top_ratio - retail_ratio, cross-sectional rank, dollar-neutral",
  "k": 6,
  "symbols": 24,
  "periods_booked": 33,
  "equity": 1.016123,
  "realised": {
    "total_net_pct": 1.6123,
    "mean_net_pct": 0.0514,
    "mean_gross_pct": 0.061,
    "mean_cost_pct": 0.0095,
    "ann_pct": 189.1,
    "vol_pct": 19.2,
    "sharpe": 9.85,
    "t_stat": 0.72
  },
  "backtest_expectation": {
    "source": "banked v5 ledger, 24 symbols x 242 periods (40.5 days)",
    "ann_pct": 85.3,
    "vol_pct": 11.8,
    "t_stat": 1.77,
    "cross_sectional_ic": -0.0345,
    "cross_sectional_ic_t": -2.63,
    "caveat": "The BOOK's t is 1.77 — it does not reach 1.96, let alone the 2.73 that Bonferroni over 8 examined features would want. Only the raw cross-sectional IC (t=-2.63) is nominally significant; discretising it into a 6-a-side book and charging turnover costs gives most of that back. Sharpe 7.24 is an annualisation artefact of a 40-day window, not a property of the strategy."
  },
  "sample_requirement": {
    "observed_sd_pct": 0.4103,
    "observed_edge_pct": 0.0514,
    "n_for_t196": 245,
    "days_to_n": 41
  },
  "verdict": "ACCUMULATING",
  "live_exposure_usdt": 0,
  "latest": null,
  "rebalanced_this_cycle": 0,
  "skipped": "no unbooked closed periods (latest booked 2026-08-22T04:00:00.000Z)",
  "errors": []
}
{
  "generated_at": "2026-08-22T10:38:09.224Z",
  "lane": "v7_positioning_paper",
  "signal": "top_ratio - retail_ratio, cross-sectional rank, dollar-neutral",
  "k": 6,
  "symbols": 24,
  "periods_booked": 33,
  "equity": 1.016123,
  "realised": {
    "total_net_pct": 1.6123,
    "mean_net_pct": 0.0514,
    "mean_gross_pct": 0.061,
    "mean_cost_pct": 0.0095,
    "ann_pct": 189.1,
    "vol_pct": 19.2,
    "sharpe": 9.85,
    "t_stat": 0.72
  },
  "backtest_expectation": {
    "source": "banked v5 ledger, 24 symbols x 242 periods (40.5 days)",
    "ann_pct": 85.3,
    "vol_pct": 11.8,
    "t_stat": 1.77,
    "cross_sectional_ic": -0.0345,
    "cross_sectional_ic_t": -2.63,
    "caveat": "The BOOK's t is 1.77 — it does not reach 1.96, let alone the 2.73 that Bonferroni over 8 examined features would want. Only the raw cross-sectional IC (t=-2.63) is nominally significant; discretising it into a 6-a-side book and charging turnover costs gives most of that back. Sharpe 7.24 is an annualisation artefact of a 40-day window, not a property of the strategy."
  },
  "sample_requirement": {
    "observed_sd_pct": 0.4103,
    "observed_edge_pct": 0.0514,
    "n_for_t196": 245,
    "days_to_n": 41
  },
  "verdict": "ACCUMULATING",
  "live_exposure_usdt": 0,
  "latest": null,
  "rebalanced_this_cycle": 0,
  "skipped": "no unbooked closed periods (latest booked 2026-08-22T04:00:00.000Z)",
  "errors": []
}
{
  "generated_at": "2026-08-22T11:38:12.617Z",
  "lane": "v7_positioning_paper",
  "signal": "top_ratio - retail_ratio, cross-sectional rank, dollar-neutral",
  "k": 6,
  "symbols": 24,
  "periods_booked": 33,
  "equity": 1.016123,
  "realised": {
    "total_net_pct": 1.6123,
    "mean_net_pct": 0.0514,
    "mean_gross_pct": 0.061,
    "mean_cost_pct": 0.0095,
    "ann_pct": 189.1,
    "vol_pct": 19.2,
    "sharpe": 9.85,
    "t_stat": 0.72
  },
  "backtest_expectation": {
    "source": "banked v5 ledger, 24 symbols x 242 periods (40.5 days)",
    "ann_pct": 85.3,
    "vol_pct": 11.8,
    "t_stat": 1.77,
    "cross_sectional_ic": -0.0345,
    "cross_sectional_ic_t": -2.63,
    "caveat": "The BOOK's t is 1.77 — it does not reach 1.96, let alone the 2.73 that Bonferroni over 8 examined features would want. Only the raw cross-sectional IC (t=-2.63) is nominally significant; discretising it into a 6-a-side book and charging turnover costs gives most of that back. Sharpe 7.24 is an annualisation artefact of a 40-day window, not a property of the strategy."
  },
  "sample_requirement": {
    "observed_sd_pct": 0.4103,
    "observed_edge_pct": 0.0514,
    "n_for_t196": 245,
    "days_to_n": 41
  },
  "verdict": "ACCUMULATING",
  "live_exposure_usdt": 0,
  "latest": null,
  "rebalanced_this_cycle": 0,
  "skipped": "no unbooked closed periods (latest booked 2026-08-22T04:00:00.000Z)",
  "errors": []
}
{
  "generated_at": "2026-08-22T12:38:16.230Z",
  "lane": "v7_positioning_paper",
  "signal": "top_ratio - retail_ratio, cross-sectional rank, dollar-neutral",
  "k": 6,
  "symbols": 24,
  "periods_booked": 34,
  "equity": 1.016705,
  "realised": {
    "total_net_pct": 1.6705,
    "mean_net_pct": 0.0516,
    "mean_gross_pct": 0.0612,
    "mean_cost_pct": 0.0096,
    "ann_pct": 190.7,
    "vol_pct": 18.9,
    "sharpe": 10.08,
    "t_stat": 0.74
  },
  "backtest_expectation": {
    "source": "banked v5 ledger, 24 symbols x 242 periods (40.5 days)",
    "ann_pct": 85.3,
    "vol_pct": 11.8,
    "t_stat": 1.77,
    "cross_sectional_ic": -0.0345,
    "cross_sectional_ic_t": -2.63,
    "caveat": "The BOOK's t is 1.77 — it does not reach 1.96, let alone the 2.73 that Bonferroni over 8 examined features would want. Only the raw cross-sectional IC (t=-2.63) is nominally significant; discretising it into a 6-a-side book and charging turnover costs gives most of that back. Sharpe 7.24 is an annualisation artefact of a 40-day window, not a property of the strategy."
  },
  "sample_requirement": {
    "observed_sd_pct": 0.4042,
    "observed_edge_pct": 0.0516,
    "n_for_t196": 236,
    "days_to_n": 39
  },
  "verdict": "ACCUMULATING",
  "live_exposure_usdt": 0,
  "latest": {
    "ts": "2026-08-22T08:00:00.000Z",
    "longs": [
      "BNBUSDT",
      "XRPUSDT",
      "ETHUSDT",
      "SOLUSDT",
      "ARBUSDT",
      "SANDUSDT"
    ],
    "shorts": [
      "BTCUSDT",
      "APTUSDT",
      "INJUSDT",
      "DOGEUSDT",
      "FILUSDT",
      "NEARUSDT"
    ],
    "net_pct": 0.0572
  },
  "rebalanced_this_cycle": 1,
  "skipped": null,
  "errors": []
}
{
  "generated_at": "2026-08-22T13:38:20.055Z",
  "lane": "v7_positioning_paper",
  "signal": "top_ratio - retail_ratio, cross-sectional rank, dollar-neutral",
  "k": 6,
  "symbols": 24,
  "periods_booked": 34,
  "equity": 1.016705,
  "realised": {
    "total_net_pct": 1.6705,
    "mean_net_pct": 0.0516,
    "mean_gross_pct": 0.0612,
    "mean_cost_pct": 0.0096,
    "ann_pct": 190.7,
    "vol_pct": 18.9,
    "sharpe": 10.08,
    "t_stat": 0.74
  },
  "backtest_expectation": {
    "source": "banked v5 ledger, 24 symbols x 242 periods (40.5 days)",
    "ann_pct": 85.3,
    "vol_pct": 11.8,
    "t_stat": 1.77,
    "cross_sectional_ic": -0.0345,
    "cross_sectional_ic_t": -2.63,
    "caveat": "The BOOK's t is 1.77 — it does not reach 1.96, let alone the 2.73 that Bonferroni over 8 examined features would want. Only the raw cross-sectional IC (t=-2.63) is nominally significant; discretising it into a 6-a-side book and charging turnover costs gives most of that back. Sharpe 7.24 is an annualisation artefact of a 40-day window, not a property of the strategy."
  },
  "sample_requirement": {
    "observed_sd_pct": 0.4042,
    "observed_edge_pct": 0.0516,
    "n_for_t196": 236,
    "days_to_n": 39
  },
  "verdict": "ACCUMULATING",
  "live_exposure_usdt": 0,
  "latest": null,
  "rebalanced_this_cycle": 0,
  "skipped": "no unbooked closed periods (latest booked 2026-08-22T08:00:00.000Z)",
  "errors": []
}
{
  "generated_at": "2026-08-22T14:38:23.627Z",
  "lane": "v7_positioning_paper",
  "signal": "top_ratio - retail_ratio, cross-sectional rank, dollar-neutral",
  "k": 6,
  "symbols": 24,
  "periods_booked": 34,
  "equity": 1.016705,
  "realised": {
    "total_net_pct": 1.6705,
    "mean_net_pct": 0.0516,
    "mean_gross_pct": 0.0612,
    "mean_cost_pct": 0.0096,
    "ann_pct": 190.7,
    "vol_pct": 18.9,
    "sharpe": 10.08,
    "t_stat": 0.74
  },
  "backtest_expectation": {
    "source": "banked v5 ledger, 24 symbols x 242 periods (40.5 days)",
    "ann_pct": 85.3,
    "vol_pct": 11.8,
    "t_stat": 1.77,
    "cross_sectional_ic": -0.0345,
    "cross_sectional_ic_t": -2.63,
    "caveat": "The BOOK's t is 1.77 — it does not reach 1.96, let alone the 2.73 that Bonferroni over 8 examined features would want. Only the raw cross-sectional IC (t=-2.63) is nominally significant; discretising it into a 6-a-side book and charging turnover costs gives most of that back. Sharpe 7.24 is an annualisation artefact of a 40-day window, not a property of the strategy."
  },
  "sample_requirement": {
    "observed_sd_pct": 0.4042,
    "observed_edge_pct": 0.0516,
    "n_for_t196": 236,
    "days_to_n": 39
  },
  "verdict": "ACCUMULATING",
  "live_exposure_usdt": 0,
  "latest": null,
  "rebalanced_this_cycle": 0,
  "skipped": "no unbooked closed periods (latest booked 2026-08-22T08:00:00.000Z)",
  "errors": []
}
{
  "generated_at": "2026-08-22T15:38:27.287Z",
  "lane": "v7_positioning_paper",
  "signal": "top_ratio - retail_ratio, cross-sectional rank, dollar-neutral",
  "k": 6,
  "symbols": 24,
  "periods_booked": 34,
  "equity": 1.016705,
  "realised": {
    "total_net_pct": 1.6705,
    "mean_net_pct": 0.0516,
    "mean_gross_pct": 0.0612,
    "mean_cost_pct": 0.0096,
    "ann_pct": 190.7,
    "vol_pct": 18.9,
    "sharpe": 10.08,
    "t_stat": 0.74
  },
  "backtest_expectation": {
    "source": "banked v5 ledger, 24 symbols x 242 periods (40.5 days)",
    "ann_pct": 85.3,
    "vol_pct": 11.8,
    "t_stat": 1.77,
    "cross_sectional_ic": -0.0345,
    "cross_sectional_ic_t": -2.63,
    "caveat": "The BOOK's t is 1.77 — it does not reach 1.96, let alone the 2.73 that Bonferroni over 8 examined features would want. Only the raw cross-sectional IC (t=-2.63) is nominally significant; discretising it into a 6-a-side book and charging turnover costs gives most of that back. Sharpe 7.24 is an annualisation artefact of a 40-day window, not a property of the strategy."
  },
  "sample_requirement": {
    "observed_sd_pct": 0.4042,
    "observed_edge_pct": 0.0516,
    "n_for_t196": 236,
    "days_to_n": 39
  },
  "verdict": "ACCUMULATING",
  "live_exposure_usdt": 0,
  "latest": null,
  "rebalanced_this_cycle": 0,
  "skipped": "no unbooked closed periods (latest booked 2026-08-22T08:00:00.000Z)",
  "errors": []
}
{
  "generated_at": "2026-08-22T16:38:30.858Z",
  "lane": "v7_positioning_paper",
  "signal": "top_ratio - retail_ratio, cross-sectional rank, dollar-neutral",
  "k": 6,
  "symbols": 24,
  "periods_booked": 35,
  "equity": 1.015681,
  "realised": {
    "total_net_pct": 1.5681,
    "mean_net_pct": 0.0473,
    "mean_gross_pct": 0.0569,
    "mean_cost_pct": 0.0097,
    "ann_pct": 164.7,
    "vol_pct": 18.7,
    "sharpe": 8.82,
    "t_stat": 0.7
  },
  "backtest_expectation": {
    "source": "banked v5 ledger, 24 symbols x 242 periods (40.5 days)",
    "ann_pct": 85.3,
    "vol_pct": 11.8,
    "t_stat": 1.77,
    "cross_sectional_ic": -0.0345,
    "cross_sectional_ic_t": -2.63,
    "caveat": "The BOOK's t is 1.77 — it does not reach 1.96, let alone the 2.73 that Bonferroni over 8 examined features would want. Only the raw cross-sectional IC (t=-2.63) is nominally significant; discretising it into a 6-a-side book and charging turnover costs gives most of that back. Sharpe 7.24 is an annualisation artefact of a 40-day window, not a property of the strategy."
  },
  "sample_requirement": {
    "observed_sd_pct": 0.3992,
    "observed_edge_pct": 0.0473,
    "n_for_t196": 275,
    "days_to_n": 46
  },
  "verdict": "ACCUMULATING",
  "live_exposure_usdt": 0,
  "latest": {
    "ts": "2026-08-22T12:00:00.000Z",
    "longs": [
      "ETHUSDT",
      "BNBUSDT",
      "XRPUSDT",
      "ARBUSDT",
      "SANDUSDT",
      "SOLUSDT"
    ],
    "shorts": [
      "ATOMUSDT",
      "INJUSDT",
      "APTUSDT",
      "FILUSDT",
      "DOGEUSDT",
      "NEARUSDT"
    ],
    "net_pct": -0.1008
  },
  "rebalanced_this_cycle": 1,
  "skipped": null,
  "errors": []
}
{
  "generated_at": "2026-08-22T17:38:34.591Z",
  "lane": "v7_positioning_paper",
  "signal": "top_ratio - retail_ratio, cross-sectional rank, dollar-neutral",
  "k": 6,
  "symbols": 24,
  "periods_booked": 35,
  "equity": 1.015681,
  "realised": {
    "total_net_pct": 1.5681,
    "mean_net_pct": 0.0473,
    "mean_gross_pct": 0.0569,
    "mean_cost_pct": 0.0097,
    "ann_pct": 164.7,
    "vol_pct": 18.7,
    "sharpe": 8.82,
    "t_stat": 0.7
  },
  "backtest_expectation": {
    "source": "banked v5 ledger, 24 symbols x 242 periods (40.5 days)",
    "ann_pct": 85.3,
    "vol_pct": 11.8,
    "t_stat": 1.77,
    "cross_sectional_ic": -0.0345,
    "cross_sectional_ic_t": -2.63,
    "caveat": "The BOOK's t is 1.77 — it does not reach 1.96, let alone the 2.73 that Bonferroni over 8 examined features would want. Only the raw cross-sectional IC (t=-2.63) is nominally significant; discretising it into a 6-a-side book and charging turnover costs gives most of that back. Sharpe 7.24 is an annualisation artefact of a 40-day window, not a property of the strategy."
  },
  "sample_requirement": {
    "observed_sd_pct": 0.3992,
    "observed_edge_pct": 0.0473,
    "n_for_t196": 275,
    "days_to_n": 46
  },
  "verdict": "ACCUMULATING",
  "live_exposure_usdt": 0,
  "latest": null,
  "rebalanced_this_cycle": 0,
  "skipped": "no unbooked closed periods (latest booked 2026-08-22T12:00:00.000Z)",
  "errors": []
}
{
  "generated_at": "2026-08-22T18:38:37.990Z",
  "lane": "v7_positioning_paper",
  "signal": "top_ratio - retail_ratio, cross-sectional rank, dollar-neutral",
  "k": 6,
  "symbols": 24,
  "periods_booked": 35,
  "equity": 1.015681,
  "realised": {
    "total_net_pct": 1.5681,
    "mean_net_pct": 0.0473,
    "mean_gross_pct": 0.0569,
    "mean_cost_pct": 0.0097,
    "ann_pct": 164.7,
    "vol_pct": 18.7,
    "sharpe": 8.82,
    "t_stat": 0.7
  },
  "backtest_expectation": {
    "source": "banked v5 ledger, 24 symbols x 242 periods (40.5 days)",
    "ann_pct": 85.3,
    "vol_pct": 11.8,
    "t_stat": 1.77,
    "cross_sectional_ic": -0.0345,
    "cross_sectional_ic_t": -2.63,
    "caveat": "The BOOK's t is 1.77 — it does not reach 1.96, let alone the 2.73 that Bonferroni over 8 examined features would want. Only the raw cross-sectional IC (t=-2.63) is nominally significant; discretising it into a 6-a-side book and charging turnover costs gives most of that back. Sharpe 7.24 is an annualisation artefact of a 40-day window, not a property of the strategy."
  },
  "sample_requirement": {
    "observed_sd_pct": 0.3992,
    "observed_edge_pct": 0.0473,
    "n_for_t196": 275,
    "days_to_n": 46
  },
  "verdict": "ACCUMULATING",
  "live_exposure_usdt": 0,
  "latest": null,
  "rebalanced_this_cycle": 0,
  "skipped": "no unbooked closed periods (latest booked 2026-08-22T12:00:00.000Z)",
  "errors": []
}
{
  "generated_at": "2026-08-22T19:38:43.385Z",
  "lane": "v7_positioning_paper",
  "signal": "top_ratio - retail_ratio, cross-sectional rank, dollar-neutral",
  "k": 6,
  "symbols": 24,
  "periods_booked": 35,
  "equity": 1.015681,
  "realised": {
    "total_net_pct": 1.5681,
    "mean_net_pct": 0.0473,
    "mean_gross_pct": 0.0569,
    "mean_cost_pct": 0.0097,
    "ann_pct": 164.7,
    "vol_pct": 18.7,
    "sharpe": 8.82,
    "t_stat": 0.7
  },
  "backtest_expectation": {
    "source": "banked v5 ledger, 24 symbols x 242 periods (40.5 days)",
    "ann_pct": 85.3,
    "vol_pct": 11.8,
    "t_stat": 1.77,
    "cross_sectional_ic": -0.0345,
    "cross_sectional_ic_t": -2.63,
    "caveat": "The BOOK's t is 1.77 — it does not reach 1.96, let alone the 2.73 that Bonferroni over 8 examined features would want. Only the raw cross-sectional IC (t=-2.63) is nominally significant; discretising it into a 6-a-side book and charging turnover costs gives most of that back. Sharpe 7.24 is an annualisation artefact of a 40-day window, not a property of the strategy."
  },
  "sample_requirement": {
    "observed_sd_pct": 0.3992,
    "observed_edge_pct": 0.0473,
    "n_for_t196": 275,
    "days_to_n": 46
  },
  "verdict": "ACCUMULATING",
  "live_exposure_usdt": 0,
  "latest": null,
  "rebalanced_this_cycle": 0,
  "skipped": "no unbooked closed periods (latest booked 2026-08-22T12:00:00.000Z)",
  "errors": []
}
{
  "generated_at": "2026-08-22T20:38:48.746Z",
  "lane": "v7_positioning_paper",
  "signal": "top_ratio - retail_ratio, cross-sectional rank, dollar-neutral",
  "k": 6,
  "symbols": 24,
  "periods_booked": 36,
  "equity": 1.010492,
  "realised": {
    "total_net_pct": 1.0492,
    "mean_net_pct": 0.0318,
    "mean_gross_pct": 0.0412,
    "mean_cost_pct": 0.0094,
    "ann_pct": 88.7,
    "vol_pct": 18.9,
    "sharpe": 4.69,
    "t_stat": 0.47
  },
  "backtest_expectation": {
    "source": "banked v5 ledger, 24 symbols x 242 periods (40.5 days)",
    "ann_pct": 85.3,
    "vol_pct": 11.8,
    "t_stat": 1.77,
    "cross_sectional_ic": -0.0345,
    "cross_sectional_ic_t": -2.63,
    "caveat": "The BOOK's t is 1.77 — it does not reach 1.96, let alone the 2.73 that Bonferroni over 8 examined features would want. Only the raw cross-sectional IC (t=-2.63) is nominally significant; discretising it into a 6-a-side book and charging turnover costs gives most of that back. Sharpe 7.24 is an annualisation artefact of a 40-day window, not a property of the strategy."
  },
  "sample_requirement": {
    "observed_sd_pct": 0.4042,
    "observed_edge_pct": 0.0318,
    "n_for_t196": 623,
    "days_to_n": 104
  },
  "verdict": "ACCUMULATING",
  "live_exposure_usdt": 0,
  "latest": {
    "ts": "2026-08-22T16:00:00.000Z",
    "longs": [
      "ETHUSDT",
      "BNBUSDT",
      "ARBUSDT",
      "XRPUSDT",
      "SANDUSDT",
      "SOLUSDT"
    ],
    "shorts": [
      "ATOMUSDT",
      "INJUSDT",
      "APTUSDT",
      "FILUSDT",
      "DOGEUSDT",
      "NEARUSDT"
    ],
    "net_pct": -0.5109
  },
  "rebalanced_this_cycle": 1,
  "skipped": null,
  "errors": []
}
{
  "generated_at": "2026-08-22T21:38:54.006Z",
  "lane": "v7_positioning_paper",
  "signal": "top_ratio - retail_ratio, cross-sectional rank, dollar-neutral",
  "k": 6,
  "symbols": 24,
  "periods_booked": 36,
  "equity": 1.010492,
  "realised": {
    "total_net_pct": 1.0492,
    "mean_net_pct": 0.0318,
    "mean_gross_pct": 0.0412,
    "mean_cost_pct": 0.0094,
    "ann_pct": 88.7,
    "vol_pct": 18.9,
    "sharpe": 4.69,
    "t_stat": 0.47
  },
  "backtest_expectation": {
    "source": "banked v5 ledger, 24 symbols x 242 periods (40.5 days)",
    "ann_pct": 85.3,
    "vol_pct": 11.8,
    "t_stat": 1.77,
    "cross_sectional_ic": -0.0345,
    "cross_sectional_ic_t": -2.63,
    "caveat": "The BOOK's t is 1.77 — it does not reach 1.96, let alone the 2.73 that Bonferroni over 8 examined features would want. Only the raw cross-sectional IC (t=-2.63) is nominally significant; discretising it into a 6-a-side book and charging turnover costs gives most of that back. Sharpe 7.24 is an annualisation artefact of a 40-day window, not a property of the strategy."
  },
  "sample_requirement": {
    "observed_sd_pct": 0.4042,
    "observed_edge_pct": 0.0318,
    "n_for_t196": 623,
    "days_to_n": 104
  },
  "verdict": "ACCUMULATING",
  "live_exposure_usdt": 0,
  "latest": null,
  "rebalanced_this_cycle": 0,
  "skipped": "no unbooked closed periods (latest booked 2026-08-22T16:00:00.000Z)",
  "errors": []
}
{
  "generated_at": "2026-08-22T22:38:57.287Z",
  "lane": "v7_positioning_paper",
  "signal": "top_ratio - retail_ratio, cross-sectional rank, dollar-neutral",
  "k": 6,
  "symbols": 24,
  "periods_booked": 36,
  "equity": 1.010492,
  "realised": {
    "total_net_pct": 1.0492,
    "mean_net_pct": 0.0318,
    "mean_gross_pct": 0.0412,
    "mean_cost_pct": 0.0094,
    "ann_pct": 88.7,
    "vol_pct": 18.9,
    "sharpe": 4.69,
    "t_stat": 0.47
  },
  "backtest_expectation": {
    "source": "banked v5 ledger, 24 symbols x 242 periods (40.5 days)",
    "ann_pct": 85.3,
    "vol_pct": 11.8,
    "t_stat": 1.77,
    "cross_sectional_ic": -0.0345,
    "cross_sectional_ic_t": -2.63,
    "caveat": "The BOOK's t is 1.77 — it does not reach 1.96, let alone the 2.73 that Bonferroni over 8 examined features would want. Only the raw cross-sectional IC (t=-2.63) is nominally significant; discretising it into a 6-a-side book and charging turnover costs gives most of that back. Sharpe 7.24 is an annualisation artefact of a 40-day window, not a property of the strategy."
  },
  "sample_requirement": {
    "observed_sd_pct": 0.4042,
    "observed_edge_pct": 0.0318,
    "n_for_t196": 623,
    "days_to_n": 104
  },
  "verdict": "ACCUMULATING",
  "live_exposure_usdt": 0,
  "latest": null,
  "rebalanced_this_cycle": 0,
  "skipped": "no unbooked closed periods (latest booked 2026-08-22T16:00:00.000Z)",
  "errors": []
}
{
  "generated_at": "2026-08-22T23:39:01.010Z",
  "lane": "v7_positioning_paper",
  "signal": "top_ratio - retail_ratio, cross-sectional rank, dollar-neutral",
  "k": 6,
  "symbols": 24,
  "periods_booked": 36,
  "equity": 1.010492,
  "realised": {
    "total_net_pct": 1.0492,
    "mean_net_pct": 0.0318,
    "mean_gross_pct": 0.0412,
    "mean_cost_pct": 0.0094,
    "ann_pct": 88.7,
    "vol_pct": 18.9,
    "sharpe": 4.69,
    "t_stat": 0.47
  },
  "backtest_expectation": {
    "source": "banked v5 ledger, 24 symbols x 242 periods (40.5 days)",
    "ann_pct": 85.3,
    "vol_pct": 11.8,
    "t_stat": 1.77,
    "cross_sectional_ic": -0.0345,
    "cross_sectional_ic_t": -2.63,
    "caveat": "The BOOK's t is 1.77 — it does not reach 1.96, let alone the 2.73 that Bonferroni over 8 examined features would want. Only the raw cross-sectional IC (t=-2.63) is nominally significant; discretising it into a 6-a-side book and charging turnover costs gives most of that back. Sharpe 7.24 is an annualisation artefact of a 40-day window, not a property of the strategy."
  },
  "sample_requirement": {
    "observed_sd_pct": 0.4042,
    "observed_edge_pct": 0.0318,
    "n_for_t196": 623,
    "days_to_n": 104
  },
  "verdict": "ACCUMULATING",
  "live_exposure_usdt": 0,
  "latest": null,
  "rebalanced_this_cycle": 0,
  "skipped": "no unbooked closed periods (latest booked 2026-08-22T16:00:00.000Z)",
  "errors": []
}
{
  "generated_at": "2026-08-23T00:39:04.958Z",
  "lane": "v7_positioning_paper",
  "signal": "top_ratio - retail_ratio, cross-sectional rank, dollar-neutral",
  "k": 6,
  "symbols": 24,
  "periods_booked": 37,
  "equity": 1.012776,
  "realised": {
    "total_net_pct": 1.2776,
    "mean_net_pct": 0.037,
    "mean_gross_pct": 0.0465,
    "mean_cost_pct": 0.0095,
    "ann_pct": 112,
    "vol_pct": 18.7,
    "sharpe": 5.98,
    "t_stat": 0.56
  },
  "backtest_expectation": {
    "source": "banked v5 ledger, 24 symbols x 242 periods (40.5 days)",
    "ann_pct": 85.3,
    "vol_pct": 11.8,
    "t_stat": 1.77,
    "cross_sectional_ic": -0.0345,
    "cross_sectional_ic_t": -2.63,
    "caveat": "The BOOK's t is 1.77 — it does not reach 1.96, let alone the 2.73 that Bonferroni over 8 examined features would want. Only the raw cross-sectional IC (t=-2.63) is nominally significant; discretising it into a 6-a-side book and charging turnover costs gives most of that back. Sharpe 7.24 is an annualisation artefact of a 40-day window, not a property of the strategy."
  },
  "sample_requirement": {
    "observed_sd_pct": 0.3999,
    "observed_edge_pct": 0.037,
    "n_for_t196": 449,
    "days_to_n": 75
  },
  "verdict": "ACCUMULATING",
  "live_exposure_usdt": 0,
  "latest": {
    "ts": "2026-08-22T20:00:00.000Z",
    "longs": [
      "ETHUSDT",
      "BNBUSDT",
      "XRPUSDT",
      "ARBUSDT",
      "SOLUSDT",
      "AAVEUSDT"
    ],
    "shorts": [
      "ATOMUSDT",
      "INJUSDT",
      "APTUSDT",
      "DOGEUSDT",
      "FILUSDT",
      "NEARUSDT"
    ],
    "net_pct": 0.226
  },
  "rebalanced_this_cycle": 1,
  "skipped": null,
  "errors": []
}
{
  "generated_at": "2026-08-23T01:39:08.426Z",
  "lane": "v7_positioning_paper",
  "signal": "top_ratio - retail_ratio, cross-sectional rank, dollar-neutral",
  "k": 6,
  "symbols": 24,
  "periods_booked": 37,
  "equity": 1.012776,
  "realised": {
    "total_net_pct": 1.2776,
    "mean_net_pct": 0.037,
    "mean_gross_pct": 0.0465,
    "mean_cost_pct": 0.0095,
    "ann_pct": 112,
    "vol_pct": 18.7,
    "sharpe": 5.98,
    "t_stat": 0.56
  },
  "backtest_expectation": {
    "source": "banked v5 ledger, 24 symbols x 242 periods (40.5 days)",
    "ann_pct": 85.3,
    "vol_pct": 11.8,
    "t_stat": 1.77,
    "cross_sectional_ic": -0.0345,
    "cross_sectional_ic_t": -2.63,
    "caveat": "The BOOK's t is 1.77 — it does not reach 1.96, let alone the 2.73 that Bonferroni over 8 examined features would want. Only the raw cross-sectional IC (t=-2.63) is nominally significant; discretising it into a 6-a-side book and charging turnover costs gives most of that back. Sharpe 7.24 is an annualisation artefact of a 40-day window, not a property of the strategy."
  },
  "sample_requirement": {
    "observed_sd_pct": 0.3999,
    "observed_edge_pct": 0.037,
    "n_for_t196": 449,
    "days_to_n": 75
  },
  "verdict": "ACCUMULATING",
  "live_exposure_usdt": 0,
  "latest": null,
  "rebalanced_this_cycle": 0,
  "skipped": "no unbooked closed periods (latest booked 2026-08-22T20:00:00.000Z)",
  "errors": []
}
{
  "generated_at": "2026-08-23T02:39:13.657Z",
  "lane": "v7_positioning_paper",
  "signal": "top_ratio - retail_ratio, cross-sectional rank, dollar-neutral",
  "k": 6,
  "symbols": 24,
  "periods_booked": 37,
  "equity": 1.012776,
  "realised": {
    "total_net_pct": 1.2776,
    "mean_net_pct": 0.037,
    "mean_gross_pct": 0.0465,
    "mean_cost_pct": 0.0095,
    "ann_pct": 112,
    "vol_pct": 18.7,
    "sharpe": 5.98,
    "t_stat": 0.56
  },
  "backtest_expectation": {
    "source": "banked v5 ledger, 24 symbols x 242 periods (40.5 days)",
    "ann_pct": 85.3,
    "vol_pct": 11.8,
    "t_stat": 1.77,
    "cross_sectional_ic": -0.0345,
    "cross_sectional_ic_t": -2.63,
    "caveat": "The BOOK's t is 1.77 — it does not reach 1.96, let alone the 2.73 that Bonferroni over 8 examined features would want. Only the raw cross-sectional IC (t=-2.63) is nominally significant; discretising it into a 6-a-side book and charging turnover costs gives most of that back. Sharpe 7.24 is an annualisation artefact of a 40-day window, not a property of the strategy."
  },
  "sample_requirement": {
    "observed_sd_pct": 0.3999,
    "observed_edge_pct": 0.037,
    "n_for_t196": 449,
    "days_to_n": 75
  },
  "verdict": "ACCUMULATING",
  "live_exposure_usdt": 0,
  "latest": null,
  "rebalanced_this_cycle": 0,
  "skipped": "no unbooked closed periods (latest booked 2026-08-22T20:00:00.000Z)",
  "errors": []
}
{
  "generated_at": "2026-08-23T03:39:17.082Z",
  "lane": "v7_positioning_paper",
  "signal": "top_ratio - retail_ratio, cross-sectional rank, dollar-neutral",
  "k": 6,
  "symbols": 24,
  "periods_booked": 37,
  "equity": 1.012776,
  "realised": {
    "total_net_pct": 1.2776,
    "mean_net_pct": 0.037,
    "mean_gross_pct": 0.0465,
    "mean_cost_pct": 0.0095,
    "ann_pct": 112,
    "vol_pct": 18.7,
    "sharpe": 5.98,
    "t_stat": 0.56
  },
  "backtest_expectation": {
    "source": "banked v5 ledger, 24 symbols x 242 periods (40.5 days)",
    "ann_pct": 85.3,
    "vol_pct": 11.8,
    "t_stat": 1.77,
    "cross_sectional_ic": -0.0345,
    "cross_sectional_ic_t": -2.63,
    "caveat": "The BOOK's t is 1.77 — it does not reach 1.96, let alone the 2.73 that Bonferroni over 8 examined features would want. Only the raw cross-sectional IC (t=-2.63) is nominally significant; discretising it into a 6-a-side book and charging turnover costs gives most of that back. Sharpe 7.24 is an annualisation artefact of a 40-day window, not a property of the strategy."
  },
  "sample_requirement": {
    "observed_sd_pct": 0.3999,
    "observed_edge_pct": 0.037,
    "n_for_t196": 449,
    "days_to_n": 75
  },
  "verdict": "ACCUMULATING",
  "live_exposure_usdt": 0,
  "latest": null,
  "rebalanced_this_cycle": 0,
  "skipped": "no unbooked closed periods (latest booked 2026-08-22T20:00:00.000Z)",
  "errors": []
}
{
  "generated_at": "2026-08-23T04:39:20.600Z",
  "lane": "v7_positioning_paper",
  "signal": "top_ratio - retail_ratio, cross-sectional rank, dollar-neutral",
  "k": 6,
  "symbols": 24,
  "periods_booked": 38,
  "equity": 1.01955,
  "realised": {
    "total_net_pct": 1.955,
    "mean_net_pct": 0.0536,
    "mean_gross_pct": 0.0628,
    "mean_cost_pct": 0.0092,
    "ann_pct": 205.2,
    "vol_pct": 19.1,
    "sharpe": 10.76,
    "t_stat": 0.81
  },
  "backtest_expectation": {
    "source": "banked v5 ledger, 24 symbols x 242 periods (40.5 days)",
    "ann_pct": 85.3,
    "vol_pct": 11.8,
    "t_stat": 1.77,
    "cross_sectional_ic": -0.0345,
    "cross_sectional_ic_t": -2.63,
    "caveat": "The BOOK's t is 1.77 — it does not reach 1.96, let alone the 2.73 that Bonferroni over 8 examined features would want. Only the raw cross-sectional IC (t=-2.63) is nominally significant; discretising it into a 6-a-side book and charging turnover costs gives most of that back. Sharpe 7.24 is an annualisation artefact of a 40-day window, not a property of the strategy."
  },
  "sample_requirement": {
    "observed_sd_pct": 0.4074,
    "observed_edge_pct": 0.0536,
    "n_for_t196": 222,
    "days_to_n": 37
  },
  "verdict": "ACCUMULATING",
  "live_exposure_usdt": 0,
  "latest": {
    "ts": "2026-08-23T00:00:00.000Z",
    "longs": [
      "ETHUSDT",
      "BNBUSDT",
      "XRPUSDT",
      "ARBUSDT",
      "AAVEUSDT",
      "SOLUSDT"
    ],
    "shorts": [
      "ATOMUSDT",
      "INJUSDT",
      "APTUSDT",
      "DOGEUSDT",
      "FILUSDT",
      "NEARUSDT"
    ],
    "net_pct": 0.6688
  },
  "rebalanced_this_cycle": 1,
  "skipped": null,
  "errors": []
}
{
  "generated_at": "2026-08-23T05:39:24.119Z",
  "lane": "v7_positioning_paper",
  "signal": "top_ratio - retail_ratio, cross-sectional rank, dollar-neutral",
  "k": 6,
  "symbols": 24,
  "periods_booked": 38,
  "equity": 1.01955,
  "realised": {
    "total_net_pct": 1.955,
    "mean_net_pct": 0.0536,
    "mean_gross_pct": 0.0628,
    "mean_cost_pct": 0.0092,
    "ann_pct": 205.2,
    "vol_pct": 19.1,
    "sharpe": 10.76,
    "t_stat": 0.81
  },
  "backtest_expectation": {
    "source": "banked v5 ledger, 24 symbols x 242 periods (40.5 days)",
    "ann_pct": 85.3,
    "vol_pct": 11.8,
    "t_stat": 1.77,
    "cross_sectional_ic": -0.0345,
    "cross_sectional_ic_t": -2.63,
    "caveat": "The BOOK's t is 1.77 — it does not reach 1.96, let alone the 2.73 that Bonferroni over 8 examined features would want. Only the raw cross-sectional IC (t=-2.63) is nominally significant; discretising it into a 6-a-side book and charging turnover costs gives most of that back. Sharpe 7.24 is an annualisation artefact of a 40-day window, not a property of the strategy."
  },
  "sample_requirement": {
    "observed_sd_pct": 0.4074,
    "observed_edge_pct": 0.0536,
    "n_for_t196": 222,
    "days_to_n": 37
  },
  "verdict": "ACCUMULATING",
  "live_exposure_usdt": 0,
  "latest": null,
  "rebalanced_this_cycle": 0,
  "skipped": "no unbooked closed periods (latest booked 2026-08-23T00:00:00.000Z)",
  "errors": []
}
{
  "generated_at": "2026-08-23T06:39:27.742Z",
  "lane": "v7_positioning_paper",
  "signal": "top_ratio - retail_ratio, cross-sectional rank, dollar-neutral",
  "k": 6,
  "symbols": 24,
  "periods_booked": 38,
  "equity": 1.01955,
  "realised": {
    "total_net_pct": 1.955,
    "mean_net_pct": 0.0536,
    "mean_gross_pct": 0.0628,
    "mean_cost_pct": 0.0092,
    "ann_pct": 205.2,
    "vol_pct": 19.1,
    "sharpe": 10.76,
    "t_stat": 0.81
  },
  "backtest_expectation": {
    "source": "banked v5 ledger, 24 symbols x 242 periods (40.5 days)",
    "ann_pct": 85.3,
    "vol_pct": 11.8,
    "t_stat": 1.77,
    "cross_sectional_ic": -0.0345,
    "cross_sectional_ic_t": -2.63,
    "caveat": "The BOOK's t is 1.77 — it does not reach 1.96, let alone the 2.73 that Bonferroni over 8 examined features would want. Only the raw cross-sectional IC (t=-2.63) is nominally significant; discretising it into a 6-a-side book and charging turnover costs gives most of that back. Sharpe 7.24 is an annualisation artefact of a 40-day window, not a property of the strategy."
  },
  "sample_requirement": {
    "observed_sd_pct": 0.4074,
    "observed_edge_pct": 0.0536,
    "n_for_t196": 222,
    "days_to_n": 37
  },
  "verdict": "ACCUMULATING",
  "live_exposure_usdt": 0,
  "latest": null,
  "rebalanced_this_cycle": 0,
  "skipped": "no unbooked closed periods (latest booked 2026-08-23T00:00:00.000Z)",
  "errors": []
}
{
  "generated_at": "2026-08-23T07:39:31.530Z",
  "lane": "v7_positioning_paper",
  "signal": "top_ratio - retail_ratio, cross-sectional rank, dollar-neutral",
  "k": 6,
  "symbols": 24,
  "periods_booked": 38,
  "equity": 1.01955,
  "realised": {
    "total_net_pct": 1.955,
    "mean_net_pct": 0.0536,
    "mean_gross_pct": 0.0628,
    "mean_cost_pct": 0.0092,
    "ann_pct": 205.2,
    "vol_pct": 19.1,
    "sharpe": 10.76,
    "t_stat": 0.81
  },
  "backtest_expectation": {
    "source": "banked v5 ledger, 24 symbols x 242 periods (40.5 days)",
    "ann_pct": 85.3,
    "vol_pct": 11.8,
    "t_stat": 1.77,
    "cross_sectional_ic": -0.0345,
    "cross_sectional_ic_t": -2.63,
    "caveat": "The BOOK's t is 1.77 — it does not reach 1.96, let alone the 2.73 that Bonferroni over 8 examined features would want. Only the raw cross-sectional IC (t=-2.63) is nominally significant; discretising it into a 6-a-side book and charging turnover costs gives most of that back. Sharpe 7.24 is an annualisation artefact of a 40-day window, not a property of the strategy."
  },
  "sample_requirement": {
    "observed_sd_pct": 0.4074,
    "observed_edge_pct": 0.0536,
    "n_for_t196": 222,
    "days_to_n": 37
  },
  "verdict": "ACCUMULATING",
  "live_exposure_usdt": 0,
  "latest": null,
  "rebalanced_this_cycle": 0,
  "skipped": "no unbooked closed periods (latest booked 2026-08-23T00:00:00.000Z)",
  "errors": []
}
{
  "generated_at": "2026-08-23T08:39:35.039Z",
  "lane": "v7_positioning_paper",
  "signal": "top_ratio - retail_ratio, cross-sectional rank, dollar-neutral",
  "k": 6,
  "symbols": 24,
  "periods_booked": 39,
  "equity": 1.015094,
  "realised": {
    "total_net_pct": 1.5094,
    "mean_net_pct": 0.0411,
    "mean_gross_pct": 0.0503,
    "mean_cost_pct": 0.0093,
    "ann_pct": 131.9,
    "vol_pct": 19.2,
    "sharpe": 6.88,
    "t_stat": 0.63
  },
  "backtest_expectation": {
    "source": "banked v5 ledger, 24 symbols x 242 periods (40.5 days)",
    "ann_pct": 85.3,
    "vol_pct": 11.8,
    "t_stat": 1.77,
    "cross_sectional_ic": -0.0345,
    "cross_sectional_ic_t": -2.63,
    "caveat": "The BOOK's t is 1.77 — it does not reach 1.96, let alone the 2.73 that Bonferroni over 8 examined features would want. Only the raw cross-sectional IC (t=-2.63) is nominally significant; discretising it into a 6-a-side book and charging turnover costs gives most of that back. Sharpe 7.24 is an annualisation artefact of a 40-day window, not a property of the strategy."
  },
  "sample_requirement": {
    "observed_sd_pct": 0.4095,
    "observed_edge_pct": 0.0411,
    "n_for_t196": 383,
    "days_to_n": 64
  },
  "verdict": "ACCUMULATING",
  "live_exposure_usdt": 0,
  "latest": {
    "ts": "2026-08-23T04:00:00.000Z",
    "longs": [
      "ETHUSDT",
      "BNBUSDT",
      "XRPUSDT",
      "ARBUSDT",
      "AAVEUSDT",
      "SANDUSDT"
    ],
    "shorts": [
      "INJUSDT",
      "ATOMUSDT",
      "DOGEUSDT",
      "APTUSDT",
      "FILUSDT",
      "NEARUSDT"
    ],
    "net_pct": -0.437
  },
  "rebalanced_this_cycle": 1,
  "skipped": null,
  "errors": []
}
{
  "generated_at": "2026-08-23T09:39:38.467Z",
  "lane": "v7_positioning_paper",
  "signal": "top_ratio - retail_ratio, cross-sectional rank, dollar-neutral",
  "k": 6,
  "symbols": 24,
  "periods_booked": 39,
  "equity": 1.015094,
  "realised": {
    "total_net_pct": 1.5094,
    "mean_net_pct": 0.0411,
    "mean_gross_pct": 0.0503,
    "mean_cost_pct": 0.0093,
    "ann_pct": 131.9,
    "vol_pct": 19.2,
    "sharpe": 6.88,
    "t_stat": 0.63
  },
  "backtest_expectation": {
    "source": "banked v5 ledger, 24 symbols x 242 periods (40.5 days)",
    "ann_pct": 85.3,
    "vol_pct": 11.8,
    "t_stat": 1.77,
    "cross_sectional_ic": -0.0345,
    "cross_sectional_ic_t": -2.63,
    "caveat": "The BOOK's t is 1.77 — it does not reach 1.96, let alone the 2.73 that Bonferroni over 8 examined features would want. Only the raw cross-sectional IC (t=-2.63) is nominally significant; discretising it into a 6-a-side book and charging turnover costs gives most of that back. Sharpe 7.24 is an annualisation artefact of a 40-day window, not a property of the strategy."
  },
  "sample_requirement": {
    "observed_sd_pct": 0.4095,
    "observed_edge_pct": 0.0411,
    "n_for_t196": 383,
    "days_to_n": 64
  },
  "verdict": "ACCUMULATING",
  "live_exposure_usdt": 0,
  "latest": null,
  "rebalanced_this_cycle": 0,
  "skipped": "no unbooked closed periods (latest booked 2026-08-23T04:00:00.000Z)",
  "errors": []
}
{
  "generated_at": "2026-08-23T10:39:42.091Z",
  "lane": "v7_positioning_paper",
  "signal": "top_ratio - retail_ratio, cross-sectional rank, dollar-neutral",
  "k": 6,
  "symbols": 24,
  "periods_booked": 39,
  "equity": 1.015094,
  "realised": {
    "total_net_pct": 1.5094,
    "mean_net_pct": 0.0411,
    "mean_gross_pct": 0.0503,
    "mean_cost_pct": 0.0093,
    "ann_pct": 131.9,
    "vol_pct": 19.2,
    "sharpe": 6.88,
    "t_stat": 0.63
  },
  "backtest_expectation": {
    "source": "banked v5 ledger, 24 symbols x 242 periods (40.5 days)",
    "ann_pct": 85.3,
    "vol_pct": 11.8,
    "t_stat": 1.77,
    "cross_sectional_ic": -0.0345,
    "cross_sectional_ic_t": -2.63,
    "caveat": "The BOOK's t is 1.77 — it does not reach 1.96, let alone the 2.73 that Bonferroni over 8 examined features would want. Only the raw cross-sectional IC (t=-2.63) is nominally significant; discretising it into a 6-a-side book and charging turnover costs gives most of that back. Sharpe 7.24 is an annualisation artefact of a 40-day window, not a property of the strategy."
  },
  "sample_requirement": {
    "observed_sd_pct": 0.4095,
    "observed_edge_pct": 0.0411,
    "n_for_t196": 383,
    "days_to_n": 64
  },
  "verdict": "ACCUMULATING",
  "live_exposure_usdt": 0,
  "latest": null,
  "rebalanced_this_cycle": 0,
  "skipped": "no unbooked closed periods (latest booked 2026-08-23T04:00:00.000Z)",
  "errors": []
}
{
  "generated_at": "2026-08-23T11:39:45.818Z",
  "lane": "v7_positioning_paper",
  "signal": "top_ratio - retail_ratio, cross-sectional rank, dollar-neutral",
  "k": 6,
  "symbols": 24,
  "periods_booked": 39,
  "equity": 1.015094,
  "realised": {
    "total_net_pct": 1.5094,
    "mean_net_pct": 0.0411,
    "mean_gross_pct": 0.0503,
    "mean_cost_pct": 0.0093,
    "ann_pct": 131.9,
    "vol_pct": 19.2,
    "sharpe": 6.88,
    "t_stat": 0.63
  },
  "backtest_expectation": {
    "source": "banked v5 ledger, 24 symbols x 242 periods (40.5 days)",
    "ann_pct": 85.3,
    "vol_pct": 11.8,
    "t_stat": 1.77,
    "cross_sectional_ic": -0.0345,
    "cross_sectional_ic_t": -2.63,
    "caveat": "The BOOK's t is 1.77 — it does not reach 1.96, let alone the 2.73 that Bonferroni over 8 examined features would want. Only the raw cross-sectional IC (t=-2.63) is nominally significant; discretising it into a 6-a-side book and charging turnover costs gives most of that back. Sharpe 7.24 is an annualisation artefact of a 40-day window, not a property of the strategy."
  },
  "sample_requirement": {
    "observed_sd_pct": 0.4095,
    "observed_edge_pct": 0.0411,
    "n_for_t196": 383,
    "days_to_n": 64
  },
  "verdict": "ACCUMULATING",
  "live_exposure_usdt": 0,
  "latest": null,
  "rebalanced_this_cycle": 0,
  "skipped": "no unbooked closed periods (latest booked 2026-08-23T04:00:00.000Z)",
  "errors": []
}
{
  "generated_at": "2026-08-23T12:39:49.330Z",
  "lane": "v7_positioning_paper",
  "signal": "top_ratio - retail_ratio, cross-sectional rank, dollar-neutral",
  "k": 6,
  "symbols": 24,
  "periods_booked": 40,
  "equity": 1.009176,
  "realised": {
    "total_net_pct": 0.9176,
    "mean_net_pct": 0.0255,
    "mean_gross_pct": 0.0345,
    "mean_cost_pct": 0.009,
    "ann_pct": 64.9,
    "vol_pct": 19.5,
    "sharpe": 3.33,
    "t_stat": 0.39
  },
  "backtest_expectation": {
    "source": "banked v5 ledger, 24 symbols x 242 periods (40.5 days)",
    "ann_pct": 85.3,
    "vol_pct": 11.8,
    "t_stat": 1.77,
    "cross_sectional_ic": -0.0345,
    "cross_sectional_ic_t": -2.63,
    "caveat": "The BOOK's t is 1.77 — it does not reach 1.96, let alone the 2.73 that Bonferroni over 8 examined features would want. Only the raw cross-sectional IC (t=-2.63) is nominally significant; discretising it into a 6-a-side book and charging turnover costs gives most of that back. Sharpe 7.24 is an annualisation artefact of a 40-day window, not a property of the strategy."
  },
  "sample_requirement": {
    "observed_sd_pct": 0.4159,
    "observed_edge_pct": 0.0255,
    "n_for_t196": 1026,
    "days_to_n": 171
  },
  "verdict": "ACCUMULATING",
  "live_exposure_usdt": 0,
  "latest": {
    "ts": "2026-08-23T08:00:00.000Z",
    "longs": [
      "ETHUSDT",
      "BNBUSDT",
      "XRPUSDT",
      "ARBUSDT",
      "SANDUSDT",
      "AAVEUSDT"
    ],
    "shorts": [
      "INJUSDT",
      "ATOMUSDT",
      "DOGEUSDT",
      "APTUSDT",
      "FILUSDT",
      "NEARUSDT"
    ],
    "net_pct": -0.583
  },
  "rebalanced_this_cycle": 1,
  "skipped": null,
  "errors": []
}
{
  "generated_at": "2026-08-23T13:39:52.836Z",
  "lane": "v7_positioning_paper",
  "signal": "top_ratio - retail_ratio, cross-sectional rank, dollar-neutral",
  "k": 6,
  "symbols": 24,
  "periods_booked": 40,
  "equity": 1.009176,
  "realised": {
    "total_net_pct": 0.9176,
    "mean_net_pct": 0.0255,
    "mean_gross_pct": 0.0345,
    "mean_cost_pct": 0.009,
    "ann_pct": 64.9,
    "vol_pct": 19.5,
    "sharpe": 3.33,
    "t_stat": 0.39
  },
  "backtest_expectation": {
    "source": "banked v5 ledger, 24 symbols x 242 periods (40.5 days)",
    "ann_pct": 85.3,
    "vol_pct": 11.8,
    "t_stat": 1.77,
    "cross_sectional_ic": -0.0345,
    "cross_sectional_ic_t": -2.63,
    "caveat": "The BOOK's t is 1.77 — it does not reach 1.96, let alone the 2.73 that Bonferroni over 8 examined features would want. Only the raw cross-sectional IC (t=-2.63) is nominally significant; discretising it into a 6-a-side book and charging turnover costs gives most of that back. Sharpe 7.24 is an annualisation artefact of a 40-day window, not a property of the strategy."
  },
  "sample_requirement": {
    "observed_sd_pct": 0.4159,
    "observed_edge_pct": 0.0255,
    "n_for_t196": 1026,
    "days_to_n": 171
  },
  "verdict": "ACCUMULATING",
  "live_exposure_usdt": 0,
  "latest": null,
  "rebalanced_this_cycle": 0,
  "skipped": "no unbooked closed periods (latest booked 2026-08-23T08:00:00.000Z)",
  "errors": []
}
{
  "generated_at": "2026-08-23T14:39:58.261Z",
  "lane": "v7_positioning_paper",
  "signal": "top_ratio - retail_ratio, cross-sectional rank, dollar-neutral",
  "k": 6,
  "symbols": 24,
  "periods_booked": 40,
  "equity": 1.009176,
  "realised": {
    "total_net_pct": 0.9176,
    "mean_net_pct": 0.0255,
    "mean_gross_pct": 0.0345,
    "mean_cost_pct": 0.009,
    "ann_pct": 64.9,
    "vol_pct": 19.5,
    "sharpe": 3.33,
    "t_stat": 0.39
  },
  "backtest_expectation": {
    "source": "banked v5 ledger, 24 symbols x 242 periods (40.5 days)",
    "ann_pct": 85.3,
    "vol_pct": 11.8,
    "t_stat": 1.77,
    "cross_sectional_ic": -0.0345,
    "cross_sectional_ic_t": -2.63,
    "caveat": "The BOOK's t is 1.77 — it does not reach 1.96, let alone the 2.73 that Bonferroni over 8 examined features would want. Only the raw cross-sectional IC (t=-2.63) is nominally significant; discretising it into a 6-a-side book and charging turnover costs gives most of that back. Sharpe 7.24 is an annualisation artefact of a 40-day window, not a property of the strategy."
  },
  "sample_requirement": {
    "observed_sd_pct": 0.4159,
    "observed_edge_pct": 0.0255,
    "n_for_t196": 1026,
    "days_to_n": 171
  },
  "verdict": "ACCUMULATING",
  "live_exposure_usdt": 0,
  "latest": null,
  "rebalanced_this_cycle": 0,
  "skipped": "no unbooked closed periods (latest booked 2026-08-23T08:00:00.000Z)",
  "errors": []
}
{
  "generated_at": "2026-08-23T15:40:01.608Z",
  "lane": "v7_positioning_paper",
  "signal": "top_ratio - retail_ratio, cross-sectional rank, dollar-neutral",
  "k": 6,
  "symbols": 24,
  "periods_booked": 40,
  "equity": 1.009176,
  "realised": {
    "total_net_pct": 0.9176,
    "mean_net_pct": 0.0255,
    "mean_gross_pct": 0.0345,
    "mean_cost_pct": 0.009,
    "ann_pct": 64.9,
    "vol_pct": 19.5,
    "sharpe": 3.33,
    "t_stat": 0.39
  },
  "backtest_expectation": {
    "source": "banked v5 ledger, 24 symbols x 242 periods (40.5 days)",
    "ann_pct": 85.3,
    "vol_pct": 11.8,
    "t_stat": 1.77,
    "cross_sectional_ic": -0.0345,
    "cross_sectional_ic_t": -2.63,
    "caveat": "The BOOK's t is 1.77 — it does not reach 1.96, let alone the 2.73 that Bonferroni over 8 examined features would want. Only the raw cross-sectional IC (t=-2.63) is nominally significant; discretising it into a 6-a-side book and charging turnover costs gives most of that back. Sharpe 7.24 is an annualisation artefact of a 40-day window, not a property of the strategy."
  },
  "sample_requirement": {
    "observed_sd_pct": 0.4159,
    "observed_edge_pct": 0.0255,
    "n_for_t196": 1026,
    "days_to_n": 171
  },
  "verdict": "ACCUMULATING",
  "live_exposure_usdt": 0,
  "latest": null,
  "rebalanced_this_cycle": 0,
  "skipped": "no unbooked closed periods (latest booked 2026-08-23T08:00:00.000Z)",
  "errors": []
}
{
  "generated_at": "2026-08-23T16:40:04.988Z",
  "lane": "v7_positioning_paper",
  "signal": "top_ratio - retail_ratio, cross-sectional rank, dollar-neutral",
  "k": 6,
  "symbols": 24,
  "periods_booked": 41,
  "equity": 1.015415,
  "realised": {
    "total_net_pct": 1.5415,
    "mean_net_pct": 0.0399,
    "mean_gross_pct": 0.0487,
    "mean_cost_pct": 0.0088,
    "ann_pct": 126.4,
    "vol_pct": 19.7,
    "sharpe": 6.42,
    "t_stat": 0.61
  },
  "backtest_expectation": {
    "source": "banked v5 ledger, 24 symbols x 242 periods (40.5 days)",
    "ann_pct": 85.3,
    "vol_pct": 11.8,
    "t_stat": 1.77,
    "cross_sectional_ic": -0.0345,
    "cross_sectional_ic_t": -2.63,
    "caveat": "The BOOK's t is 1.77 — it does not reach 1.96, let alone the 2.73 that Bonferroni over 8 examined features would want. Only the raw cross-sectional IC (t=-2.63) is nominally significant; discretising it into a 6-a-side book and charging turnover costs gives most of that back. Sharpe 7.24 is an annualisation artefact of a 40-day window, not a property of the strategy."
  },
  "sample_requirement": {
    "observed_sd_pct": 0.4209,
    "observed_edge_pct": 0.0399,
    "n_for_t196": 428,
    "days_to_n": 71
  },
  "verdict": "ACCUMULATING",
  "live_exposure_usdt": 0,
  "latest": {
    "ts": "2026-08-23T12:00:00.000Z",
    "longs": [
      "ETHUSDT",
      "BNBUSDT",
      "ARBUSDT",
      "XRPUSDT",
      "SANDUSDT",
      "AAVEUSDT"
    ],
    "shorts": [
      "ATOMUSDT",
      "INJUSDT",
      "DOGEUSDT",
      "APTUSDT",
      "FILUSDT",
      "NEARUSDT"
    ],
    "net_pct": 0.6182
  },
  "rebalanced_this_cycle": 1,
  "skipped": null,
  "errors": []
}
{
  "generated_at": "2026-08-23T17:40:08.631Z",
  "lane": "v7_positioning_paper",
  "signal": "top_ratio - retail_ratio, cross-sectional rank, dollar-neutral",
  "k": 6,
  "symbols": 24,
  "periods_booked": 41,
  "equity": 1.015415,
  "realised": {
    "total_net_pct": 1.5415,
    "mean_net_pct": 0.0399,
    "mean_gross_pct": 0.0487,
    "mean_cost_pct": 0.0088,
    "ann_pct": 126.4,
    "vol_pct": 19.7,
    "sharpe": 6.42,
    "t_stat": 0.61
  },
  "backtest_expectation": {
    "source": "banked v5 ledger, 24 symbols x 242 periods (40.5 days)",
    "ann_pct": 85.3,
    "vol_pct": 11.8,
    "t_stat": 1.77,
    "cross_sectional_ic": -0.0345,
    "cross_sectional_ic_t": -2.63,
    "caveat": "The BOOK's t is 1.77 — it does not reach 1.96, let alone the 2.73 that Bonferroni over 8 examined features would want. Only the raw cross-sectional IC (t=-2.63) is nominally significant; discretising it into a 6-a-side book and charging turnover costs gives most of that back. Sharpe 7.24 is an annualisation artefact of a 40-day window, not a property of the strategy."
  },
  "sample_requirement": {
    "observed_sd_pct": 0.4209,
    "observed_edge_pct": 0.0399,
    "n_for_t196": 428,
    "days_to_n": 71
  },
  "verdict": "ACCUMULATING",
  "live_exposure_usdt": 0,
  "latest": null,
  "rebalanced_this_cycle": 0,
  "skipped": "no unbooked closed periods (latest booked 2026-08-23T12:00:00.000Z)",
  "errors": []
}
{
  "generated_at": "2026-08-23T18:40:12.046Z",
  "lane": "v7_positioning_paper",
  "signal": "top_ratio - retail_ratio, cross-sectional rank, dollar-neutral",
  "k": 6,
  "symbols": 24,
  "periods_booked": 41,
  "equity": 1.015415,
  "realised": {
    "total_net_pct": 1.5415,
    "mean_net_pct": 0.0399,
    "mean_gross_pct": 0.0487,
    "mean_cost_pct": 0.0088,
    "ann_pct": 126.4,
    "vol_pct": 19.7,
    "sharpe": 6.42,
    "t_stat": 0.61
  },
  "backtest_expectation": {
    "source": "banked v5 ledger, 24 symbols x 242 periods (40.5 days)",
    "ann_pct": 85.3,
    "vol_pct": 11.8,
    "t_stat": 1.77,
    "cross_sectional_ic": -0.0345,
    "cross_sectional_ic_t": -2.63,
    "caveat": "The BOOK's t is 1.77 — it does not reach 1.96, let alone the 2.73 that Bonferroni over 8 examined features would want. Only the raw cross-sectional IC (t=-2.63) is nominally significant; discretising it into a 6-a-side book and charging turnover costs gives most of that back. Sharpe 7.24 is an annualisation artefact of a 40-day window, not a property of the strategy."
  },
  "sample_requirement": {
    "observed_sd_pct": 0.4209,
    "observed_edge_pct": 0.0399,
    "n_for_t196": 428,
    "days_to_n": 71
  },
  "verdict": "ACCUMULATING",
  "live_exposure_usdt": 0,
  "latest": null,
  "rebalanced_this_cycle": 0,
  "skipped": "no unbooked closed periods (latest booked 2026-08-23T12:00:00.000Z)",
  "errors": []
}
{
  "generated_at": "2026-08-23T19:40:17.365Z",
  "lane": "v7_positioning_paper",
  "signal": "top_ratio - retail_ratio, cross-sectional rank, dollar-neutral",
  "k": 6,
  "symbols": 24,
  "periods_booked": 41,
  "equity": 1.015415,
  "realised": {
    "total_net_pct": 1.5415,
    "mean_net_pct": 0.0399,
    "mean_gross_pct": 0.0487,
    "mean_cost_pct": 0.0088,
    "ann_pct": 126.4,
    "vol_pct": 19.7,
    "sharpe": 6.42,
    "t_stat": 0.61
  },
  "backtest_expectation": {
    "source": "banked v5 ledger, 24 symbols x 242 periods (40.5 days)",
    "ann_pct": 85.3,
    "vol_pct": 11.8,
    "t_stat": 1.77,
    "cross_sectional_ic": -0.0345,
    "cross_sectional_ic_t": -2.63,
    "caveat": "The BOOK's t is 1.77 — it does not reach 1.96, let alone the 2.73 that Bonferroni over 8 examined features would want. Only the raw cross-sectional IC (t=-2.63) is nominally significant; discretising it into a 6-a-side book and charging turnover costs gives most of that back. Sharpe 7.24 is an annualisation artefact of a 40-day window, not a property of the strategy."
  },
  "sample_requirement": {
    "observed_sd_pct": 0.4209,
    "observed_edge_pct": 0.0399,
    "n_for_t196": 428,
    "days_to_n": 71
  },
  "verdict": "ACCUMULATING",
  "live_exposure_usdt": 0,
  "latest": null,
  "rebalanced_this_cycle": 0,
  "skipped": "no unbooked closed periods (latest booked 2026-08-23T12:00:00.000Z)",
  "errors": []
}
{
  "generated_at": "2026-08-23T20:40:22.648Z",
  "lane": "v7_positioning_paper",
  "signal": "top_ratio - retail_ratio, cross-sectional rank, dollar-neutral",
  "k": 6,
  "symbols": 24,
  "periods_booked": 42,
  "equity": 1.014523,
  "realised": {
    "total_net_pct": 1.4523,
    "mean_net_pct": 0.0369,
    "mean_gross_pct": 0.0455,
    "mean_cost_pct": 0.0086,
    "ann_pct": 112.1,
    "vol_pct": 19.5,
    "sharpe": 5.75,
    "t_stat": 0.57
  },
  "backtest_expectation": {
    "source": "banked v5 ledger, 24 symbols x 242 periods (40.5 days)",
    "ann_pct": 85.3,
    "vol_pct": 11.8,
    "t_stat": 1.77,
    "cross_sectional_ic": -0.0345,
    "cross_sectional_ic_t": -2.63,
    "caveat": "The BOOK's t is 1.77 — it does not reach 1.96, let alone the 2.73 that Bonferroni over 8 examined features would want. Only the raw cross-sectional IC (t=-2.63) is nominally significant; discretising it into a 6-a-side book and charging turnover costs gives most of that back. Sharpe 7.24 is an annualisation artefact of a 40-day window, not a property of the strategy."
  },
  "sample_requirement": {
    "observed_sd_pct": 0.4163,
    "observed_edge_pct": 0.0369,
    "n_for_t196": 490,
    "days_to_n": 82
  },
  "verdict": "ACCUMULATING",
  "live_exposure_usdt": 0,
  "latest": {
    "ts": "2026-08-23T16:00:00.000Z",
    "longs": [
      "ETHUSDT",
      "BNBUSDT",
      "XRPUSDT",
      "ARBUSDT",
      "AAVEUSDT",
      "SANDUSDT"
    ],
    "shorts": [
      "ATOMUSDT",
      "INJUSDT",
      "DOGEUSDT",
      "FILUSDT",
      "APTUSDT",
      "NEARUSDT"
    ],
    "net_pct": -0.0879
  },
  "rebalanced_this_cycle": 1,
  "skipped": null,
  "errors": []
}
{
  "generated_at": "2026-08-23T21:40:27.760Z",
  "lane": "v7_positioning_paper",
  "signal": "top_ratio - retail_ratio, cross-sectional rank, dollar-neutral",
  "k": 6,
  "symbols": 24,
  "periods_booked": 42,
  "equity": 1.014523,
  "realised": {
    "total_net_pct": 1.4523,
    "mean_net_pct": 0.0369,
    "mean_gross_pct": 0.0455,
    "mean_cost_pct": 0.0086,
    "ann_pct": 112.1,
    "vol_pct": 19.5,
    "sharpe": 5.75,
    "t_stat": 0.57
  },
  "backtest_expectation": {
    "source": "banked v5 ledger, 24 symbols x 242 periods (40.5 days)",
    "ann_pct": 85.3,
    "vol_pct": 11.8,
    "t_stat": 1.77,
    "cross_sectional_ic": -0.0345,
    "cross_sectional_ic_t": -2.63,
    "caveat": "The BOOK's t is 1.77 — it does not reach 1.96, let alone the 2.73 that Bonferroni over 8 examined features would want. Only the raw cross-sectional IC (t=-2.63) is nominally significant; discretising it into a 6-a-side book and charging turnover costs gives most of that back. Sharpe 7.24 is an annualisation artefact of a 40-day window, not a property of the strategy."
  },
  "sample_requirement": {
    "observed_sd_pct": 0.4163,
    "observed_edge_pct": 0.0369,
    "n_for_t196": 490,
    "days_to_n": 82
  },
  "verdict": "ACCUMULATING",
  "live_exposure_usdt": 0,
  "latest": null,
  "rebalanced_this_cycle": 0,
  "skipped": "no unbooked closed periods (latest booked 2026-08-23T16:00:00.000Z)",
  "errors": []
}
{
  "generated_at": "2026-08-23T22:40:32.875Z",
  "lane": "v7_positioning_paper",
  "signal": "top_ratio - retail_ratio, cross-sectional rank, dollar-neutral",
  "k": 6,
  "symbols": 24,
  "periods_booked": 42,
  "equity": 1.014523,
  "realised": {
    "total_net_pct": 1.4523,
    "mean_net_pct": 0.0369,
    "mean_gross_pct": 0.0455,
    "mean_cost_pct": 0.0086,
    "ann_pct": 112.1,
    "vol_pct": 19.5,
    "sharpe": 5.75,
    "t_stat": 0.57
  },
  "backtest_expectation": {
    "source": "banked v5 ledger, 24 symbols x 242 periods (40.5 days)",
    "ann_pct": 85.3,
    "vol_pct": 11.8,
    "t_stat": 1.77,
    "cross_sectional_ic": -0.0345,
    "cross_sectional_ic_t": -2.63,
    "caveat": "The BOOK's t is 1.77 — it does not reach 1.96, let alone the 2.73 that Bonferroni over 8 examined features would want. Only the raw cross-sectional IC (t=-2.63) is nominally significant; discretising it into a 6-a-side book and charging turnover costs gives most of that back. Sharpe 7.24 is an annualisation artefact of a 40-day window, not a property of the strategy."
  },
  "sample_requirement": {
    "observed_sd_pct": 0.4163,
    "observed_edge_pct": 0.0369,
    "n_for_t196": 490,
    "days_to_n": 82
  },
  "verdict": "ACCUMULATING",
  "live_exposure_usdt": 0,
  "latest": null,
  "rebalanced_this_cycle": 0,
  "skipped": "no unbooked closed periods (latest booked 2026-08-23T16:00:00.000Z)",
  "errors": []
}
{
  "generated_at": "2026-08-23T23:40:36.331Z",
  "lane": "v7_positioning_paper",
  "signal": "top_ratio - retail_ratio, cross-sectional rank, dollar-neutral",
  "k": 6,
  "symbols": 24,
  "periods_booked": 42,
  "equity": 1.014523,
  "realised": {
    "total_net_pct": 1.4523,
    "mean_net_pct": 0.0369,
    "mean_gross_pct": 0.0455,
    "mean_cost_pct": 0.0086,
    "ann_pct": 112.1,
    "vol_pct": 19.5,
    "sharpe": 5.75,
    "t_stat": 0.57
  },
  "backtest_expectation": {
    "source": "banked v5 ledger, 24 symbols x 242 periods (40.5 days)",
    "ann_pct": 85.3,
    "vol_pct": 11.8,
    "t_stat": 1.77,
    "cross_sectional_ic": -0.0345,
    "cross_sectional_ic_t": -2.63,
    "caveat": "The BOOK's t is 1.77 — it does not reach 1.96, let alone the 2.73 that Bonferroni over 8 examined features would want. Only the raw cross-sectional IC (t=-2.63) is nominally significant; discretising it into a 6-a-side book and charging turnover costs gives most of that back. Sharpe 7.24 is an annualisation artefact of a 40-day window, not a property of the strategy."
  },
  "sample_requirement": {
    "observed_sd_pct": 0.4163,
    "observed_edge_pct": 0.0369,
    "n_for_t196": 490,
    "days_to_n": 82
  },
  "verdict": "ACCUMULATING",
  "live_exposure_usdt": 0,
  "latest": null,
  "rebalanced_this_cycle": 0,
  "skipped": "no unbooked closed periods (latest booked 2026-08-23T16:00:00.000Z)",
  "errors": []
}
{
  "generated_at": "2026-08-24T00:40:39.704Z",
  "lane": "v7_positioning_paper",
  "signal": "top_ratio - retail_ratio, cross-sectional rank, dollar-neutral",
  "k": 6,
  "symbols": 24,
  "periods_booked": 43,
  "equity": 1.013742,
  "realised": {
    "total_net_pct": 1.3742,
    "mean_net_pct": 0.0342,
    "mean_gross_pct": 0.0429,
    "mean_cost_pct": 0.0087,
    "ann_pct": 100.4,
    "vol_pct": 19.3,
    "sharpe": 5.21,
    "t_stat": 0.54
  },
  "backtest_expectation": {
    "source": "banked v5 ledger, 24 symbols x 242 periods (40.5 days)",
    "ann_pct": 85.3,
    "vol_pct": 11.8,
    "t_stat": 1.77,
    "cross_sectional_ic": -0.0345,
    "cross_sectional_ic_t": -2.63,
    "caveat": "The BOOK's t is 1.77 — it does not reach 1.96, let alone the 2.73 that Bonferroni over 8 examined features would want. Only the raw cross-sectional IC (t=-2.63) is nominally significant; discretising it into a 6-a-side book and charging turnover costs gives most of that back. Sharpe 7.24 is an annualisation artefact of a 40-day window, not a property of the strategy."
  },
  "sample_requirement": {
    "observed_sd_pct": 0.4118,
    "observed_edge_pct": 0.0342,
    "n_for_t196": 557,
    "days_to_n": 93
  },
  "verdict": "ACCUMULATING",
  "live_exposure_usdt": 0,
  "latest": {
    "ts": "2026-08-23T20:00:00.000Z",
    "longs": [
      "ETHUSDT",
      "BNBUSDT",
      "XRPUSDT",
      "ARBUSDT",
      "SANDUSDT",
      "AAVEUSDT"
    ],
    "shorts": [
      "TIAUSDT",
      "INJUSDT",
      "DOGEUSDT",
      "FILUSDT",
      "APTUSDT",
      "NEARUSDT"
    ],
    "net_pct": -0.077
  },
  "rebalanced_this_cycle": 1,
  "skipped": null,
  "errors": []
}
{
  "generated_at": "2026-08-24T01:40:43.246Z",
  "lane": "v7_positioning_paper",
  "signal": "top_ratio - retail_ratio, cross-sectional rank, dollar-neutral",
  "k": 6,
  "symbols": 24,
  "periods_booked": 43,
  "equity": 1.013742,
  "realised": {
    "total_net_pct": 1.3742,
    "mean_net_pct": 0.0342,
    "mean_gross_pct": 0.0429,
    "mean_cost_pct": 0.0087,
    "ann_pct": 100.4,
    "vol_pct": 19.3,
    "sharpe": 5.21,
    "t_stat": 0.54
  },
  "backtest_expectation": {
    "source": "banked v5 ledger, 24 symbols x 242 periods (40.5 days)",
    "ann_pct": 85.3,
    "vol_pct": 11.8,
    "t_stat": 1.77,
    "cross_sectional_ic": -0.0345,
    "cross_sectional_ic_t": -2.63,
    "caveat": "The BOOK's t is 1.77 — it does not reach 1.96, let alone the 2.73 that Bonferroni over 8 examined features would want. Only the raw cross-sectional IC (t=-2.63) is nominally significant; discretising it into a 6-a-side book and charging turnover costs gives most of that back. Sharpe 7.24 is an annualisation artefact of a 40-day window, not a property of the strategy."
  },
  "sample_requirement": {
    "observed_sd_pct": 0.4118,
    "observed_edge_pct": 0.0342,
    "n_for_t196": 557,
    "days_to_n": 93
  },
  "verdict": "ACCUMULATING",
  "live_exposure_usdt": 0,
  "latest": null,
  "rebalanced_this_cycle": 0,
  "skipped": "no unbooked closed periods (latest booked 2026-08-23T20:00:00.000Z)",
  "errors": []
}
{
  "generated_at": "2026-08-24T02:40:46.610Z",
  "lane": "v7_positioning_paper",
  "signal": "top_ratio - retail_ratio, cross-sectional rank, dollar-neutral",
  "k": 6,
  "symbols": 24,
  "periods_booked": 43,
  "equity": 1.013742,
  "realised": {
    "total_net_pct": 1.3742,
    "mean_net_pct": 0.0342,
    "mean_gross_pct": 0.0429,
    "mean_cost_pct": 0.0087,
    "ann_pct": 100.4,
    "vol_pct": 19.3,
    "sharpe": 5.21,
    "t_stat": 0.54
  },
  "backtest_expectation": {
    "source": "banked v5 ledger, 24 symbols x 242 periods (40.5 days)",
    "ann_pct": 85.3,
    "vol_pct": 11.8,
    "t_stat": 1.77,
    "cross_sectional_ic": -0.0345,
    "cross_sectional_ic_t": -2.63,
    "caveat": "The BOOK's t is 1.77 — it does not reach 1.96, let alone the 2.73 that Bonferroni over 8 examined features would want. Only the raw cross-sectional IC (t=-2.63) is nominally significant; discretising it into a 6-a-side book and charging turnover costs gives most of that back. Sharpe 7.24 is an annualisation artefact of a 40-day window, not a property of the strategy."
  },
  "sample_requirement": {
    "observed_sd_pct": 0.4118,
    "observed_edge_pct": 0.0342,
    "n_for_t196": 557,
    "days_to_n": 93
  },
  "verdict": "ACCUMULATING",
  "live_exposure_usdt": 0,
  "latest": null,
  "rebalanced_this_cycle": 0,
  "skipped": "no unbooked closed periods (latest booked 2026-08-23T20:00:00.000Z)",
  "errors": []
}
{
  "generated_at": "2026-08-24T03:40:50.024Z",
  "lane": "v7_positioning_paper",
  "signal": "top_ratio - retail_ratio, cross-sectional rank, dollar-neutral",
  "k": 6,
  "symbols": 24,
  "periods_booked": 43,
  "equity": 1.013742,
  "realised": {
    "total_net_pct": 1.3742,
    "mean_net_pct": 0.0342,
    "mean_gross_pct": 0.0429,
    "mean_cost_pct": 0.0087,
    "ann_pct": 100.4,
    "vol_pct": 19.3,
    "sharpe": 5.21,
    "t_stat": 0.54
  },
  "backtest_expectation": {
    "source": "banked v5 ledger, 24 symbols x 242 periods (40.5 days)",
    "ann_pct": 85.3,
    "vol_pct": 11.8,
    "t_stat": 1.77,
    "cross_sectional_ic": -0.0345,
    "cross_sectional_ic_t": -2.63,
    "caveat": "The BOOK's t is 1.77 — it does not reach 1.96, let alone the 2.73 that Bonferroni over 8 examined features would want. Only the raw cross-sectional IC (t=-2.63) is nominally significant; discretising it into a 6-a-side book and charging turnover costs gives most of that back. Sharpe 7.24 is an annualisation artefact of a 40-day window, not a property of the strategy."
  },
  "sample_requirement": {
    "observed_sd_pct": 0.4118,
    "observed_edge_pct": 0.0342,
    "n_for_t196": 557,
    "days_to_n": 93
  },
  "verdict": "ACCUMULATING",
  "live_exposure_usdt": 0,
  "latest": null,
  "rebalanced_this_cycle": 0,
  "skipped": "no unbooked closed periods (latest booked 2026-08-23T20:00:00.000Z)",
  "errors": []
}
{
  "generated_at": "2026-08-24T04:40:53.397Z",
  "lane": "v7_positioning_paper",
  "signal": "top_ratio - retail_ratio, cross-sectional rank, dollar-neutral",
  "k": 6,
  "symbols": 24,
  "periods_booked": 44,
  "equity": 1.015847,
  "realised": {
    "total_net_pct": 1.5847,
    "mean_net_pct": 0.0382,
    "mean_gross_pct": 0.0466,
    "mean_cost_pct": 0.0085,
    "ann_pct": 118.7,
    "vol_pct": 19.1,
    "sharpe": 6.22,
    "t_stat": 0.62
  },
  "backtest_expectation": {
    "source": "banked v5 ledger, 24 symbols x 242 periods (40.5 days)",
    "ann_pct": 85.3,
    "vol_pct": 11.8,
    "t_stat": 1.77,
    "cross_sectional_ic": -0.0345,
    "cross_sectional_ic_t": -2.63,
    "caveat": "The BOOK's t is 1.77 — it does not reach 1.96, let alone the 2.73 that Bonferroni over 8 examined features would want. Only the raw cross-sectional IC (t=-2.63) is nominally significant; discretising it into a 6-a-side book and charging turnover costs gives most of that back. Sharpe 7.24 is an annualisation artefact of a 40-day window, not a property of the strategy."
  },
  "sample_requirement": {
    "observed_sd_pct": 0.4079,
    "observed_edge_pct": 0.0382,
    "n_for_t196": 439,
    "days_to_n": 73
  },
  "verdict": "ACCUMULATING",
  "live_exposure_usdt": 0,
  "latest": {
    "ts": "2026-08-24T00:00:00.000Z",
    "longs": [
      "ETHUSDT",
      "BNBUSDT",
      "XRPUSDT",
      "ARBUSDT",
      "SANDUSDT",
      "AAVEUSDT"
    ],
    "shorts": [
      "INJUSDT",
      "TIAUSDT",
      "DOGEUSDT",
      "FILUSDT",
      "NEARUSDT",
      "APTUSDT"
    ],
    "net_pct": 0.2076
  },
  "rebalanced_this_cycle": 1,
  "skipped": null,
  "errors": []
}
{
  "generated_at": "2026-08-24T05:40:58.661Z",
  "lane": "v7_positioning_paper",
  "signal": "top_ratio - retail_ratio, cross-sectional rank, dollar-neutral",
  "k": 6,
  "symbols": 24,
  "periods_booked": 44,
  "equity": 1.015847,
  "realised": {
    "total_net_pct": 1.5847,
    "mean_net_pct": 0.0382,
    "mean_gross_pct": 0.0466,
    "mean_cost_pct": 0.0085,
    "ann_pct": 118.7,
    "vol_pct": 19.1,
    "sharpe": 6.22,
    "t_stat": 0.62
  },
  "backtest_expectation": {
    "source": "banked v5 ledger, 24 symbols x 242 periods (40.5 days)",
    "ann_pct": 85.3,
    "vol_pct": 11.8,
    "t_stat": 1.77,
    "cross_sectional_ic": -0.0345,
    "cross_sectional_ic_t": -2.63,
    "caveat": "The BOOK's t is 1.77 — it does not reach 1.96, let alone the 2.73 that Bonferroni over 8 examined features would want. Only the raw cross-sectional IC (t=-2.63) is nominally significant; discretising it into a 6-a-side book and charging turnover costs gives most of that back. Sharpe 7.24 is an annualisation artefact of a 40-day window, not a property of the strategy."
  },
  "sample_requirement": {
    "observed_sd_pct": 0.4079,
    "observed_edge_pct": 0.0382,
    "n_for_t196": 439,
    "days_to_n": 73
  },
  "verdict": "ACCUMULATING",
  "live_exposure_usdt": 0,
  "latest": null,
  "rebalanced_this_cycle": 0,
  "skipped": "no unbooked closed periods (latest booked 2026-08-24T00:00:00.000Z)",
  "errors": []
}
{
  "generated_at": "2026-08-24T06:41:02.282Z",
  "lane": "v7_positioning_paper",
  "signal": "top_ratio - retail_ratio, cross-sectional rank, dollar-neutral",
  "k": 6,
  "symbols": 24,
  "periods_booked": 44,
  "equity": 1.015847,
  "realised": {
    "total_net_pct": 1.5847,
    "mean_net_pct": 0.0382,
    "mean_gross_pct": 0.0466,
    "mean_cost_pct": 0.0085,
    "ann_pct": 118.7,
    "vol_pct": 19.1,
    "sharpe": 6.22,
    "t_stat": 0.62
  },
  "backtest_expectation": {
    "source": "banked v5 ledger, 24 symbols x 242 periods (40.5 days)",
    "ann_pct": 85.3,
    "vol_pct": 11.8,
    "t_stat": 1.77,
    "cross_sectional_ic": -0.0345,
    "cross_sectional_ic_t": -2.63,
    "caveat": "The BOOK's t is 1.77 — it does not reach 1.96, let alone the 2.73 that Bonferroni over 8 examined features would want. Only the raw cross-sectional IC (t=-2.63) is nominally significant; discretising it into a 6-a-side book and charging turnover costs gives most of that back. Sharpe 7.24 is an annualisation artefact of a 40-day window, not a property of the strategy."
  },
  "sample_requirement": {
    "observed_sd_pct": 0.4079,
    "observed_edge_pct": 0.0382,
    "n_for_t196": 439,
    "days_to_n": 73
  },
  "verdict": "ACCUMULATING",
  "live_exposure_usdt": 0,
  "latest": null,
  "rebalanced_this_cycle": 0,
  "skipped": "no unbooked closed periods (latest booked 2026-08-24T00:00:00.000Z)",
  "errors": []
}
{
  "generated_at": "2026-08-24T07:41:07.568Z",
  "lane": "v7_positioning_paper",
  "signal": "top_ratio - retail_ratio, cross-sectional rank, dollar-neutral",
  "k": 6,
  "symbols": 24,
  "periods_booked": 44,
  "equity": 1.015847,
  "realised": {
    "total_net_pct": 1.5847,
    "mean_net_pct": 0.0382,
    "mean_gross_pct": 0.0466,
    "mean_cost_pct": 0.0085,
    "ann_pct": 118.7,
    "vol_pct": 19.1,
    "sharpe": 6.22,
    "t_stat": 0.62
  },
  "backtest_expectation": {
    "source": "banked v5 ledger, 24 symbols x 242 periods (40.5 days)",
    "ann_pct": 85.3,
    "vol_pct": 11.8,
    "t_stat": 1.77,
    "cross_sectional_ic": -0.0345,
    "cross_sectional_ic_t": -2.63,
    "caveat": "The BOOK's t is 1.77 — it does not reach 1.96, let alone the 2.73 that Bonferroni over 8 examined features would want. Only the raw cross-sectional IC (t=-2.63) is nominally significant; discretising it into a 6-a-side book and charging turnover costs gives most of that back. Sharpe 7.24 is an annualisation artefact of a 40-day window, not a property of the strategy."
  },
  "sample_requirement": {
    "observed_sd_pct": 0.4079,
    "observed_edge_pct": 0.0382,
    "n_for_t196": 439,
    "days_to_n": 73
  },
  "verdict": "ACCUMULATING",
  "live_exposure_usdt": 0,
  "latest": null,
  "rebalanced_this_cycle": 0,
  "skipped": "no unbooked closed periods (latest booked 2026-08-24T00:00:00.000Z)",
  "errors": []
}
{
  "generated_at": "2026-08-24T08:41:11.026Z",
  "lane": "v7_positioning_paper",
  "signal": "top_ratio - retail_ratio, cross-sectional rank, dollar-neutral",
  "k": 6,
  "symbols": 24,
  "periods_booked": 45,
  "equity": 1.010958,
  "realised": {
    "total_net_pct": 1.0958,
    "mean_net_pct": 0.0266,
    "mean_gross_pct": 0.0352,
    "mean_cost_pct": 0.0086,
    "ann_pct": 70,
    "vol_pct": 19.2,
    "sharpe": 3.64,
    "t_stat": 0.43
  },
  "backtest_expectation": {
    "source": "banked v5 ledger, 24 symbols x 242 periods (40.5 days)",
    "ann_pct": 85.3,
    "vol_pct": 11.8,
    "t_stat": 1.77,
    "cross_sectional_ic": -0.0345,
    "cross_sectional_ic_t": -2.63,
    "caveat": "The BOOK's t is 1.77 — it does not reach 1.96, let alone the 2.73 that Bonferroni over 8 examined features would want. Only the raw cross-sectional IC (t=-2.63) is nominally significant; discretising it into a 6-a-side book and charging turnover costs gives most of that back. Sharpe 7.24 is an annualisation artefact of a 40-day window, not a property of the strategy."
  },
  "sample_requirement": {
    "observed_sd_pct": 0.4105,
    "observed_edge_pct": 0.0266,
    "n_for_t196": 915,
    "days_to_n": 153
  },
  "verdict": "ACCUMULATING",
  "live_exposure_usdt": 0,
  "latest": {
    "ts": "2026-08-24T04:00:00.000Z",
    "longs": [
      "ETHUSDT",
      "BNBUSDT",
      "XRPUSDT",
      "ARBUSDT",
      "SANDUSDT",
      "AAVEUSDT"
    ],
    "shorts": [
      "TIAUSDT",
      "ATOMUSDT",
      "DOGEUSDT",
      "FILUSDT",
      "APTUSDT",
      "NEARUSDT"
    ],
    "net_pct": -0.4813
  },
  "rebalanced_this_cycle": 1,
  "skipped": null,
  "errors": []
}
{
  "generated_at": "2026-08-24T09:41:10.543Z",
  "lane": "v7_positioning_paper",
  "signal": "top_ratio - retail_ratio, cross-sectional rank, dollar-neutral",
  "k": 6,
  "symbols": 24,
  "periods_booked": 45,
  "equity": 1.010958,
  "realised": {
    "total_net_pct": 1.0958,
    "mean_net_pct": 0.0266,
    "mean_gross_pct": 0.0352,
    "mean_cost_pct": 0.0086,
    "ann_pct": 70,
    "vol_pct": 19.2,
    "sharpe": 3.64,
    "t_stat": 0.43
  },
  "backtest_expectation": {
    "source": "banked v5 ledger, 24 symbols x 242 periods (40.5 days)",
    "ann_pct": 85.3,
    "vol_pct": 11.8,
    "t_stat": 1.77,
    "cross_sectional_ic": -0.0345,
    "cross_sectional_ic_t": -2.63,
    "caveat": "The BOOK's t is 1.77 — it does not reach 1.96, let alone the 2.73 that Bonferroni over 8 examined features would want. Only the raw cross-sectional IC (t=-2.63) is nominally significant; discretising it into a 6-a-side book and charging turnover costs gives most of that back. Sharpe 7.24 is an annualisation artefact of a 40-day window, not a property of the strategy."
  },
  "sample_requirement": {
    "observed_sd_pct": 0.4105,
    "observed_edge_pct": 0.0266,
    "n_for_t196": 915,
    "days_to_n": 153
  },
  "verdict": "ACCUMULATING",
  "live_exposure_usdt": 0,
  "latest": null,
  "rebalanced_this_cycle": 0,
  "skipped": "no unbooked closed periods (latest booked 2026-08-24T04:00:00.000Z)",
  "errors": []
}
{
  "generated_at": "2026-08-24T10:41:15.741Z",
  "lane": "v7_positioning_paper",
  "signal": "top_ratio - retail_ratio, cross-sectional rank, dollar-neutral",
  "k": 6,
  "symbols": 24,
  "periods_booked": 45,
  "equity": 1.010958,
  "realised": {
    "total_net_pct": 1.0958,
    "mean_net_pct": 0.0266,
    "mean_gross_pct": 0.0352,
    "mean_cost_pct": 0.0086,
    "ann_pct": 70,
    "vol_pct": 19.2,
    "sharpe": 3.64,
    "t_stat": 0.43
  },
  "backtest_expectation": {
    "source": "banked v5 ledger, 24 symbols x 242 periods (40.5 days)",
    "ann_pct": 85.3,
    "vol_pct": 11.8,
    "t_stat": 1.77,
    "cross_sectional_ic": -0.0345,
    "cross_sectional_ic_t": -2.63,
    "caveat": "The BOOK's t is 1.77 — it does not reach 1.96, let alone the 2.73 that Bonferroni over 8 examined features would want. Only the raw cross-sectional IC (t=-2.63) is nominally significant; discretising it into a 6-a-side book and charging turnover costs gives most of that back. Sharpe 7.24 is an annualisation artefact of a 40-day window, not a property of the strategy."
  },
  "sample_requirement": {
    "observed_sd_pct": 0.4105,
    "observed_edge_pct": 0.0266,
    "n_for_t196": 915,
    "days_to_n": 153
  },
  "verdict": "ACCUMULATING",
  "live_exposure_usdt": 0,
  "latest": null,
  "rebalanced_this_cycle": 0,
  "skipped": "no unbooked closed periods (latest booked 2026-08-24T04:00:00.000Z)",
  "errors": []
}
{
  "generated_at": "2026-08-24T11:41:25.209Z",
  "lane": "v7_positioning_paper",
  "signal": "top_ratio - retail_ratio, cross-sectional rank, dollar-neutral",
  "k": 6,
  "symbols": 24,
  "periods_booked": 45,
  "equity": 1.010958,
  "realised": {
    "total_net_pct": 1.0958,
    "mean_net_pct": 0.0266,
    "mean_gross_pct": 0.0352,
    "mean_cost_pct": 0.0086,
    "ann_pct": 70,
    "vol_pct": 19.2,
    "sharpe": 3.64,
    "t_stat": 0.43
  },
  "backtest_expectation": {
    "source": "banked v5 ledger, 24 symbols x 242 periods (40.5 days)",
    "ann_pct": 85.3,
    "vol_pct": 11.8,
    "t_stat": 1.77,
    "cross_sectional_ic": -0.0345,
    "cross_sectional_ic_t": -2.63,
    "caveat": "The BOOK's t is 1.77 — it does not reach 1.96, let alone the 2.73 that Bonferroni over 8 examined features would want. Only the raw cross-sectional IC (t=-2.63) is nominally significant; discretising it into a 6-a-side book and charging turnover costs gives most of that back. Sharpe 7.24 is an annualisation artefact of a 40-day window, not a property of the strategy."
  },
  "sample_requirement": {
    "observed_sd_pct": 0.4105,
    "observed_edge_pct": 0.0266,
    "n_for_t196": 915,
    "days_to_n": 153
  },
  "verdict": "ACCUMULATING",
  "live_exposure_usdt": 0,
  "latest": null,
  "rebalanced_this_cycle": 0,
  "skipped": "no unbooked closed periods (latest booked 2026-08-24T04:00:00.000Z)",
  "errors": []
}
{
  "generated_at": "2026-08-24T12:41:28.711Z",
  "lane": "v7_positioning_paper",
  "signal": "top_ratio - retail_ratio, cross-sectional rank, dollar-neutral",
  "k": 6,
  "symbols": 24,
  "periods_booked": 46,
  "equity": 1.009722,
  "realised": {
    "total_net_pct": 0.9722,
    "mean_net_pct": 0.0234,
    "mean_gross_pct": 0.0318,
    "mean_cost_pct": 0.0084,
    "ann_pct": 58.5,
    "vol_pct": 19,
    "sharpe": 3.07,
    "t_stat": 0.39
  },
  "backtest_expectation": {
    "source": "banked v5 ledger, 24 symbols x 242 periods (40.5 days)",
    "ann_pct": 85.3,
    "vol_pct": 11.8,
    "t_stat": 1.77,
    "cross_sectional_ic": -0.0345,
    "cross_sectional_ic_t": -2.63,
    "caveat": "The BOOK's t is 1.77 — it does not reach 1.96, let alone the 2.73 that Bonferroni over 8 examined features would want. Only the raw cross-sectional IC (t=-2.63) is nominally significant; discretising it into a 6-a-side book and charging turnover costs gives most of that back. Sharpe 7.24 is an annualisation artefact of a 40-day window, not a property of the strategy."
  },
  "sample_requirement": {
    "observed_sd_pct": 0.4066,
    "observed_edge_pct": 0.0234,
    "n_for_t196": 1163,
    "days_to_n": 194
  },
  "verdict": "ACCUMULATING",
  "live_exposure_usdt": 0,
  "latest": {
    "ts": "2026-08-24T08:00:00.000Z",
    "longs": [
      "ETHUSDT",
      "BNBUSDT",
      "XRPUSDT",
      "SANDUSDT",
      "ARBUSDT",
      "AAVEUSDT"
    ],
    "shorts": [
      "TIAUSDT",
      "ATOMUSDT",
      "DOGEUSDT",
      "FILUSDT",
      "NEARUSDT",
      "APTUSDT"
    ],
    "net_pct": -0.1223
  },
  "rebalanced_this_cycle": 1,
  "skipped": null,
  "errors": []
}
{
  "generated_at": "2026-08-24T13:41:32.105Z",
  "lane": "v7_positioning_paper",
  "signal": "top_ratio - retail_ratio, cross-sectional rank, dollar-neutral",
  "k": 6,
  "symbols": 24,
  "periods_booked": 46,
  "equity": 1.009722,
  "realised": {
    "total_net_pct": 0.9722,
    "mean_net_pct": 0.0234,
    "mean_gross_pct": 0.0318,
    "mean_cost_pct": 0.0084,
    "ann_pct": 58.5,
    "vol_pct": 19,
    "sharpe": 3.07,
    "t_stat": 0.39
  },
  "backtest_expectation": {
    "source": "banked v5 ledger, 24 symbols x 242 periods (40.5 days)",
    "ann_pct": 85.3,
    "vol_pct": 11.8,
    "t_stat": 1.77,
    "cross_sectional_ic": -0.0345,
    "cross_sectional_ic_t": -2.63,
    "caveat": "The BOOK's t is 1.77 — it does not reach 1.96, let alone the 2.73 that Bonferroni over 8 examined features would want. Only the raw cross-sectional IC (t=-2.63) is nominally significant; discretising it into a 6-a-side book and charging turnover costs gives most of that back. Sharpe 7.24 is an annualisation artefact of a 40-day window, not a property of the strategy."
  },
  "sample_requirement": {
    "observed_sd_pct": 0.4066,
    "observed_edge_pct": 0.0234,
    "n_for_t196": 1163,
    "days_to_n": 194
  },
  "verdict": "ACCUMULATING",
  "live_exposure_usdt": 0,
  "latest": null,
  "rebalanced_this_cycle": 0,
  "skipped": "no unbooked closed periods (latest booked 2026-08-24T08:00:00.000Z)",
  "errors": []
}
{
  "generated_at": "2026-08-24T14:41:35.798Z",
  "lane": "v7_positioning_paper",
  "signal": "top_ratio - retail_ratio, cross-sectional rank, dollar-neutral",
  "k": 6,
  "symbols": 24,
  "periods_booked": 46,
  "equity": 1.009722,
  "realised": {
    "total_net_pct": 0.9722,
    "mean_net_pct": 0.0234,
    "mean_gross_pct": 0.0318,
    "mean_cost_pct": 0.0084,
    "ann_pct": 58.5,
    "vol_pct": 19,
    "sharpe": 3.07,
    "t_stat": 0.39
  },
  "backtest_expectation": {
    "source": "banked v5 ledger, 24 symbols x 242 periods (40.5 days)",
    "ann_pct": 85.3,
    "vol_pct": 11.8,
    "t_stat": 1.77,
    "cross_sectional_ic": -0.0345,
    "cross_sectional_ic_t": -2.63,
    "caveat": "The BOOK's t is 1.77 — it does not reach 1.96, let alone the 2.73 that Bonferroni over 8 examined features would want. Only the raw cross-sectional IC (t=-2.63) is nominally significant; discretising it into a 6-a-side book and charging turnover costs gives most of that back. Sharpe 7.24 is an annualisation artefact of a 40-day window, not a property of the strategy."
  },
  "sample_requirement": {
    "observed_sd_pct": 0.4066,
    "observed_edge_pct": 0.0234,
    "n_for_t196": 1163,
    "days_to_n": 194
  },
  "verdict": "ACCUMULATING",
  "live_exposure_usdt": 0,
  "latest": null,
  "rebalanced_this_cycle": 0,
  "skipped": "no unbooked closed periods (latest booked 2026-08-24T08:00:00.000Z)",
  "errors": []
}
{
  "generated_at": "2026-08-24T15:41:37.236Z",
  "lane": "v7_positioning_paper",
  "signal": "top_ratio - retail_ratio, cross-sectional rank, dollar-neutral",
  "k": 6,
  "symbols": 24,
  "periods_booked": 46,
  "equity": 1.009722,
  "realised": {
    "total_net_pct": 0.9722,
    "mean_net_pct": 0.0234,
    "mean_gross_pct": 0.0318,
    "mean_cost_pct": 0.0084,
    "ann_pct": 58.5,
    "vol_pct": 19,
    "sharpe": 3.07,
    "t_stat": 0.39
  },
  "backtest_expectation": {
    "source": "banked v5 ledger, 24 symbols x 242 periods (40.5 days)",
    "ann_pct": 85.3,
    "vol_pct": 11.8,
    "t_stat": 1.77,
    "cross_sectional_ic": -0.0345,
    "cross_sectional_ic_t": -2.63,
    "caveat": "The BOOK's t is 1.77 — it does not reach 1.96, let alone the 2.73 that Bonferroni over 8 examined features would want. Only the raw cross-sectional IC (t=-2.63) is nominally significant; discretising it into a 6-a-side book and charging turnover costs gives most of that back. Sharpe 7.24 is an annualisation artefact of a 40-day window, not a property of the strategy."
  },
  "sample_requirement": {
    "observed_sd_pct": 0.4066,
    "observed_edge_pct": 0.0234,
    "n_for_t196": 1163,
    "days_to_n": 194
  },
  "verdict": "ACCUMULATING",
  "live_exposure_usdt": 0,
  "latest": null,
  "rebalanced_this_cycle": 0,
  "skipped": "no unbooked closed periods (latest booked 2026-08-24T08:00:00.000Z)",
  "errors": []
}
{
  "generated_at": "2026-08-24T16:41:42.650Z",
  "lane": "v7_positioning_paper",
  "signal": "top_ratio - retail_ratio, cross-sectional rank, dollar-neutral",
  "k": 6,
  "symbols": 24,
  "periods_booked": 47,
  "equity": 1.012314,
  "realised": {
    "total_net_pct": 1.2314,
    "mean_net_pct": 0.0283,
    "mean_gross_pct": 0.0368,
    "mean_cost_pct": 0.0084,
    "ann_pct": 76.9,
    "vol_pct": 18.9,
    "sharpe": 4.07,
    "t_stat": 0.48
  },
  "backtest_expectation": {
    "source": "banked v5 ledger, 24 symbols x 242 periods (40.5 days)",
    "ann_pct": 85.3,
    "vol_pct": 11.8,
    "t_stat": 1.77,
    "cross_sectional_ic": -0.0345,
    "cross_sectional_ic_t": -2.63,
    "caveat": "The BOOK's t is 1.77 — it does not reach 1.96, let alone the 2.73 that Bonferroni over 8 examined features would want. Only the raw cross-sectional IC (t=-2.63) is nominally significant; discretising it into a 6-a-side book and charging turnover costs gives most of that back. Sharpe 7.24 is an annualisation artefact of a 40-day window, not a property of the strategy."
  },
  "sample_requirement": {
    "observed_sd_pct": 0.4037,
    "observed_edge_pct": 0.0283,
    "n_for_t196": 780,
    "days_to_n": 130
  },
  "verdict": "ACCUMULATING",
  "live_exposure_usdt": 0,
  "latest": {
    "ts": "2026-08-24T12:00:00.000Z",
    "longs": [
      "BNBUSDT",
      "ETHUSDT",
      "XRPUSDT",
      "SANDUSDT",
      "ARBUSDT",
      "LTCUSDT"
    ],
    "shorts": [
      "TIAUSDT",
      "ATOMUSDT",
      "DOGEUSDT",
      "FILUSDT",
      "NEARUSDT",
      "APTUSDT"
    ],
    "net_pct": 0.2567
  },
  "rebalanced_this_cycle": 1,
  "skipped": null,
  "errors": []
}
{
  "generated_at": "2026-08-24T17:41:43.950Z",
  "lane": "v7_positioning_paper",
  "signal": "top_ratio - retail_ratio, cross-sectional rank, dollar-neutral",
  "k": 6,
  "symbols": 24,
  "periods_booked": 47,
  "equity": 1.012314,
  "realised": {
    "total_net_pct": 1.2314,
    "mean_net_pct": 0.0283,
    "mean_gross_pct": 0.0368,
    "mean_cost_pct": 0.0084,
    "ann_pct": 76.9,
    "vol_pct": 18.9,
    "sharpe": 4.07,
    "t_stat": 0.48
  },
  "backtest_expectation": {
    "source": "banked v5 ledger, 24 symbols x 242 periods (40.5 days)",
    "ann_pct": 85.3,
    "vol_pct": 11.8,
    "t_stat": 1.77,
    "cross_sectional_ic": -0.0345,
    "cross_sectional_ic_t": -2.63,
    "caveat": "The BOOK's t is 1.77 — it does not reach 1.96, let alone the 2.73 that Bonferroni over 8 examined features would want. Only the raw cross-sectional IC (t=-2.63) is nominally significant; discretising it into a 6-a-side book and charging turnover costs gives most of that back. Sharpe 7.24 is an annualisation artefact of a 40-day window, not a property of the strategy."
  },
  "sample_requirement": {
    "observed_sd_pct": 0.4037,
    "observed_edge_pct": 0.0283,
    "n_for_t196": 780,
    "days_to_n": 130
  },
  "verdict": "ACCUMULATING",
  "live_exposure_usdt": 0,
  "latest": null,
  "rebalanced_this_cycle": 0,
  "skipped": "no unbooked closed periods (latest booked 2026-08-24T12:00:00.000Z)",
  "errors": []
}
{
  "generated_at": "2026-08-24T18:41:49.435Z",
  "lane": "v7_positioning_paper",
  "signal": "top_ratio - retail_ratio, cross-sectional rank, dollar-neutral",
  "k": 6,
  "symbols": 24,
  "periods_booked": 47,
  "equity": 1.012314,
  "realised": {
    "total_net_pct": 1.2314,
    "mean_net_pct": 0.0283,
    "mean_gross_pct": 0.0368,
    "mean_cost_pct": 0.0084,
    "ann_pct": 76.9,
    "vol_pct": 18.9,
    "sharpe": 4.07,
    "t_stat": 0.48
  },
  "backtest_expectation": {
    "source": "banked v5 ledger, 24 symbols x 242 periods (40.5 days)",
    "ann_pct": 85.3,
    "vol_pct": 11.8,
    "t_stat": 1.77,
    "cross_sectional_ic": -0.0345,
    "cross_sectional_ic_t": -2.63,
    "caveat": "The BOOK's t is 1.77 — it does not reach 1.96, let alone the 2.73 that Bonferroni over 8 examined features would want. Only the raw cross-sectional IC (t=-2.63) is nominally significant; discretising it into a 6-a-side book and charging turnover costs gives most of that back. Sharpe 7.24 is an annualisation artefact of a 40-day window, not a property of the strategy."
  },
  "sample_requirement": {
    "observed_sd_pct": 0.4037,
    "observed_edge_pct": 0.0283,
    "n_for_t196": 780,
    "days_to_n": 130
  },
  "verdict": "ACCUMULATING",
  "live_exposure_usdt": 0,
  "latest": null,
  "rebalanced_this_cycle": 0,
  "skipped": "no unbooked closed periods (latest booked 2026-08-24T12:00:00.000Z)",
  "errors": []
}
{
  "generated_at": "2026-08-24T19:41:53.104Z",
  "lane": "v7_positioning_paper",
  "signal": "top_ratio - retail_ratio, cross-sectional rank, dollar-neutral",
  "k": 6,
  "symbols": 24,
  "periods_booked": 47,
  "equity": 1.012314,
  "realised": {
    "total_net_pct": 1.2314,
    "mean_net_pct": 0.0283,
    "mean_gross_pct": 0.0368,
    "mean_cost_pct": 0.0084,
    "ann_pct": 76.9,
    "vol_pct": 18.9,
    "sharpe": 4.07,
    "t_stat": 0.48
  },
  "backtest_expectation": {
    "source": "banked v5 ledger, 24 symbols x 242 periods (40.5 days)",
    "ann_pct": 85.3,
    "vol_pct": 11.8,
    "t_stat": 1.77,
    "cross_sectional_ic": -0.0345,
    "cross_sectional_ic_t": -2.63,
    "caveat": "The BOOK's t is 1.77 — it does not reach 1.96, let alone the 2.73 that Bonferroni over 8 examined features would want. Only the raw cross-sectional IC (t=-2.63) is nominally significant; discretising it into a 6-a-side book and charging turnover costs gives most of that back. Sharpe 7.24 is an annualisation artefact of a 40-day window, not a property of the strategy."
  },
  "sample_requirement": {
    "observed_sd_pct": 0.4037,
    "observed_edge_pct": 0.0283,
    "n_for_t196": 780,
    "days_to_n": 130
  },
  "verdict": "ACCUMULATING",
  "live_exposure_usdt": 0,
  "latest": null,
  "rebalanced_this_cycle": 0,
  "skipped": "no unbooked closed periods (latest booked 2026-08-24T12:00:00.000Z)",
  "errors": []
}
{
  "generated_at": "2026-08-24T20:41:56.552Z",
  "lane": "v7_positioning_paper",
  "signal": "top_ratio - retail_ratio, cross-sectional rank, dollar-neutral",
  "k": 6,
  "symbols": 24,
  "periods_booked": 48,
  "equity": 1.01467,
  "realised": {
    "total_net_pct": 1.467,
    "mean_net_pct": 0.0326,
    "mean_gross_pct": 0.0411,
    "mean_cost_pct": 0.0085,
    "ann_pct": 94.3,
    "vol_pct": 18.7,
    "sharpe": 5.03,
    "t_stat": 0.56
  },
  "backtest_expectation": {
    "source": "banked v5 ledger, 24 symbols x 242 periods (40.5 days)",
    "ann_pct": 85.3,
    "vol_pct": 11.8,
    "t_stat": 1.77,
    "cross_sectional_ic": -0.0345,
    "cross_sectional_ic_t": -2.63,
    "caveat": "The BOOK's t is 1.77 — it does not reach 1.96, let alone the 2.73 that Bonferroni over 8 examined features would want. Only the raw cross-sectional IC (t=-2.63) is nominally significant; discretising it into a 6-a-side book and charging turnover costs gives most of that back. Sharpe 7.24 is an annualisation artefact of a 40-day window, not a property of the strategy."
  },
  "sample_requirement": {
    "observed_sd_pct": 0.4005,
    "observed_edge_pct": 0.0326,
    "n_for_t196": 580,
    "days_to_n": 97
  },
  "verdict": "ACCUMULATING",
  "live_exposure_usdt": 0,
  "latest": {
    "ts": "2026-08-24T16:00:00.000Z",
    "longs": [
      "BNBUSDT",
      "ETHUSDT",
      "XRPUSDT",
      "LTCUSDT",
      "SOLUSDT",
      "SANDUSDT"
    ],
    "shorts": [
      "TIAUSDT",
      "NEARUSDT",
      "ATOMUSDT",
      "DOGEUSDT",
      "FILUSDT",
      "APTUSDT"
    ],
    "net_pct": 0.2327
  },
  "rebalanced_this_cycle": 1,
  "skipped": null,
  "errors": []
}
{
  "generated_at": "2026-08-24T21:41:59.924Z",
  "lane": "v7_positioning_paper",
  "signal": "top_ratio - retail_ratio, cross-sectional rank, dollar-neutral",
  "k": 6,
  "symbols": 24,
  "periods_booked": 48,
  "equity": 1.01467,
  "realised": {
    "total_net_pct": 1.467,
    "mean_net_pct": 0.0326,
    "mean_gross_pct": 0.0411,
    "mean_cost_pct": 0.0085,
    "ann_pct": 94.3,
    "vol_pct": 18.7,
    "sharpe": 5.03,
    "t_stat": 0.56
  },
  "backtest_expectation": {
    "source": "banked v5 ledger, 24 symbols x 242 periods (40.5 days)",
    "ann_pct": 85.3,
    "vol_pct": 11.8,
    "t_stat": 1.77,
    "cross_sectional_ic": -0.0345,
    "cross_sectional_ic_t": -2.63,
    "caveat": "The BOOK's t is 1.77 — it does not reach 1.96, let alone the 2.73 that Bonferroni over 8 examined features would want. Only the raw cross-sectional IC (t=-2.63) is nominally significant; discretising it into a 6-a-side book and charging turnover costs gives most of that back. Sharpe 7.24 is an annualisation artefact of a 40-day window, not a property of the strategy."
  },
  "sample_requirement": {
    "observed_sd_pct": 0.4005,
    "observed_edge_pct": 0.0326,
    "n_for_t196": 580,
    "days_to_n": 97
  },
  "verdict": "ACCUMULATING",
  "live_exposure_usdt": 0,
  "latest": null,
  "rebalanced_this_cycle": 0,
  "skipped": "no unbooked closed periods (latest booked 2026-08-24T16:00:00.000Z)",
  "errors": []
}
{
  "generated_at": "2026-08-24T22:42:03.340Z",
  "lane": "v7_positioning_paper",
  "signal": "top_ratio - retail_ratio, cross-sectional rank, dollar-neutral",
  "k": 6,
  "symbols": 24,
  "periods_booked": 48,
  "equity": 1.01467,
  "realised": {
    "total_net_pct": 1.467,
    "mean_net_pct": 0.0326,
    "mean_gross_pct": 0.0411,
    "mean_cost_pct": 0.0085,
    "ann_pct": 94.3,
    "vol_pct": 18.7,
    "sharpe": 5.03,
    "t_stat": 0.56
  },
  "backtest_expectation": {
    "source": "banked v5 ledger, 24 symbols x 242 periods (40.5 days)",
    "ann_pct": 85.3,
    "vol_pct": 11.8,
    "t_stat": 1.77,
    "cross_sectional_ic": -0.0345,
    "cross_sectional_ic_t": -2.63,
    "caveat": "The BOOK's t is 1.77 — it does not reach 1.96, let alone the 2.73 that Bonferroni over 8 examined features would want. Only the raw cross-sectional IC (t=-2.63) is nominally significant; discretising it into a 6-a-side book and charging turnover costs gives most of that back. Sharpe 7.24 is an annualisation artefact of a 40-day window, not a property of the strategy."
  },
  "sample_requirement": {
    "observed_sd_pct": 0.4005,
    "observed_edge_pct": 0.0326,
    "n_for_t196": 580,
    "days_to_n": 97
  },
  "verdict": "ACCUMULATING",
  "live_exposure_usdt": 0,
  "latest": null,
  "rebalanced_this_cycle": 0,
  "skipped": "no unbooked closed periods (latest booked 2026-08-24T16:00:00.000Z)",
  "errors": []
}
{
  "generated_at": "2026-08-24T23:42:06.895Z",
  "lane": "v7_positioning_paper",
  "signal": "top_ratio - retail_ratio, cross-sectional rank, dollar-neutral",
  "k": 6,
  "symbols": 24,
  "periods_booked": 48,
  "equity": 1.01467,
  "realised": {
    "total_net_pct": 1.467,
    "mean_net_pct": 0.0326,
    "mean_gross_pct": 0.0411,
    "mean_cost_pct": 0.0085,
    "ann_pct": 94.3,
    "vol_pct": 18.7,
    "sharpe": 5.03,
    "t_stat": 0.56
  },
  "backtest_expectation": {
    "source": "banked v5 ledger, 24 symbols x 242 periods (40.5 days)",
    "ann_pct": 85.3,
    "vol_pct": 11.8,
    "t_stat": 1.77,
    "cross_sectional_ic": -0.0345,
    "cross_sectional_ic_t": -2.63,
    "caveat": "The BOOK's t is 1.77 — it does not reach 1.96, let alone the 2.73 that Bonferroni over 8 examined features would want. Only the raw cross-sectional IC (t=-2.63) is nominally significant; discretising it into a 6-a-side book and charging turnover costs gives most of that back. Sharpe 7.24 is an annualisation artefact of a 40-day window, not a property of the strategy."
  },
  "sample_requirement": {
    "observed_sd_pct": 0.4005,
    "observed_edge_pct": 0.0326,
    "n_for_t196": 580,
    "days_to_n": 97
  },
  "verdict": "ACCUMULATING",
  "live_exposure_usdt": 0,
  "latest": null,
  "rebalanced_this_cycle": 0,
  "skipped": "no unbooked closed periods (latest booked 2026-08-24T16:00:00.000Z)",
  "errors": []
}
{
  "generated_at": "2026-08-25T00:42:10.462Z",
  "lane": "v7_positioning_paper",
  "signal": "top_ratio - retail_ratio, cross-sectional rank, dollar-neutral",
  "k": 6,
  "symbols": 24,
  "periods_booked": 49,
  "equity": 1.015019,
  "realised": {
    "total_net_pct": 1.5019,
    "mean_net_pct": 0.0326,
    "mean_gross_pct": 0.041,
    "mean_cost_pct": 0.0083,
    "ann_pct": 94.7,
    "vol_pct": 18.6,
    "sharpe": 5.1,
    "t_stat": 0.58
  },
  "backtest_expectation": {
    "source": "banked v5 ledger, 24 symbols x 242 periods (40.5 days)",
    "ann_pct": 85.3,
    "vol_pct": 11.8,
    "t_stat": 1.77,
    "cross_sectional_ic": -0.0345,
    "cross_sectional_ic_t": -2.63,
    "caveat": "The BOOK's t is 1.77 — it does not reach 1.96, let alone the 2.73 that Bonferroni over 8 examined features would want. Only the raw cross-sectional IC (t=-2.63) is nominally significant; discretising it into a 6-a-side book and charging turnover costs gives most of that back. Sharpe 7.24 is an annualisation artefact of a 40-day window, not a property of the strategy."
  },
  "sample_requirement": {
    "observed_sd_pct": 0.3964,
    "observed_edge_pct": 0.0326,
    "n_for_t196": 567,
    "days_to_n": 95
  },
  "verdict": "ACCUMULATING",
  "live_exposure_usdt": 0,
  "latest": {
    "ts": "2026-08-24T20:00:00.000Z",
    "longs": [
      "BNBUSDT",
      "ETHUSDT",
      "XRPUSDT",
      "LTCUSDT",
      "SOLUSDT",
      "SANDUSDT"
    ],
    "shorts": [
      "TIAUSDT",
      "NEARUSDT",
      "ATOMUSDT",
      "DOGEUSDT",
      "FILUSDT",
      "APTUSDT"
    ],
    "net_pct": 0.0344
  },
  "rebalanced_this_cycle": 1,
  "skipped": null,
  "errors": []
}
{
  "generated_at": "2026-08-25T01:42:14.243Z",
  "lane": "v7_positioning_paper",
  "signal": "top_ratio - retail_ratio, cross-sectional rank, dollar-neutral",
  "k": 6,
  "symbols": 24,
  "periods_booked": 49,
  "equity": 1.015019,
  "realised": {
    "total_net_pct": 1.5019,
    "mean_net_pct": 0.0326,
    "mean_gross_pct": 0.041,
    "mean_cost_pct": 0.0083,
    "ann_pct": 94.7,
    "vol_pct": 18.6,
    "sharpe": 5.1,
    "t_stat": 0.58
  },
  "backtest_expectation": {
    "source": "banked v5 ledger, 24 symbols x 242 periods (40.5 days)",
    "ann_pct": 85.3,
    "vol_pct": 11.8,
    "t_stat": 1.77,
    "cross_sectional_ic": -0.0345,
    "cross_sectional_ic_t": -2.63,
    "caveat": "The BOOK's t is 1.77 — it does not reach 1.96, let alone the 2.73 that Bonferroni over 8 examined features would want. Only the raw cross-sectional IC (t=-2.63) is nominally significant; discretising it into a 6-a-side book and charging turnover costs gives most of that back. Sharpe 7.24 is an annualisation artefact of a 40-day window, not a property of the strategy."
  },
  "sample_requirement": {
    "observed_sd_pct": 0.3964,
    "observed_edge_pct": 0.0326,
    "n_for_t196": 567,
    "days_to_n": 95
  },
  "verdict": "ACCUMULATING",
  "live_exposure_usdt": 0,
  "latest": null,
  "rebalanced_this_cycle": 0,
  "skipped": "no unbooked closed periods (latest booked 2026-08-24T20:00:00.000Z)",
  "errors": []
}
{
  "generated_at": "2026-08-25T02:42:17.726Z",
  "lane": "v7_positioning_paper",
  "signal": "top_ratio - retail_ratio, cross-sectional rank, dollar-neutral",
  "k": 6,
  "symbols": 24,
  "periods_booked": 49,
  "equity": 1.015019,
  "realised": {
    "total_net_pct": 1.5019,
    "mean_net_pct": 0.0326,
    "mean_gross_pct": 0.041,
    "mean_cost_pct": 0.0083,
    "ann_pct": 94.7,
    "vol_pct": 18.6,
    "sharpe": 5.1,
    "t_stat": 0.58
  },
  "backtest_expectation": {
    "source": "banked v5 ledger, 24 symbols x 242 periods (40.5 days)",
    "ann_pct": 85.3,
    "vol_pct": 11.8,
    "t_stat": 1.77,
    "cross_sectional_ic": -0.0345,
    "cross_sectional_ic_t": -2.63,
    "caveat": "The BOOK's t is 1.77 — it does not reach 1.96, let alone the 2.73 that Bonferroni over 8 examined features would want. Only the raw cross-sectional IC (t=-2.63) is nominally significant; discretising it into a 6-a-side book and charging turnover costs gives most of that back. Sharpe 7.24 is an annualisation artefact of a 40-day window, not a property of the strategy."
  },
  "sample_requirement": {
    "observed_sd_pct": 0.3964,
    "observed_edge_pct": 0.0326,
    "n_for_t196": 567,
    "days_to_n": 95
  },
  "verdict": "ACCUMULATING",
  "live_exposure_usdt": 0,
  "latest": null,
  "rebalanced_this_cycle": 0,
  "skipped": "no unbooked closed periods (latest booked 2026-08-24T20:00:00.000Z)",
  "errors": []
}
{
  "generated_at": "2026-08-25T03:42:21.195Z",
  "lane": "v7_positioning_paper",
  "signal": "top_ratio - retail_ratio, cross-sectional rank, dollar-neutral",
  "k": 6,
  "symbols": 24,
  "periods_booked": 49,
  "equity": 1.015019,
  "realised": {
    "total_net_pct": 1.5019,
    "mean_net_pct": 0.0326,
    "mean_gross_pct": 0.041,
    "mean_cost_pct": 0.0083,
    "ann_pct": 94.7,
    "vol_pct": 18.6,
    "sharpe": 5.1,
    "t_stat": 0.58
  },
  "backtest_expectation": {
    "source": "banked v5 ledger, 24 symbols x 242 periods (40.5 days)",
    "ann_pct": 85.3,
    "vol_pct": 11.8,
    "t_stat": 1.77,
    "cross_sectional_ic": -0.0345,
    "cross_sectional_ic_t": -2.63,
    "caveat": "The BOOK's t is 1.77 — it does not reach 1.96, let alone the 2.73 that Bonferroni over 8 examined features would want. Only the raw cross-sectional IC (t=-2.63) is nominally significant; discretising it into a 6-a-side book and charging turnover costs gives most of that back. Sharpe 7.24 is an annualisation artefact of a 40-day window, not a property of the strategy."
  },
  "sample_requirement": {
    "observed_sd_pct": 0.3964,
    "observed_edge_pct": 0.0326,
    "n_for_t196": 567,
    "days_to_n": 95
  },
  "verdict": "ACCUMULATING",
  "live_exposure_usdt": 0,
  "latest": null,
  "rebalanced_this_cycle": 0,
  "skipped": "no unbooked closed periods (latest booked 2026-08-24T20:00:00.000Z)",
  "errors": []
}
{
  "generated_at": "2026-08-25T04:42:24.590Z",
  "lane": "v7_positioning_paper",
  "signal": "top_ratio - retail_ratio, cross-sectional rank, dollar-neutral",
  "k": 6,
  "symbols": 24,
  "periods_booked": 50,
  "equity": 1.015619,
  "realised": {
    "total_net_pct": 1.5619,
    "mean_net_pct": 0.0332,
    "mean_gross_pct": 0.0413,
    "mean_cost_pct": 0.0082,
    "ann_pct": 97.2,
    "vol_pct": 18.4,
    "sharpe": 5.29,
    "t_stat": 0.6
  },
  "backtest_expectation": {
    "source": "banked v5 ledger, 24 symbols x 242 periods (40.5 days)",
    "ann_pct": 85.3,
    "vol_pct": 11.8,
    "t_stat": 1.77,
    "cross_sectional_ic": -0.0345,
    "cross_sectional_ic_t": -2.63,
    "caveat": "The BOOK's t is 1.77 — it does not reach 1.96, let alone the 2.73 that Bonferroni over 8 examined features would want. Only the raw cross-sectional IC (t=-2.63) is nominally significant; discretising it into a 6-a-side book and charging turnover costs gives most of that back. Sharpe 7.24 is an annualisation artefact of a 40-day window, not a property of the strategy."
  },
  "sample_requirement": {
    "observed_sd_pct": 0.3925,
    "observed_edge_pct": 0.0332,
    "n_for_t196": 538,
    "days_to_n": 90
  },
  "verdict": "ACCUMULATING",
  "live_exposure_usdt": 0,
  "latest": {
    "ts": "2026-08-25T00:00:00.000Z",
    "longs": [
      "ETHUSDT",
      "BNBUSDT",
      "XRPUSDT",
      "LTCUSDT",
      "SANDUSDT",
      "SOLUSDT"
    ],
    "shorts": [
      "TIAUSDT",
      "NEARUSDT",
      "DOGEUSDT",
      "ATOMUSDT",
      "FILUSDT",
      "APTUSDT"
    ],
    "net_pct": 0.0591
  },
  "rebalanced_this_cycle": 1,
  "skipped": null,
  "errors": []
}
{
  "generated_at": "2026-08-25T05:42:28.108Z",
  "lane": "v7_positioning_paper",
  "signal": "top_ratio - retail_ratio, cross-sectional rank, dollar-neutral",
  "k": 6,
  "symbols": 24,
  "periods_booked": 50,
  "equity": 1.015619,
  "realised": {
    "total_net_pct": 1.5619,
    "mean_net_pct": 0.0332,
    "mean_gross_pct": 0.0413,
    "mean_cost_pct": 0.0082,
    "ann_pct": 97.2,
    "vol_pct": 18.4,
    "sharpe": 5.29,
    "t_stat": 0.6
  },
  "backtest_expectation": {
    "source": "banked v5 ledger, 24 symbols x 242 periods (40.5 days)",
    "ann_pct": 85.3,
    "vol_pct": 11.8,
    "t_stat": 1.77,
    "cross_sectional_ic": -0.0345,
    "cross_sectional_ic_t": -2.63,
    "caveat": "The BOOK's t is 1.77 — it does not reach 1.96, let alone the 2.73 that Bonferroni over 8 examined features would want. Only the raw cross-sectional IC (t=-2.63) is nominally significant; discretising it into a 6-a-side book and charging turnover costs gives most of that back. Sharpe 7.24 is an annualisation artefact of a 40-day window, not a property of the strategy."
  },
  "sample_requirement": {
    "observed_sd_pct": 0.3925,
    "observed_edge_pct": 0.0332,
    "n_for_t196": 538,
    "days_to_n": 90
  },
  "verdict": "ACCUMULATING",
  "live_exposure_usdt": 0,
  "latest": null,
  "rebalanced_this_cycle": 0,
  "skipped": "no unbooked closed periods (latest booked 2026-08-25T00:00:00.000Z)",
  "errors": []
}
{
  "generated_at": "2026-08-25T06:42:31.366Z",
  "lane": "v7_positioning_paper",
  "signal": "top_ratio - retail_ratio, cross-sectional rank, dollar-neutral",
  "k": 6,
  "symbols": 24,
  "periods_booked": 50,
  "equity": 1.015619,
  "realised": {
    "total_net_pct": 1.5619,
    "mean_net_pct": 0.0332,
    "mean_gross_pct": 0.0413,
    "mean_cost_pct": 0.0082,
    "ann_pct": 97.2,
    "vol_pct": 18.4,
    "sharpe": 5.29,
    "t_stat": 0.6
  },
  "backtest_expectation": {
    "source": "banked v5 ledger, 24 symbols x 242 periods (40.5 days)",
    "ann_pct": 85.3,
    "vol_pct": 11.8,
    "t_stat": 1.77,
    "cross_sectional_ic": -0.0345,
    "cross_sectional_ic_t": -2.63,
    "caveat": "The BOOK's t is 1.77 — it does not reach 1.96, let alone the 2.73 that Bonferroni over 8 examined features would want. Only the raw cross-sectional IC (t=-2.63) is nominally significant; discretising it into a 6-a-side book and charging turnover costs gives most of that back. Sharpe 7.24 is an annualisation artefact of a 40-day window, not a property of the strategy."
  },
  "sample_requirement": {
    "observed_sd_pct": 0.3925,
    "observed_edge_pct": 0.0332,
    "n_for_t196": 538,
    "days_to_n": 90
  },
  "verdict": "ACCUMULATING",
  "live_exposure_usdt": 0,
  "latest": null,
  "rebalanced_this_cycle": 0,
  "skipped": "no unbooked closed periods (latest booked 2026-08-25T00:00:00.000Z)",
  "errors": []
}
{
  "generated_at": "2026-08-25T07:42:35.026Z",
  "lane": "v7_positioning_paper",
  "signal": "top_ratio - retail_ratio, cross-sectional rank, dollar-neutral",
  "k": 6,
  "symbols": 24,
  "periods_booked": 50,
  "equity": 1.015619,
  "realised": {
    "total_net_pct": 1.5619,
    "mean_net_pct": 0.0332,
    "mean_gross_pct": 0.0413,
    "mean_cost_pct": 0.0082,
    "ann_pct": 97.2,
    "vol_pct": 18.4,
    "sharpe": 5.29,
    "t_stat": 0.6
  },
  "backtest_expectation": {
    "source": "banked v5 ledger, 24 symbols x 242 periods (40.5 days)",
    "ann_pct": 85.3,
    "vol_pct": 11.8,
    "t_stat": 1.77,
    "cross_sectional_ic": -0.0345,
    "cross_sectional_ic_t": -2.63,
    "caveat": "The BOOK's t is 1.77 — it does not reach 1.96, let alone the 2.73 that Bonferroni over 8 examined features would want. Only the raw cross-sectional IC (t=-2.63) is nominally significant; discretising it into a 6-a-side book and charging turnover costs gives most of that back. Sharpe 7.24 is an annualisation artefact of a 40-day window, not a property of the strategy."
  },
  "sample_requirement": {
    "observed_sd_pct": 0.3925,
    "observed_edge_pct": 0.0332,
    "n_for_t196": 538,
    "days_to_n": 90
  },
  "verdict": "ACCUMULATING",
  "live_exposure_usdt": 0,
  "latest": null,
  "rebalanced_this_cycle": 0,
  "skipped": "no unbooked closed periods (latest booked 2026-08-25T00:00:00.000Z)",
  "errors": []
}
{
  "generated_at": "2026-08-25T08:42:38.448Z",
  "lane": "v7_positioning_paper",
  "signal": "top_ratio - retail_ratio, cross-sectional rank, dollar-neutral",
  "k": 6,
  "symbols": 24,
  "periods_booked": 51,
  "equity": 1.018839,
  "realised": {
    "total_net_pct": 1.8839,
    "mean_net_pct": 0.0387,
    "mean_gross_pct": 0.047,
    "mean_cost_pct": 0.0082,
    "ann_pct": 122.9,
    "vol_pct": 18.3,
    "sharpe": 6.72,
    "t_stat": 0.71
  },
  "backtest_expectation": {
    "source": "banked v5 ledger, 24 symbols x 242 periods (40.5 days)",
    "ann_pct": 85.3,
    "vol_pct": 11.8,
    "t_stat": 1.77,
    "cross_sectional_ic": -0.0345,
    "cross_sectional_ic_t": -2.63,
    "caveat": "The BOOK's t is 1.77 — it does not reach 1.96, let alone the 2.73 that Bonferroni over 8 examined features would want. Only the raw cross-sectional IC (t=-2.63) is nominally significant; discretising it into a 6-a-side book and charging turnover costs gives most of that back. Sharpe 7.24 is an annualisation artefact of a 40-day window, not a property of the strategy."
  },
  "sample_requirement": {
    "observed_sd_pct": 0.3906,
    "observed_edge_pct": 0.0387,
    "n_for_t196": 391,
    "days_to_n": 65
  },
  "verdict": "ACCUMULATING",
  "live_exposure_usdt": 0,
  "latest": {
    "ts": "2026-08-25T04:00:00.000Z",
    "longs": [
      "BNBUSDT",
      "ETHUSDT",
      "SANDUSDT",
      "XRPUSDT",
      "AAVEUSDT",
      "LTCUSDT"
    ],
    "shorts": [
      "TIAUSDT",
      "NEARUSDT",
      "DOGEUSDT",
      "ATOMUSDT",
      "FILUSDT",
      "APTUSDT"
    ],
    "net_pct": 0.317
  },
  "rebalanced_this_cycle": 1,
  "skipped": null,
  "errors": []
}
{
  "generated_at": "2026-08-25T09:42:42.032Z",
  "lane": "v7_positioning_paper",
  "signal": "top_ratio - retail_ratio, cross-sectional rank, dollar-neutral",
  "k": 6,
  "symbols": 24,
  "periods_booked": 51,
  "equity": 1.018839,
  "realised": {
    "total_net_pct": 1.8839,
    "mean_net_pct": 0.0387,
    "mean_gross_pct": 0.047,
    "mean_cost_pct": 0.0082,
    "ann_pct": 122.9,
    "vol_pct": 18.3,
    "sharpe": 6.72,
    "t_stat": 0.71
  },
  "backtest_expectation": {
    "source": "banked v5 ledger, 24 symbols x 242 periods (40.5 days)",
    "ann_pct": 85.3,
    "vol_pct": 11.8,
    "t_stat": 1.77,
    "cross_sectional_ic": -0.0345,
    "cross_sectional_ic_t": -2.63,
    "caveat": "The BOOK's t is 1.77 — it does not reach 1.96, let alone the 2.73 that Bonferroni over 8 examined features would want. Only the raw cross-sectional IC (t=-2.63) is nominally significant; discretising it into a 6-a-side book and charging turnover costs gives most of that back. Sharpe 7.24 is an annualisation artefact of a 40-day window, not a property of the strategy."
  },
  "sample_requirement": {
    "observed_sd_pct": 0.3906,
    "observed_edge_pct": 0.0387,
    "n_for_t196": 391,
    "days_to_n": 65
  },
  "verdict": "ACCUMULATING",
  "live_exposure_usdt": 0,
  "latest": null,
  "rebalanced_this_cycle": 0,
  "skipped": "no unbooked closed periods (latest booked 2026-08-25T04:00:00.000Z)",
  "errors": []
}
{
  "generated_at": "2026-08-25T10:42:45.883Z",
  "lane": "v7_positioning_paper",
  "signal": "top_ratio - retail_ratio, cross-sectional rank, dollar-neutral",
  "k": 6,
  "symbols": 24,
  "periods_booked": 51,
  "equity": 1.018839,
  "realised": {
    "total_net_pct": 1.8839,
    "mean_net_pct": 0.0387,
    "mean_gross_pct": 0.047,
    "mean_cost_pct": 0.0082,
    "ann_pct": 122.9,
    "vol_pct": 18.3,
    "sharpe": 6.72,
    "t_stat": 0.71
  },
  "backtest_expectation": {
    "source": "banked v5 ledger, 24 symbols x 242 periods (40.5 days)",
    "ann_pct": 85.3,
    "vol_pct": 11.8,
    "t_stat": 1.77,
    "cross_sectional_ic": -0.0345,
    "cross_sectional_ic_t": -2.63,
    "caveat": "The BOOK's t is 1.77 — it does not reach 1.96, let alone the 2.73 that Bonferroni over 8 examined features would want. Only the raw cross-sectional IC (t=-2.63) is nominally significant; discretising it into a 6-a-side book and charging turnover costs gives most of that back. Sharpe 7.24 is an annualisation artefact of a 40-day window, not a property of the strategy."
  },
  "sample_requirement": {
    "observed_sd_pct": 0.3906,
    "observed_edge_pct": 0.0387,
    "n_for_t196": 391,
    "days_to_n": 65
  },
  "verdict": "ACCUMULATING",
  "live_exposure_usdt": 0,
  "latest": null,
  "rebalanced_this_cycle": 0,
  "skipped": "no unbooked closed periods (latest booked 2026-08-25T04:00:00.000Z)",
  "errors": []
}
{
  "generated_at": "2026-08-25T11:42:49.697Z",
  "lane": "v7_positioning_paper",
  "signal": "top_ratio - retail_ratio, cross-sectional rank, dollar-neutral",
  "k": 6,
  "symbols": 24,
  "periods_booked": 51,
  "equity": 1.018839,
  "realised": {
    "total_net_pct": 1.8839,
    "mean_net_pct": 0.0387,
    "mean_gross_pct": 0.047,
    "mean_cost_pct": 0.0082,
    "ann_pct": 122.9,
    "vol_pct": 18.3,
    "sharpe": 6.72,
    "t_stat": 0.71
  },
  "backtest_expectation": {
    "source": "banked v5 ledger, 24 symbols x 242 periods (40.5 days)",
    "ann_pct": 85.3,
    "vol_pct": 11.8,
    "t_stat": 1.77,
    "cross_sectional_ic": -0.0345,
    "cross_sectional_ic_t": -2.63,
    "caveat": "The BOOK's t is 1.77 — it does not reach 1.96, let alone the 2.73 that Bonferroni over 8 examined features would want. Only the raw cross-sectional IC (t=-2.63) is nominally significant; discretising it into a 6-a-side book and charging turnover costs gives most of that back. Sharpe 7.24 is an annualisation artefact of a 40-day window, not a property of the strategy."
  },
  "sample_requirement": {
    "observed_sd_pct": 0.3906,
    "observed_edge_pct": 0.0387,
    "n_for_t196": 391,
    "days_to_n": 65
  },
  "verdict": "ACCUMULATING",
  "live_exposure_usdt": 0,
  "latest": null,
  "rebalanced_this_cycle": 0,
  "skipped": "no unbooked closed periods (latest booked 2026-08-25T04:00:00.000Z)",
  "errors": []
}
{
  "generated_at": "2026-08-25T12:42:53.162Z",
  "lane": "v7_positioning_paper",
  "signal": "top_ratio - retail_ratio, cross-sectional rank, dollar-neutral",
  "k": 6,
  "symbols": 24,
  "periods_booked": 52,
  "equity": 1.017196,
  "realised": {
    "total_net_pct": 1.7196,
    "mean_net_pct": 0.0349,
    "mean_gross_pct": 0.043,
    "mean_cost_pct": 0.0081,
    "ann_pct": 105,
    "vol_pct": 18.1,
    "sharpe": 5.79,
    "t_stat": 0.65
  },
  "backtest_expectation": {
    "source": "banked v5 ledger, 24 symbols x 242 periods (40.5 days)",
    "ann_pct": 85.3,
    "vol_pct": 11.8,
    "t_stat": 1.77,
    "cross_sectional_ic": -0.0345,
    "cross_sectional_ic_t": -2.63,
    "caveat": "The BOOK's t is 1.77 — it does not reach 1.96, let alone the 2.73 that Bonferroni over 8 examined features would want. Only the raw cross-sectional IC (t=-2.63) is nominally significant; discretising it into a 6-a-side book and charging turnover costs gives most of that back. Sharpe 7.24 is an annualisation artefact of a 40-day window, not a property of the strategy."
  },
  "sample_requirement": {
    "observed_sd_pct": 0.3878,
    "observed_edge_pct": 0.0349,
    "n_for_t196": 475,
    "days_to_n": 79
  },
  "verdict": "ACCUMULATING",
  "live_exposure_usdt": 0,
  "latest": {
    "ts": "2026-08-25T08:00:00.000Z",
    "longs": [
      "ETHUSDT",
      "BNBUSDT",
      "SANDUSDT",
      "XRPUSDT",
      "LTCUSDT",
      "AAVEUSDT"
    ],
    "shorts": [
      "TIAUSDT",
      "NEARUSDT",
      "DOGEUSDT",
      "ATOMUSDT",
      "FILUSDT",
      "APTUSDT"
    ],
    "net_pct": -0.1612
  },
  "rebalanced_this_cycle": 1,
  "skipped": null,
  "errors": []
}
{
  "generated_at": "2026-08-25T13:47:05.795Z",
  "lane": "v7_positioning_paper",
  "signal": "top_ratio - retail_ratio, cross-sectional rank, dollar-neutral",
  "k": 6,
  "symbols": 24,
  "periods_booked": 52,
  "equity": 1.017196,
  "realised": {
    "total_net_pct": 1.7196,
    "mean_net_pct": 0.0349,
    "mean_gross_pct": 0.043,
    "mean_cost_pct": 0.0081,
    "ann_pct": 105,
    "vol_pct": 18.1,
    "sharpe": 5.79,
    "t_stat": 0.65
  },
  "backtest_expectation": {
    "source": "banked v5 ledger, 24 symbols x 242 periods (40.5 days)",
    "ann_pct": 85.3,
    "vol_pct": 11.8,
    "t_stat": 1.77,
    "cross_sectional_ic": -0.0345,
    "cross_sectional_ic_t": -2.63,
    "caveat": "The BOOK's t is 1.77 — it does not reach 1.96, let alone the 2.73 that Bonferroni over 8 examined features would want. Only the raw cross-sectional IC (t=-2.63) is nominally significant; discretising it into a 6-a-side book and charging turnover costs gives most of that back. Sharpe 7.24 is an annualisation artefact of a 40-day window, not a property of the strategy."
  },
  "sample_requirement": {
    "observed_sd_pct": 0.3878,
    "observed_edge_pct": 0.0349,
    "n_for_t196": 475,
    "days_to_n": 79
  },
  "verdict": "ACCUMULATING",
  "live_exposure_usdt": 0,
  "latest": null,
  "rebalanced_this_cycle": 0,
  "skipped": "no unbooked closed periods (latest booked 2026-08-25T08:00:00.000Z)",
  "errors": [
    "AAVEUSDT: fetch failed",
    "APTUSDT: fetch failed",
    "ARBUSDT: fetch failed",
    "ATOMUSDT: fetch failed",
    "AVAXUSDT: fetch failed",
    "AXSUSDT: fetch failed",
    "BNBUSDT: fetch failed",
    "BTCUSDT: fetch failed",
    "DOGEUSDT: fetch failed",
    "DOTUSDT: fetch failed",
    "ETHUSDT: fetch failed",
    "FILUSDT: fetch failed",
    "GALAUSDT: fetch failed",
    "INJUSDT: fetch failed",
    "LINKUSDT: fetch failed",
    "LTCUSDT: fetch failed",
    "NEARUSDT: fetch failed",
    "OPUSDT: fetch failed",
    "SANDUSDT: fetch failed",
    "SEIUSDT: fetch failed",
    "SOLUSDT: fetch failed",
    "SUIUSDT: fetch failed",
    "TIAUSDT: fetch failed",
    "XRPUSDT: fetch failed"
  ]
}
{
  "generated_at": "2026-08-25T14:53:16.501Z",
  "lane": "v7_positioning_paper",
  "signal": "top_ratio - retail_ratio, cross-sectional rank, dollar-neutral",
  "k": 6,
  "symbols": 24,
  "periods_booked": 52,
  "equity": 1.017196,
  "realised": {
    "total_net_pct": 1.7196,
    "mean_net_pct": 0.0349,
    "mean_gross_pct": 0.043,
    "mean_cost_pct": 0.0081,
    "ann_pct": 105,
    "vol_pct": 18.1,
    "sharpe": 5.79,
    "t_stat": 0.65
  },
  "backtest_expectation": {
    "source": "banked v5 ledger, 24 symbols x 242 periods (40.5 days)",
    "ann_pct": 85.3,
    "vol_pct": 11.8,
    "t_stat": 1.77,
    "cross_sectional_ic": -0.0345,
    "cross_sectional_ic_t": -2.63,
    "caveat": "The BOOK's t is 1.77 — it does not reach 1.96, let alone the 2.73 that Bonferroni over 8 examined features would want. Only the raw cross-sectional IC (t=-2.63) is nominally significant; discretising it into a 6-a-side book and charging turnover costs gives most of that back. Sharpe 7.24 is an annualisation artefact of a 40-day window, not a property of the strategy."
  },
  "sample_requirement": {
    "observed_sd_pct": 0.3878,
    "observed_edge_pct": 0.0349,
    "n_for_t196": 475,
    "days_to_n": 79
  },
  "verdict": "ACCUMULATING",
  "live_exposure_usdt": 0,
  "latest": null,
  "rebalanced_this_cycle": 0,
  "skipped": "no unbooked closed periods (latest booked 2026-08-25T08:00:00.000Z)",
  "errors": [
    "AAVEUSDT: fetch failed",
    "APTUSDT: fetch failed",
    "ARBUSDT: fetch failed",
    "ATOMUSDT: fetch failed",
    "AVAXUSDT: fetch failed",
    "AXSUSDT: fetch failed",
    "BNBUSDT: fetch failed",
    "BTCUSDT: fetch failed",
    "DOGEUSDT: fetch failed",
    "DOTUSDT: fetch failed",
    "ETHUSDT: fetch failed",
    "FILUSDT: fetch failed",
    "GALAUSDT: fetch failed",
    "INJUSDT: fetch failed",
    "LINKUSDT: fetch failed",
    "LTCUSDT: fetch failed",
    "NEARUSDT: fetch failed",
    "OPUSDT: fetch failed",
    "SANDUSDT: fetch failed",
    "SEIUSDT: fetch failed",
    "SOLUSDT: fetch failed",
    "SUIUSDT: fetch failed",
    "TIAUSDT: fetch failed",
    "XRPUSDT: fetch failed"
  ]
}
{
  "generated_at": "2026-08-25T15:55:40.153Z",
  "lane": "v7_positioning_paper",
  "signal": "top_ratio - retail_ratio, cross-sectional rank, dollar-neutral",
  "k": 6,
  "symbols": 24,
  "periods_booked": 52,
  "equity": 1.017196,
  "realised": {
    "total_net_pct": 1.7196,
    "mean_net_pct": 0.0349,
    "mean_gross_pct": 0.043,
    "mean_cost_pct": 0.0081,
    "ann_pct": 105,
    "vol_pct": 18.1,
    "sharpe": 5.79,
    "t_stat": 0.65
  },
  "backtest_expectation": {
    "source": "banked v5 ledger, 24 symbols x 242 periods (40.5 days)",
    "ann_pct": 85.3,
    "vol_pct": 11.8,
    "t_stat": 1.77,
    "cross_sectional_ic": -0.0345,
    "cross_sectional_ic_t": -2.63,
    "caveat": "The BOOK's t is 1.77 — it does not reach 1.96, let alone the 2.73 that Bonferroni over 8 examined features would want. Only the raw cross-sectional IC (t=-2.63) is nominally significant; discretising it into a 6-a-side book and charging turnover costs gives most of that back. Sharpe 7.24 is an annualisation artefact of a 40-day window, not a property of the strategy."
  },
  "sample_requirement": {
    "observed_sd_pct": 0.3878,
    "observed_edge_pct": 0.0349,
    "n_for_t196": 475,
    "days_to_n": 79
  },
  "verdict": "ACCUMULATING",
  "live_exposure_usdt": 0,
  "latest": null,
  "rebalanced_this_cycle": 0,
  "skipped": "no unbooked closed periods (latest booked 2026-08-25T08:00:00.000Z)",
  "errors": [
    "AAVEUSDT: fetch failed",
    "APTUSDT: fetch failed"
  ]
}
{
  "generated_at": "2026-08-25T16:55:41.618Z",
  "lane": "v7_positioning_paper",
  "signal": "top_ratio - retail_ratio, cross-sectional rank, dollar-neutral",
  "k": 6,
  "symbols": 24,
  "periods_booked": 53,
  "equity": 1.021667,
  "realised": {
    "total_net_pct": 2.1667,
    "mean_net_pct": 0.0425,
    "mean_gross_pct": 0.0507,
    "mean_cost_pct": 0.0082,
    "ann_pct": 142.5,
    "vol_pct": 18.2,
    "sharpe": 7.85,
    "t_stat": 0.8
  },
  "backtest_expectation": {
    "source": "banked v5 ledger, 24 symbols x 242 periods (40.5 days)",
    "ann_pct": 85.3,
    "vol_pct": 11.8,
    "t_stat": 1.77,
    "cross_sectional_ic": -0.0345,
    "cross_sectional_ic_t": -2.63,
    "caveat": "The BOOK's t is 1.77 — it does not reach 1.96, let alone the 2.73 that Bonferroni over 8 examined features would want. Only the raw cross-sectional IC (t=-2.63) is nominally significant; discretising it into a 6-a-side book and charging turnover costs gives most of that back. Sharpe 7.24 is an annualisation artefact of a 40-day window, not a property of the strategy."
  },
  "sample_requirement": {
    "observed_sd_pct": 0.388,
    "observed_edge_pct": 0.0425,
    "n_for_t196": 320,
    "days_to_n": 53
  },
  "verdict": "ACCUMULATING",
  "live_exposure_usdt": 0,
  "latest": {
    "ts": "2026-08-25T12:00:00.000Z",
    "longs": [
      "ETHUSDT",
      "BNBUSDT",
      "XRPUSDT",
      "SANDUSDT",
      "LTCUSDT",
      "AAVEUSDT"
    ],
    "shorts": [
      "BTCUSDT",
      "NEARUSDT",
      "DOGEUSDT",
      "ATOMUSDT",
      "FILUSDT",
      "APTUSDT"
    ],
    "net_pct": 0.4396
  },
  "rebalanced_this_cycle": 1,
  "skipped": null,
  "errors": []
}
{
  "generated_at": "2026-08-25T17:55:47.010Z",
  "lane": "v7_positioning_paper",
  "signal": "top_ratio - retail_ratio, cross-sectional rank, dollar-neutral",
  "k": 6,
  "symbols": 24,
  "periods_booked": 53,
  "equity": 1.021667,
  "realised": {
    "total_net_pct": 2.1667,
    "mean_net_pct": 0.0425,
    "mean_gross_pct": 0.0507,
    "mean_cost_pct": 0.0082,
    "ann_pct": 142.5,
    "vol_pct": 18.2,
    "sharpe": 7.85,
    "t_stat": 0.8
  },
  "backtest_expectation": {
    "source": "banked v5 ledger, 24 symbols x 242 periods (40.5 days)",
    "ann_pct": 85.3,
    "vol_pct": 11.8,
    "t_stat": 1.77,
    "cross_sectional_ic": -0.0345,
    "cross_sectional_ic_t": -2.63,
    "caveat": "The BOOK's t is 1.77 — it does not reach 1.96, let alone the 2.73 that Bonferroni over 8 examined features would want. Only the raw cross-sectional IC (t=-2.63) is nominally significant; discretising it into a 6-a-side book and charging turnover costs gives most of that back. Sharpe 7.24 is an annualisation artefact of a 40-day window, not a property of the strategy."
  },
  "sample_requirement": {
    "observed_sd_pct": 0.388,
    "observed_edge_pct": 0.0425,
    "n_for_t196": 320,
    "days_to_n": 53
  },
  "verdict": "ACCUMULATING",
  "live_exposure_usdt": 0,
  "latest": null,
  "rebalanced_this_cycle": 0,
  "skipped": "no unbooked closed periods (latest booked 2026-08-25T12:00:00.000Z)",
  "errors": []
}
{
  "generated_at": "2026-08-25T18:55:48.642Z",
  "lane": "v7_positioning_paper",
  "signal": "top_ratio - retail_ratio, cross-sectional rank, dollar-neutral",
  "k": 6,
  "symbols": 24,
  "periods_booked": 53,
  "equity": 1.021667,
  "realised": {
    "total_net_pct": 2.1667,
    "mean_net_pct": 0.0425,
    "mean_gross_pct": 0.0507,
    "mean_cost_pct": 0.0082,
    "ann_pct": 142.5,
    "vol_pct": 18.2,
    "sharpe": 7.85,
    "t_stat": 0.8
  },
  "backtest_expectation": {
    "source": "banked v5 ledger, 24 symbols x 242 periods (40.5 days)",
    "ann_pct": 85.3,
    "vol_pct": 11.8,
    "t_stat": 1.77,
    "cross_sectional_ic": -0.0345,
    "cross_sectional_ic_t": -2.63,
    "caveat": "The BOOK's t is 1.77 — it does not reach 1.96, let alone the 2.73 that Bonferroni over 8 examined features would want. Only the raw cross-sectional IC (t=-2.63) is nominally significant; discretising it into a 6-a-side book and charging turnover costs gives most of that back. Sharpe 7.24 is an annualisation artefact of a 40-day window, not a property of the strategy."
  },
  "sample_requirement": {
    "observed_sd_pct": 0.388,
    "observed_edge_pct": 0.0425,
    "n_for_t196": 320,
    "days_to_n": 53
  },
  "verdict": "ACCUMULATING",
  "live_exposure_usdt": 0,
  "latest": null,
  "rebalanced_this_cycle": 0,
  "skipped": "no unbooked closed periods (latest booked 2026-08-25T12:00:00.000Z)",
  "errors": []
}
{
  "generated_at": "2026-08-25T20:00:01.334Z",
  "lane": "v7_positioning_paper",
  "signal": "top_ratio - retail_ratio, cross-sectional rank, dollar-neutral",
  "k": 6,
  "symbols": 24,
  "periods_booked": 53,
  "equity": 1.021667,
  "realised": {
    "total_net_pct": 2.1667,
    "mean_net_pct": 0.0425,
    "mean_gross_pct": 0.0507,
    "mean_cost_pct": 0.0082,
    "ann_pct": 142.5,
    "vol_pct": 18.2,
    "sharpe": 7.85,
    "t_stat": 0.8
  },
  "backtest_expectation": {
    "source": "banked v5 ledger, 24 symbols x 242 periods (40.5 days)",
    "ann_pct": 85.3,
    "vol_pct": 11.8,
    "t_stat": 1.77,
    "cross_sectional_ic": -0.0345,
    "cross_sectional_ic_t": -2.63,
    "caveat": "The BOOK's t is 1.77 — it does not reach 1.96, let alone the 2.73 that Bonferroni over 8 examined features would want. Only the raw cross-sectional IC (t=-2.63) is nominally significant; discretising it into a 6-a-side book and charging turnover costs gives most of that back. Sharpe 7.24 is an annualisation artefact of a 40-day window, not a property of the strategy."
  },
  "sample_requirement": {
    "observed_sd_pct": 0.388,
    "observed_edge_pct": 0.0425,
    "n_for_t196": 320,
    "days_to_n": 53
  },
  "verdict": "ACCUMULATING",
  "live_exposure_usdt": 0,
  "latest": null,
  "rebalanced_this_cycle": 0,
  "skipped": "no unbooked closed periods (latest booked 2026-08-25T12:00:00.000Z)",
  "errors": [
    "AAVEUSDT: fetch failed",
    "APTUSDT: fetch failed",
    "ARBUSDT: fetch failed",
    "ATOMUSDT: fetch failed",
    "AVAXUSDT: fetch failed",
    "AXSUSDT: fetch failed",
    "BNBUSDT: fetch failed",
    "BTCUSDT: fetch failed",
    "DOGEUSDT: fetch failed",
    "DOTUSDT: fetch failed",
    "ETHUSDT: fetch failed",
    "FILUSDT: fetch failed",
    "GALAUSDT: fetch failed",
    "INJUSDT: fetch failed",
    "LINKUSDT: fetch failed",
    "LTCUSDT: fetch failed",
    "NEARUSDT: fetch failed",
    "OPUSDT: fetch failed",
    "SANDUSDT: fetch failed",
    "SEIUSDT: fetch failed",
    "SOLUSDT: fetch failed",
    "SUIUSDT: fetch failed",
    "TIAUSDT: fetch failed",
    "XRPUSDT: fetch failed"
  ]
}
{
  "generated_at": "2026-08-25T21:06:11.999Z",
  "lane": "v7_positioning_paper",
  "signal": "top_ratio - retail_ratio, cross-sectional rank, dollar-neutral",
  "k": 6,
  "symbols": 24,
  "periods_booked": 53,
  "equity": 1.021667,
  "realised": {
    "total_net_pct": 2.1667,
    "mean_net_pct": 0.0425,
    "mean_gross_pct": 0.0507,
    "mean_cost_pct": 0.0082,
    "ann_pct": 142.5,
    "vol_pct": 18.2,
    "sharpe": 7.85,
    "t_stat": 0.8
  },
  "backtest_expectation": {
    "source": "banked v5 ledger, 24 symbols x 242 periods (40.5 days)",
    "ann_pct": 85.3,
    "vol_pct": 11.8,
    "t_stat": 1.77,
    "cross_sectional_ic": -0.0345,
    "cross_sectional_ic_t": -2.63,
    "caveat": "The BOOK's t is 1.77 — it does not reach 1.96, let alone the 2.73 that Bonferroni over 8 examined features would want. Only the raw cross-sectional IC (t=-2.63) is nominally significant; discretising it into a 6-a-side book and charging turnover costs gives most of that back. Sharpe 7.24 is an annualisation artefact of a 40-day window, not a property of the strategy."
  },
  "sample_requirement": {
    "observed_sd_pct": 0.388,
    "observed_edge_pct": 0.0425,
    "n_for_t196": 320,
    "days_to_n": 53
  },
  "verdict": "ACCUMULATING",
  "live_exposure_usdt": 0,
  "latest": null,
  "rebalanced_this_cycle": 0,
  "skipped": null,
  "errors": [
    "AAVEUSDT: fetch failed",
    "APTUSDT: fetch failed",
    "ARBUSDT: fetch failed",
    "ATOMUSDT: fetch failed",
    "AVAXUSDT: fetch failed",
    "AXSUSDT: fetch failed",
    "BNBUSDT: fetch failed",
    "BTCUSDT: fetch failed",
    "DOGEUSDT: fetch failed",
    "DOTUSDT: fetch failed",
    "ETHUSDT: fetch failed",
    "FILUSDT: fetch failed",
    "GALAUSDT: fetch failed",
    "INJUSDT: fetch failed",
    "LINKUSDT: fetch failed",
    "LTCUSDT: fetch failed",
    "NEARUSDT: fetch failed",
    "OPUSDT: fetch failed",
    "SANDUSDT: fetch failed",
    "SEIUSDT: fetch failed",
    "SOLUSDT: fetch failed",
    "SUIUSDT: fetch failed",
    "TIAUSDT: fetch failed",
    "XRPUSDT: fetch failed",
    "2026-08-25T16:00:00.000Z: only 0 symbols ranked (need 12)"
  ]
}
{
  "generated_at": "2026-08-25T22:12:24.795Z",
  "lane": "v7_positioning_paper",
  "signal": "top_ratio - retail_ratio, cross-sectional rank, dollar-neutral",
  "k": 6,
  "symbols": 24,
  "periods_booked": 53,
  "equity": 1.021667,
  "realised": {
    "total_net_pct": 2.1667,
    "mean_net_pct": 0.0425,
    "mean_gross_pct": 0.0507,
    "mean_cost_pct": 0.0082,
    "ann_pct": 142.5,
    "vol_pct": 18.2,
    "sharpe": 7.85,
    "t_stat": 0.8
  },
  "backtest_expectation": {
    "source": "banked v5 ledger, 24 symbols x 242 periods (40.5 days)",
    "ann_pct": 85.3,
    "vol_pct": 11.8,
    "t_stat": 1.77,
    "cross_sectional_ic": -0.0345,
    "cross_sectional_ic_t": -2.63,
    "caveat": "The BOOK's t is 1.77 — it does not reach 1.96, let alone the 2.73 that Bonferroni over 8 examined features would want. Only the raw cross-sectional IC (t=-2.63) is nominally significant; discretising it into a 6-a-side book and charging turnover costs gives most of that back. Sharpe 7.24 is an annualisation artefact of a 40-day window, not a property of the strategy."
  },
  "sample_requirement": {
    "observed_sd_pct": 0.388,
    "observed_edge_pct": 0.0425,
    "n_for_t196": 320,
    "days_to_n": 53
  },
  "verdict": "ACCUMULATING",
  "live_exposure_usdt": 0,
  "latest": null,
  "rebalanced_this_cycle": 0,
  "skipped": null,
  "errors": [
    "AAVEUSDT: fetch failed",
    "APTUSDT: fetch failed",
    "ARBUSDT: fetch failed",
    "ATOMUSDT: fetch failed",
    "AVAXUSDT: fetch failed",
    "AXSUSDT: fetch failed",
    "BNBUSDT: fetch failed",
    "BTCUSDT: fetch failed",
    "DOGEUSDT: fetch failed",
    "DOTUSDT: fetch failed",
    "ETHUSDT: fetch failed",
    "FILUSDT: fetch failed",
    "GALAUSDT: fetch failed",
    "INJUSDT: fetch failed",
    "LINKUSDT: fetch failed",
    "LTCUSDT: fetch failed",
    "NEARUSDT: fetch failed",
    "OPUSDT: fetch failed",
    "SANDUSDT: fetch failed",
    "SEIUSDT: fetch failed",
    "SOLUSDT: fetch failed",
    "SUIUSDT: fetch failed",
    "TIAUSDT: fetch failed",
    "XRPUSDT: fetch failed",
    "2026-08-25T16:00:00.000Z: only 0 symbols ranked (need 12)"
  ]
}
{
  "generated_at": "2026-08-25T23:16:26.944Z",
  "lane": "v7_positioning_paper",
  "signal": "top_ratio - retail_ratio, cross-sectional rank, dollar-neutral",
  "k": 6,
  "symbols": 24,
  "periods_booked": 53,
  "equity": 1.020833,
  "realised": {
    "total_net_pct": 2.0833,
    "mean_net_pct": 0.0425,
    "mean_gross_pct": 0.0507,
    "mean_cost_pct": 0.0082,
    "ann_pct": 134.4,
    "vol_pct": 18.2,
    "sharpe": 7.4,
    "t_stat": 0.8
  },
  "backtest_expectation": {
    "source": "banked v5 ledger, 24 symbols x 242 periods (40.5 days)",
    "ann_pct": 85.3,
    "vol_pct": 11.8,
    "t_stat": 1.77,
    "cross_sectional_ic": -0.0345,
    "cross_sectional_ic_t": -2.63,
    "caveat": "The BOOK's t is 1.77 — it does not reach 1.96, let alone the 2.73 that Bonferroni over 8 examined features would want. Only the raw cross-sectional IC (t=-2.63) is nominally significant; discretising it into a 6-a-side book and charging turnover costs gives most of that back. Sharpe 7.24 is an annualisation artefact of a 40-day window, not a property of the strategy."
  },
  "sample_requirement": {
    "observed_sd_pct": 0.388,
    "observed_edge_pct": 0.0425,
    "n_for_t196": 320,
    "days_to_n": 53
  },
  "verdict": "ACCUMULATING",
  "live_exposure_usdt": 0,
  "latest": {
    "ts": "2026-08-25T16:00:00.000Z",
    "longs": [
      "XRPUSDT",
      "SANDUSDT",
      "SOLUSDT",
      "LTCUSDT",
      "LINKUSDT",
      "SEIUSDT"
    ],
    "shorts": [
      "OPUSDT",
      "GALAUSDT",
      "TIAUSDT",
      "INJUSDT",
      "NEARUSDT",
      "FILUSDT"
    ],
    "net_pct": -0.0817
  },
  "rebalanced_this_cycle": 1,
  "skipped": null,
  "errors": [
    "AAVEUSDT: fetch failed",
    "APTUSDT: fetch failed",
    "ARBUSDT: fetch failed",
    "ATOMUSDT: fetch failed",
    "AVAXUSDT: fetch failed",
    "AXSUSDT: fetch failed",
    "BNBUSDT: fetch failed",
    "BTCUSDT: fetch failed",
    "DOGEUSDT: fetch failed",
    "DOTUSDT: fetch failed",
    "ETHUSDT: fetch failed",
    "2026-08-25T16:00:00.000Z: prior weights unpriceable — return not booked"
  ]
}
{
  "generated_at": "2026-08-26T00:19:10.118Z",
  "lane": "v7_positioning_paper",
  "signal": "top_ratio - retail_ratio, cross-sectional rank, dollar-neutral",
  "k": 6,
  "symbols": 24,
  "periods_booked": 53,
  "equity": 1.020833,
  "realised": {
    "total_net_pct": 2.0833,
    "mean_net_pct": 0.0425,
    "mean_gross_pct": 0.0507,
    "mean_cost_pct": 0.0082,
    "ann_pct": 134.4,
    "vol_pct": 18.2,
    "sharpe": 7.4,
    "t_stat": 0.8
  },
  "backtest_expectation": {
    "source": "banked v5 ledger, 24 symbols x 242 periods (40.5 days)",
    "ann_pct": 85.3,
    "vol_pct": 11.8,
    "t_stat": 1.77,
    "cross_sectional_ic": -0.0345,
    "cross_sectional_ic_t": -2.63,
    "caveat": "The BOOK's t is 1.77 — it does not reach 1.96, let alone the 2.73 that Bonferroni over 8 examined features would want. Only the raw cross-sectional IC (t=-2.63) is nominally significant; discretising it into a 6-a-side book and charging turnover costs gives most of that back. Sharpe 7.24 is an annualisation artefact of a 40-day window, not a property of the strategy."
  },
  "sample_requirement": {
    "observed_sd_pct": 0.388,
    "observed_edge_pct": 0.0425,
    "n_for_t196": 320,
    "days_to_n": 53
  },
  "verdict": "ACCUMULATING",
  "live_exposure_usdt": 0,
  "latest": null,
  "rebalanced_this_cycle": 0,
  "skipped": "no unbooked closed periods (latest booked 2026-08-25T16:00:00.000Z)",
  "errors": [
    "AAVEUSDT: fetch failed",
    "APTUSDT: fetch failed",
    "ARBUSDT: fetch failed",
    "ATOMUSDT: fetch failed",
    "AVAXUSDT: fetch failed",
    "AXSUSDT: fetch failed",
    "BNBUSDT: fetch failed",
    "BTCUSDT: fetch failed",
    "DOGEUSDT: fetch failed",
    "DOTUSDT: fetch failed",
    "ETHUSDT: fetch failed",
    "FILUSDT: fetch failed",
    "GALAUSDT: fetch failed",
    "INJUSDT: fetch failed",
    "LINKUSDT: fetch failed"
  ]
}
{
  "generated_at": "2026-08-26T01:23:22.865Z",
  "lane": "v7_positioning_paper",
  "signal": "top_ratio - retail_ratio, cross-sectional rank, dollar-neutral",
  "k": 6,
  "symbols": 24,
  "periods_booked": 53,
  "equity": 1.020833,
  "realised": {
    "total_net_pct": 2.0833,
    "mean_net_pct": 0.0425,
    "mean_gross_pct": 0.0507,
    "mean_cost_pct": 0.0082,
    "ann_pct": 134.4,
    "vol_pct": 18.2,
    "sharpe": 7.4,
    "t_stat": 0.8
  },
  "backtest_expectation": {
    "source": "banked v5 ledger, 24 symbols x 242 periods (40.5 days)",
    "ann_pct": 85.3,
    "vol_pct": 11.8,
    "t_stat": 1.77,
    "cross_sectional_ic": -0.0345,
    "cross_sectional_ic_t": -2.63,
    "caveat": "The BOOK's t is 1.77 — it does not reach 1.96, let alone the 2.73 that Bonferroni over 8 examined features would want. Only the raw cross-sectional IC (t=-2.63) is nominally significant; discretising it into a 6-a-side book and charging turnover costs gives most of that back. Sharpe 7.24 is an annualisation artefact of a 40-day window, not a property of the strategy."
  },
  "sample_requirement": {
    "observed_sd_pct": 0.388,
    "observed_edge_pct": 0.0425,
    "n_for_t196": 320,
    "days_to_n": 53
  },
  "verdict": "ACCUMULATING",
  "live_exposure_usdt": 0,
  "latest": null,
  "rebalanced_this_cycle": 0,
  "skipped": null,
  "errors": [
    "AAVEUSDT: fetch failed",
    "APTUSDT: fetch failed",
    "ARBUSDT: fetch failed",
    "ATOMUSDT: fetch failed",
    "AVAXUSDT: fetch failed",
    "AXSUSDT: fetch failed",
    "BNBUSDT: fetch failed",
    "BTCUSDT: fetch failed",
    "DOGEUSDT: fetch failed",
    "DOTUSDT: fetch failed",
    "ETHUSDT: fetch failed",
    "FILUSDT: fetch failed",
    "GALAUSDT: fetch failed",
    "INJUSDT: fetch failed",
    "LINKUSDT: fetch failed",
    "LTCUSDT: fetch failed",
    "NEARUSDT: fetch failed",
    "OPUSDT: fetch failed",
    "SANDUSDT: fetch failed",
    "SEIUSDT: fetch failed",
    "SOLUSDT: fetch failed",
    "SUIUSDT: fetch failed",
    "TIAUSDT: fetch failed",
    "XRPUSDT: fetch failed",
    "2026-08-25T20:00:00.000Z: only 0 symbols ranked (need 12)"
  ]
}
{
  "generated_at": "2026-08-26T02:26:12.939Z",
  "lane": "v7_positioning_paper",
  "signal": "top_ratio - retail_ratio, cross-sectional rank, dollar-neutral",
  "k": 6,
  "symbols": 24,
  "periods_booked": 54,
  "equity": 1.020505,
  "realised": {
    "total_net_pct": 2.0505,
    "mean_net_pct": 0.0411,
    "mean_gross_pct": 0.0502,
    "mean_cost_pct": 0.0091,
    "ann_pct": 127.8,
    "vol_pct": 18,
    "sharpe": 7.1,
    "t_stat": 0.79
  },
  "backtest_expectation": {
    "source": "banked v5 ledger, 24 symbols x 242 periods (40.5 days)",
    "ann_pct": 85.3,
    "vol_pct": 11.8,
    "t_stat": 1.77,
    "cross_sectional_ic": -0.0345,
    "cross_sectional_ic_t": -2.63,
    "caveat": "The BOOK's t is 1.77 — it does not reach 1.96, let alone the 2.73 that Bonferroni over 8 examined features would want. Only the raw cross-sectional IC (t=-2.63) is nominally significant; discretising it into a 6-a-side book and charging turnover costs gives most of that back. Sharpe 7.24 is an annualisation artefact of a 40-day window, not a property of the strategy."
  },
  "sample_requirement": {
    "observed_sd_pct": 0.3846,
    "observed_edge_pct": 0.0411,
    "n_for_t196": 336,
    "days_to_n": 56
  },
  "verdict": "ACCUMULATING",
  "live_exposure_usdt": 0,
  "latest": {
    "ts": "2026-08-25T20:00:00.000Z",
    "longs": [
      "BNBUSDT",
      "ETHUSDT",
      "XRPUSDT",
      "SANDUSDT",
      "SOLUSDT",
      "LTCUSDT"
    ],
    "shorts": [
      "DOGEUSDT",
      "TIAUSDT",
      "BTCUSDT",
      "DOTUSDT",
      "INJUSDT",
      "FILUSDT"
    ],
    "net_pct": -0.0321
  },
  "rebalanced_this_cycle": 1,
  "skipped": null,
  "errors": [
    "AAVEUSDT: fetch failed",
    "APTUSDT: fetch failed",
    "ARBUSDT: fetch failed",
    "ATOMUSDT: fetch failed"
  ]
}
{
  "generated_at": "2026-08-26T03:26:17.059Z",
  "lane": "v7_positioning_paper",
  "signal": "top_ratio - retail_ratio, cross-sectional rank, dollar-neutral",
  "k": 6,
  "symbols": 24,
  "periods_booked": 54,
  "equity": 1.020505,
  "realised": {
    "total_net_pct": 2.0505,
    "mean_net_pct": 0.0411,
    "mean_gross_pct": 0.0502,
    "mean_cost_pct": 0.0091,
    "ann_pct": 127.8,
    "vol_pct": 18,
    "sharpe": 7.1,
    "t_stat": 0.79
  },
  "backtest_expectation": {
    "source": "banked v5 ledger, 24 symbols x 242 periods (40.5 days)",
    "ann_pct": 85.3,
    "vol_pct": 11.8,
    "t_stat": 1.77,
    "cross_sectional_ic": -0.0345,
    "cross_sectional_ic_t": -2.63,
    "caveat": "The BOOK's t is 1.77 — it does not reach 1.96, let alone the 2.73 that Bonferroni over 8 examined features would want. Only the raw cross-sectional IC (t=-2.63) is nominally significant; discretising it into a 6-a-side book and charging turnover costs gives most of that back. Sharpe 7.24 is an annualisation artefact of a 40-day window, not a property of the strategy."
  },
  "sample_requirement": {
    "observed_sd_pct": 0.3846,
    "observed_edge_pct": 0.0411,
    "n_for_t196": 336,
    "days_to_n": 56
  },
  "verdict": "ACCUMULATING",
  "live_exposure_usdt": 0,
  "latest": null,
  "rebalanced_this_cycle": 0,
  "skipped": "no unbooked closed periods (latest booked 2026-08-25T20:00:00.000Z)",
  "errors": []
}
{
  "generated_at": "2026-08-26T04:30:29.709Z",
  "lane": "v7_positioning_paper",
  "signal": "top_ratio - retail_ratio, cross-sectional rank, dollar-neutral",
  "k": 6,
  "symbols": 24,
  "periods_booked": 54,
  "equity": 1.020505,
  "realised": {
    "total_net_pct": 2.0505,
    "mean_net_pct": 0.0411,
    "mean_gross_pct": 0.0502,
    "mean_cost_pct": 0.0091,
    "ann_pct": 127.8,
    "vol_pct": 18,
    "sharpe": 7.1,
    "t_stat": 0.79
  },
  "backtest_expectation": {
    "source": "banked v5 ledger, 24 symbols x 242 periods (40.5 days)",
    "ann_pct": 85.3,
    "vol_pct": 11.8,
    "t_stat": 1.77,
    "cross_sectional_ic": -0.0345,
    "cross_sectional_ic_t": -2.63,
    "caveat": "The BOOK's t is 1.77 — it does not reach 1.96, let alone the 2.73 that Bonferroni over 8 examined features would want. Only the raw cross-sectional IC (t=-2.63) is nominally significant; discretising it into a 6-a-side book and charging turnover costs gives most of that back. Sharpe 7.24 is an annualisation artefact of a 40-day window, not a property of the strategy."
  },
  "sample_requirement": {
    "observed_sd_pct": 0.3846,
    "observed_edge_pct": 0.0411,
    "n_for_t196": 336,
    "days_to_n": 56
  },
  "verdict": "ACCUMULATING",
  "live_exposure_usdt": 0,
  "latest": null,
  "rebalanced_this_cycle": 0,
  "skipped": "no unbooked closed periods (latest booked 2026-08-25T20:00:00.000Z)",
  "errors": [
    "AAVEUSDT: fetch failed",
    "APTUSDT: fetch failed",
    "ARBUSDT: fetch failed",
    "ATOMUSDT: fetch failed",
    "AVAXUSDT: fetch failed",
    "AXSUSDT: fetch failed",
    "BNBUSDT: fetch failed",
    "BTCUSDT: fetch failed",
    "DOGEUSDT: fetch failed",
    "DOTUSDT: fetch failed",
    "ETHUSDT: fetch failed",
    "FILUSDT: fetch failed",
    "GALAUSDT: fetch failed",
    "INJUSDT: fetch failed",
    "LINKUSDT: fetch failed",
    "LTCUSDT: fetch failed",
    "NEARUSDT: fetch failed",
    "OPUSDT: fetch failed",
    "SANDUSDT: fetch failed",
    "SEIUSDT: fetch failed",
    "SOLUSDT: fetch failed",
    "SUIUSDT: fetch failed",
    "TIAUSDT: fetch failed",
    "XRPUSDT: fetch failed"
  ]
}
{
  "generated_at": "2026-08-26T05:36:40.438Z",
  "lane": "v7_positioning_paper",
  "signal": "top_ratio - retail_ratio, cross-sectional rank, dollar-neutral",
  "k": 6,
  "symbols": 24,
  "periods_booked": 54,
  "equity": 1.020505,
  "realised": {
    "total_net_pct": 2.0505,
    "mean_net_pct": 0.0411,
    "mean_gross_pct": 0.0502,
    "mean_cost_pct": 0.0091,
    "ann_pct": 127.8,
    "vol_pct": 18,
    "sharpe": 7.1,
    "t_stat": 0.79
  },
  "backtest_expectation": {
    "source": "banked v5 ledger, 24 symbols x 242 periods (40.5 days)",
    "ann_pct": 85.3,
    "vol_pct": 11.8,
    "t_stat": 1.77,
    "cross_sectional_ic": -0.0345,
    "cross_sectional_ic_t": -2.63,
    "caveat": "The BOOK's t is 1.77 — it does not reach 1.96, let alone the 2.73 that Bonferroni over 8 examined features would want. Only the raw cross-sectional IC (t=-2.63) is nominally significant; discretising it into a 6-a-side book and charging turnover costs gives most of that back. Sharpe 7.24 is an annualisation artefact of a 40-day window, not a property of the strategy."
  },
  "sample_requirement": {
    "observed_sd_pct": 0.3846,
    "observed_edge_pct": 0.0411,
    "n_for_t196": 336,
    "days_to_n": 56
  },
  "verdict": "ACCUMULATING",
  "live_exposure_usdt": 0,
  "latest": null,
  "rebalanced_this_cycle": 0,
  "skipped": "no unbooked closed periods (latest booked 2026-08-25T20:00:00.000Z)",
  "errors": [
    "AAVEUSDT: fetch failed",
    "APTUSDT: fetch failed",
    "ARBUSDT: fetch failed",
    "ATOMUSDT: fetch failed",
    "AVAXUSDT: fetch failed",
    "AXSUSDT: fetch failed",
    "BNBUSDT: fetch failed",
    "BTCUSDT: fetch failed",
    "DOGEUSDT: fetch failed",
    "DOTUSDT: fetch failed",
    "ETHUSDT: fetch failed",
    "FILUSDT: fetch failed",
    "GALAUSDT: fetch failed",
    "INJUSDT: fetch failed",
    "LINKUSDT: fetch failed",
    "LTCUSDT: fetch failed",
    "NEARUSDT: fetch failed",
    "OPUSDT: fetch failed",
    "SANDUSDT: fetch failed",
    "SEIUSDT: fetch failed",
    "SOLUSDT: fetch failed",
    "SUIUSDT: fetch failed",
    "TIAUSDT: fetch failed",
    "XRPUSDT: fetch failed"
  ]
}
{
  "generated_at": "2026-08-26T06:42:51.180Z",
  "lane": "v7_positioning_paper",
  "signal": "top_ratio - retail_ratio, cross-sectional rank, dollar-neutral",
  "k": 6,
  "symbols": 24,
  "periods_booked": 54,
  "equity": 1.020505,
  "realised": {
    "total_net_pct": 2.0505,
    "mean_net_pct": 0.0411,
    "mean_gross_pct": 0.0502,
    "mean_cost_pct": 0.0091,
    "ann_pct": 127.8,
    "vol_pct": 18,
    "sharpe": 7.1,
    "t_stat": 0.79
  },
  "backtest_expectation": {
    "source": "banked v5 ledger, 24 symbols x 242 periods (40.5 days)",
    "ann_pct": 85.3,
    "vol_pct": 11.8,
    "t_stat": 1.77,
    "cross_sectional_ic": -0.0345,
    "cross_sectional_ic_t": -2.63,
    "caveat": "The BOOK's t is 1.77 — it does not reach 1.96, let alone the 2.73 that Bonferroni over 8 examined features would want. Only the raw cross-sectional IC (t=-2.63) is nominally significant; discretising it into a 6-a-side book and charging turnover costs gives most of that back. Sharpe 7.24 is an annualisation artefact of a 40-day window, not a property of the strategy."
  },
  "sample_requirement": {
    "observed_sd_pct": 0.3846,
    "observed_edge_pct": 0.0411,
    "n_for_t196": 336,
    "days_to_n": 56
  },
  "verdict": "ACCUMULATING",
  "live_exposure_usdt": 0,
  "latest": null,
  "rebalanced_this_cycle": 0,
  "skipped": "no unbooked closed periods (latest booked 2026-08-25T20:00:00.000Z)",
  "errors": [
    "AAVEUSDT: fetch failed",
    "APTUSDT: fetch failed",
    "ARBUSDT: fetch failed",
    "ATOMUSDT: fetch failed",
    "AVAXUSDT: fetch failed",
    "AXSUSDT: fetch failed",
    "BNBUSDT: fetch failed",
    "BTCUSDT: fetch failed",
    "DOGEUSDT: fetch failed",
    "DOTUSDT: fetch failed",
    "ETHUSDT: fetch failed",
    "FILUSDT: fetch failed",
    "GALAUSDT: fetch failed",
    "INJUSDT: fetch failed",
    "LINKUSDT: fetch failed",
    "LTCUSDT: fetch failed",
    "NEARUSDT: fetch failed",
    "OPUSDT: fetch failed",
    "SANDUSDT: fetch failed",
    "SEIUSDT: fetch failed",
    "SOLUSDT: fetch failed",
    "SUIUSDT: fetch failed",
    "TIAUSDT: fetch failed",
    "XRPUSDT: fetch failed"
  ]
}
{
  "generated_at": "2026-08-26T07:44:53.148Z",
  "lane": "v7_positioning_paper",
  "signal": "top_ratio - retail_ratio, cross-sectional rank, dollar-neutral",
  "k": 6,
  "symbols": 24,
  "periods_booked": 54,
  "equity": 1.020505,
  "realised": {
    "total_net_pct": 2.0505,
    "mean_net_pct": 0.0411,
    "mean_gross_pct": 0.0502,
    "mean_cost_pct": 0.0091,
    "ann_pct": 127.8,
    "vol_pct": 18,
    "sharpe": 7.1,
    "t_stat": 0.79
  },
  "backtest_expectation": {
    "source": "banked v5 ledger, 24 symbols x 242 periods (40.5 days)",
    "ann_pct": 85.3,
    "vol_pct": 11.8,
    "t_stat": 1.77,
    "cross_sectional_ic": -0.0345,
    "cross_sectional_ic_t": -2.63,
    "caveat": "The BOOK's t is 1.77 — it does not reach 1.96, let alone the 2.73 that Bonferroni over 8 examined features would want. Only the raw cross-sectional IC (t=-2.63) is nominally significant; discretising it into a 6-a-side book and charging turnover costs gives most of that back. Sharpe 7.24 is an annualisation artefact of a 40-day window, not a property of the strategy."
  },
  "sample_requirement": {
    "observed_sd_pct": 0.3846,
    "observed_edge_pct": 0.0411,
    "n_for_t196": 336,
    "days_to_n": 56
  },
  "verdict": "ACCUMULATING",
  "live_exposure_usdt": 0,
  "latest": null,
  "rebalanced_this_cycle": 0,
  "skipped": "no unbooked closed periods (latest booked 2026-08-25T20:00:00.000Z)",
  "errors": []
}
{
  "generated_at": "2026-08-26T08:44:57.946Z",
  "lane": "v7_positioning_paper",
  "signal": "top_ratio - retail_ratio, cross-sectional rank, dollar-neutral",
  "k": 6,
  "symbols": 24,
  "periods_booked": 56,
  "equity": 1.02129,
  "realised": {
    "total_net_pct": 2.129,
    "mean_net_pct": 0.041,
    "mean_gross_pct": 0.0504,
    "mean_cost_pct": 0.0094,
    "ann_pct": 127.9,
    "vol_pct": 17.7,
    "sharpe": 7.24,
    "t_stat": 0.81
  },
  "backtest_expectation": {
    "source": "banked v5 ledger, 24 symbols x 242 periods (40.5 days)",
    "ann_pct": 85.3,
    "vol_pct": 11.8,
    "t_stat": 1.77,
    "cross_sectional_ic": -0.0345,
    "cross_sectional_ic_t": -2.63,
    "caveat": "The BOOK's t is 1.77 — it does not reach 1.96, let alone the 2.73 that Bonferroni over 8 examined features would want. Only the raw cross-sectional IC (t=-2.63) is nominally significant; discretising it into a 6-a-side book and charging turnover costs gives most of that back. Sharpe 7.24 is an annualisation artefact of a 40-day window, not a property of the strategy."
  },
  "sample_requirement": {
    "observed_sd_pct": 0.3777,
    "observed_edge_pct": 0.041,
    "n_for_t196": 326,
    "days_to_n": 54
  },
  "verdict": "ACCUMULATING",
  "live_exposure_usdt": 0,
  "latest": {
    "ts": "2026-08-26T04:00:00.000Z",
    "longs": [
      "BNBUSDT",
      "ETHUSDT",
      "SANDUSDT",
      "XRPUSDT",
      "SOLUSDT",
      "LTCUSDT"
    ],
    "shorts": [
      "DOTUSDT",
      "TIAUSDT",
      "INJUSDT",
      "ATOMUSDT",
      "FILUSDT",
      "APTUSDT"
    ],
    "net_pct": 0.0647
  },
  "rebalanced_this_cycle": 2,
  "skipped": null,
  "errors": []
}
{
  "generated_at": "2026-08-26T09:45:02.661Z",
  "lane": "v7_positioning_paper",
  "signal": "top_ratio - retail_ratio, cross-sectional rank, dollar-neutral",
  "k": 6,
  "symbols": 24,
  "periods_booked": 56,
  "equity": 1.02129,
  "realised": {
    "total_net_pct": 2.129,
    "mean_net_pct": 0.041,
    "mean_gross_pct": 0.0504,
    "mean_cost_pct": 0.0094,
    "ann_pct": 127.9,
    "vol_pct": 17.7,
    "sharpe": 7.24,
    "t_stat": 0.81
  },
  "backtest_expectation": {
    "source": "banked v5 ledger, 24 symbols x 242 periods (40.5 days)",
    "ann_pct": 85.3,
    "vol_pct": 11.8,
    "t_stat": 1.77,
    "cross_sectional_ic": -0.0345,
    "cross_sectional_ic_t": -2.63,
    "caveat": "The BOOK's t is 1.77 — it does not reach 1.96, let alone the 2.73 that Bonferroni over 8 examined features would want. Only the raw cross-sectional IC (t=-2.63) is nominally significant; discretising it into a 6-a-side book and charging turnover costs gives most of that back. Sharpe 7.24 is an annualisation artefact of a 40-day window, not a property of the strategy."
  },
  "sample_requirement": {
    "observed_sd_pct": 0.3777,
    "observed_edge_pct": 0.041,
    "n_for_t196": 326,
    "days_to_n": 54
  },
  "verdict": "ACCUMULATING",
  "live_exposure_usdt": 0,
  "latest": null,
  "rebalanced_this_cycle": 0,
  "skipped": "no unbooked closed periods (latest booked 2026-08-26T04:00:00.000Z)",
  "errors": []
}
{
  "generated_at": "2026-08-26T10:49:15.288Z",
  "lane": "v7_positioning_paper",
  "signal": "top_ratio - retail_ratio, cross-sectional rank, dollar-neutral",
  "k": 6,
  "symbols": 24,
  "periods_booked": 56,
  "equity": 1.02129,
  "realised": {
    "total_net_pct": 2.129,
    "mean_net_pct": 0.041,
    "mean_gross_pct": 0.0504,
    "mean_cost_pct": 0.0094,
    "ann_pct": 127.9,
    "vol_pct": 17.7,
    "sharpe": 7.24,
    "t_stat": 0.81
  },
  "backtest_expectation": {
    "source": "banked v5 ledger, 24 symbols x 242 periods (40.5 days)",
    "ann_pct": 85.3,
    "vol_pct": 11.8,
    "t_stat": 1.77,
    "cross_sectional_ic": -0.0345,
    "cross_sectional_ic_t": -2.63,
    "caveat": "The BOOK's t is 1.77 — it does not reach 1.96, let alone the 2.73 that Bonferroni over 8 examined features would want. Only the raw cross-sectional IC (t=-2.63) is nominally significant; discretising it into a 6-a-side book and charging turnover costs gives most of that back. Sharpe 7.24 is an annualisation artefact of a 40-day window, not a property of the strategy."
  },
  "sample_requirement": {
    "observed_sd_pct": 0.3777,
    "observed_edge_pct": 0.041,
    "n_for_t196": 326,
    "days_to_n": 54
  },
  "verdict": "ACCUMULATING",
  "live_exposure_usdt": 0,
  "latest": null,
  "rebalanced_this_cycle": 0,
  "skipped": "no unbooked closed periods (latest booked 2026-08-26T04:00:00.000Z)",
  "errors": [
    "AAVEUSDT: fetch failed",
    "APTUSDT: fetch failed",
    "ARBUSDT: fetch failed",
    "ATOMUSDT: fetch failed",
    "AVAXUSDT: fetch failed",
    "AXSUSDT: fetch failed",
    "BNBUSDT: fetch failed",
    "BTCUSDT: fetch failed",
    "DOGEUSDT: fetch failed",
    "DOTUSDT: fetch failed",
    "ETHUSDT: fetch failed",
    "FILUSDT: fetch failed",
    "GALAUSDT: fetch failed",
    "INJUSDT: fetch failed",
    "LINKUSDT: fetch failed",
    "LTCUSDT: fetch failed",
    "NEARUSDT: fetch failed",
    "OPUSDT: fetch failed",
    "SANDUSDT: fetch failed",
    "SEIUSDT: fetch failed",
    "SOLUSDT: fetch failed",
    "SUIUSDT: fetch failed",
    "TIAUSDT: fetch failed",
    "XRPUSDT: fetch failed"
  ]
}
{
  "generated_at": "2026-08-26T11:51:17.217Z",
  "lane": "v7_positioning_paper",
  "signal": "top_ratio - retail_ratio, cross-sectional rank, dollar-neutral",
  "k": 6,
  "symbols": 24,
  "periods_booked": 56,
  "equity": 1.02129,
  "realised": {
    "total_net_pct": 2.129,
    "mean_net_pct": 0.041,
    "mean_gross_pct": 0.0504,
    "mean_cost_pct": 0.0094,
    "ann_pct": 127.9,
    "vol_pct": 17.7,
    "sharpe": 7.24,
    "t_stat": 0.81
  },
  "backtest_expectation": {
    "source": "banked v5 ledger, 24 symbols x 242 periods (40.5 days)",
    "ann_pct": 85.3,
    "vol_pct": 11.8,
    "t_stat": 1.77,
    "cross_sectional_ic": -0.0345,
    "cross_sectional_ic_t": -2.63,
    "caveat": "The BOOK's t is 1.77 — it does not reach 1.96, let alone the 2.73 that Bonferroni over 8 examined features would want. Only the raw cross-sectional IC (t=-2.63) is nominally significant; discretising it into a 6-a-side book and charging turnover costs gives most of that back. Sharpe 7.24 is an annualisation artefact of a 40-day window, not a property of the strategy."
  },
  "sample_requirement": {
    "observed_sd_pct": 0.3777,
    "observed_edge_pct": 0.041,
    "n_for_t196": 326,
    "days_to_n": 54
  },
  "verdict": "ACCUMULATING",
  "live_exposure_usdt": 0,
  "latest": null,
  "rebalanced_this_cycle": 0,
  "skipped": "no unbooked closed periods (latest booked 2026-08-26T04:00:00.000Z)",
  "errors": []
}
{
  "generated_at": "2026-08-26T12:51:20.759Z",
  "lane": "v7_positioning_paper",
  "signal": "top_ratio - retail_ratio, cross-sectional rank, dollar-neutral",
  "k": 6,
  "symbols": 24,
  "periods_booked": 57,
  "equity": 1.022486,
  "realised": {
    "total_net_pct": 2.2486,
    "mean_net_pct": 0.0424,
    "mean_gross_pct": 0.0516,
    "mean_cost_pct": 0.0092,
    "ann_pct": 135,
    "vol_pct": 17.5,
    "sharpe": 7.7,
    "t_stat": 0.85
  },
  "backtest_expectation": {
    "source": "banked v5 ledger, 24 symbols x 242 periods (40.5 days)",
    "ann_pct": 85.3,
    "vol_pct": 11.8,
    "t_stat": 1.77,
    "cross_sectional_ic": -0.0345,
    "cross_sectional_ic_t": -2.63,
    "caveat": "The BOOK's t is 1.77 — it does not reach 1.96, let alone the 2.73 that Bonferroni over 8 examined features would want. Only the raw cross-sectional IC (t=-2.63) is nominally significant; discretising it into a 6-a-side book and charging turnover costs gives most of that back. Sharpe 7.24 is an annualisation artefact of a 40-day window, not a property of the strategy."
  },
  "sample_requirement": {
    "observed_sd_pct": 0.3745,
    "observed_edge_pct": 0.0424,
    "n_for_t196": 300,
    "days_to_n": 50
  },
  "verdict": "ACCUMULATING",
  "live_exposure_usdt": 0,
  "latest": {
    "ts": "2026-08-26T08:00:00.000Z",
    "longs": [
      "BNBUSDT",
      "ETHUSDT",
      "XRPUSDT",
      "SANDUSDT",
      "SOLUSDT",
      "LTCUSDT"
    ],
    "shorts": [
      "DOTUSDT",
      "TIAUSDT",
      "ATOMUSDT",
      "INJUSDT",
      "APTUSDT",
      "FILUSDT"
    ],
    "net_pct": 0.1171
  },
  "rebalanced_this_cycle": 1,
  "skipped": null,
  "errors": []
}
{
  "generated_at": "2026-08-26T13:55:33.461Z",
  "lane": "v7_positioning_paper",
  "signal": "top_ratio - retail_ratio, cross-sectional rank, dollar-neutral",
  "k": 6,
  "symbols": 24,
  "periods_booked": 57,
  "equity": 1.022486,
  "realised": {
    "total_net_pct": 2.2486,
    "mean_net_pct": 0.0424,
    "mean_gross_pct": 0.0516,
    "mean_cost_pct": 0.0092,
    "ann_pct": 135,
    "vol_pct": 17.5,
    "sharpe": 7.7,
    "t_stat": 0.85
  },
  "backtest_expectation": {
    "source": "banked v5 ledger, 24 symbols x 242 periods (40.5 days)",
    "ann_pct": 85.3,
    "vol_pct": 11.8,
    "t_stat": 1.77,
    "cross_sectional_ic": -0.0345,
    "cross_sectional_ic_t": -2.63,
    "caveat": "The BOOK's t is 1.77 — it does not reach 1.96, let alone the 2.73 that Bonferroni over 8 examined features would want. Only the raw cross-sectional IC (t=-2.63) is nominally significant; discretising it into a 6-a-side book and charging turnover costs gives most of that back. Sharpe 7.24 is an annualisation artefact of a 40-day window, not a property of the strategy."
  },
  "sample_requirement": {
    "observed_sd_pct": 0.3745,
    "observed_edge_pct": 0.0424,
    "n_for_t196": 300,
    "days_to_n": 50
  },
  "verdict": "ACCUMULATING",
  "live_exposure_usdt": 0,
  "latest": null,
  "rebalanced_this_cycle": 0,
  "skipped": "no unbooked closed periods (latest booked 2026-08-26T08:00:00.000Z)",
  "errors": [
    "AAVEUSDT: fetch failed",
    "APTUSDT: fetch failed",
    "ARBUSDT: fetch failed",
    "ATOMUSDT: fetch failed",
    "AVAXUSDT: fetch failed",
    "AXSUSDT: fetch failed",
    "BNBUSDT: fetch failed",
    "BTCUSDT: fetch failed",
    "DOGEUSDT: fetch failed",
    "DOTUSDT: fetch failed",
    "ETHUSDT: fetch failed",
    "FILUSDT: fetch failed",
    "GALAUSDT: fetch failed",
    "INJUSDT: fetch failed",
    "LINKUSDT: fetch failed",
    "LTCUSDT: fetch failed",
    "NEARUSDT: fetch failed",
    "OPUSDT: fetch failed",
    "SANDUSDT: fetch failed",
    "SEIUSDT: fetch failed",
    "SOLUSDT: fetch failed",
    "SUIUSDT: fetch failed",
    "TIAUSDT: fetch failed",
    "XRPUSDT: fetch failed"
  ]
}
{
  "generated_at": "2026-08-26T15:01:44.209Z",
  "lane": "v7_positioning_paper",
  "signal": "top_ratio - retail_ratio, cross-sectional rank, dollar-neutral",
  "k": 6,
  "symbols": 24,
  "periods_booked": 57,
  "equity": 1.022486,
  "realised": {
    "total_net_pct": 2.2486,
    "mean_net_pct": 0.0424,
    "mean_gross_pct": 0.0516,
    "mean_cost_pct": 0.0092,
    "ann_pct": 135,
    "vol_pct": 17.5,
    "sharpe": 7.7,
    "t_stat": 0.85
  },
  "backtest_expectation": {
    "source": "banked v5 ledger, 24 symbols x 242 periods (40.5 days)",
    "ann_pct": 85.3,
    "vol_pct": 11.8,
    "t_stat": 1.77,
    "cross_sectional_ic": -0.0345,
    "cross_sectional_ic_t": -2.63,
    "caveat": "The BOOK's t is 1.77 — it does not reach 1.96, let alone the 2.73 that Bonferroni over 8 examined features would want. Only the raw cross-sectional IC (t=-2.63) is nominally significant; discretising it into a 6-a-side book and charging turnover costs gives most of that back. Sharpe 7.24 is an annualisation artefact of a 40-day window, not a property of the strategy."
  },
  "sample_requirement": {
    "observed_sd_pct": 0.3745,
    "observed_edge_pct": 0.0424,
    "n_for_t196": 300,
    "days_to_n": 50
  },
  "verdict": "ACCUMULATING",
  "live_exposure_usdt": 0,
  "latest": null,
  "rebalanced_this_cycle": 0,
  "skipped": "no unbooked closed periods (latest booked 2026-08-26T08:00:00.000Z)",
  "errors": [
    "AAVEUSDT: fetch failed",
    "APTUSDT: fetch failed",
    "ARBUSDT: fetch failed",
    "ATOMUSDT: fetch failed",
    "AVAXUSDT: fetch failed",
    "AXSUSDT: fetch failed",
    "BNBUSDT: fetch failed",
    "BTCUSDT: fetch failed",
    "DOGEUSDT: fetch failed",
    "DOTUSDT: fetch failed",
    "ETHUSDT: fetch failed",
    "FILUSDT: fetch failed",
    "GALAUSDT: fetch failed",
    "INJUSDT: fetch failed",
    "LINKUSDT: fetch failed",
    "LTCUSDT: fetch failed",
    "NEARUSDT: fetch failed",
    "OPUSDT: fetch failed",
    "SANDUSDT: fetch failed",
    "SEIUSDT: fetch failed",
    "SOLUSDT: fetch failed",
    "SUIUSDT: fetch failed",
    "TIAUSDT: fetch failed",
    "XRPUSDT: fetch failed"
  ]
}
{
  "generated_at": "2026-08-26T16:07:54.953Z",
  "lane": "v7_positioning_paper",
  "signal": "top_ratio - retail_ratio, cross-sectional rank, dollar-neutral",
  "k": 6,
  "symbols": 24,
  "periods_booked": 57,
  "equity": 1.022486,
  "realised": {
    "total_net_pct": 2.2486,
    "mean_net_pct": 0.0424,
    "mean_gross_pct": 0.0516,
    "mean_cost_pct": 0.0092,
    "ann_pct": 135,
    "vol_pct": 17.5,
    "sharpe": 7.7,
    "t_stat": 0.85
  },
  "backtest_expectation": {
    "source": "banked v5 ledger, 24 symbols x 242 periods (40.5 days)",
    "ann_pct": 85.3,
    "vol_pct": 11.8,
    "t_stat": 1.77,
    "cross_sectional_ic": -0.0345,
    "cross_sectional_ic_t": -2.63,
    "caveat": "The BOOK's t is 1.77 — it does not reach 1.96, let alone the 2.73 that Bonferroni over 8 examined features would want. Only the raw cross-sectional IC (t=-2.63) is nominally significant; discretising it into a 6-a-side book and charging turnover costs gives most of that back. Sharpe 7.24 is an annualisation artefact of a 40-day window, not a property of the strategy."
  },
  "sample_requirement": {
    "observed_sd_pct": 0.3745,
    "observed_edge_pct": 0.0424,
    "n_for_t196": 300,
    "days_to_n": 50
  },
  "verdict": "ACCUMULATING",
  "live_exposure_usdt": 0,
  "latest": null,
  "rebalanced_this_cycle": 0,
  "skipped": "no unbooked closed periods (latest booked 2026-08-26T08:00:00.000Z)",
  "errors": [
    "AAVEUSDT: fetch failed",
    "APTUSDT: fetch failed",
    "ARBUSDT: fetch failed",
    "ATOMUSDT: fetch failed",
    "AVAXUSDT: fetch failed",
    "AXSUSDT: fetch failed",
    "BNBUSDT: fetch failed",
    "BTCUSDT: fetch failed",
    "DOGEUSDT: fetch failed",
    "DOTUSDT: fetch failed",
    "ETHUSDT: fetch failed",
    "FILUSDT: fetch failed",
    "GALAUSDT: fetch failed",
    "INJUSDT: fetch failed",
    "LINKUSDT: fetch failed",
    "LTCUSDT: fetch failed",
    "NEARUSDT: fetch failed",
    "OPUSDT: fetch failed",
    "SANDUSDT: fetch failed",
    "SEIUSDT: fetch failed",
    "SOLUSDT: fetch failed",
    "SUIUSDT: fetch failed",
    "TIAUSDT: fetch failed",
    "XRPUSDT: fetch failed"
  ]
}
{
  "generated_at": "2026-08-26T17:14:05.660Z",
  "lane": "v7_positioning_paper",
  "signal": "top_ratio - retail_ratio, cross-sectional rank, dollar-neutral",
  "k": 6,
  "symbols": 24,
  "periods_booked": 57,
  "equity": 1.022486,
  "realised": {
    "total_net_pct": 2.2486,
    "mean_net_pct": 0.0424,
    "mean_gross_pct": 0.0516,
    "mean_cost_pct": 0.0092,
    "ann_pct": 135,
    "vol_pct": 17.5,
    "sharpe": 7.7,
    "t_stat": 0.85
  },
  "backtest_expectation": {
    "source": "banked v5 ledger, 24 symbols x 242 periods (40.5 days)",
    "ann_pct": 85.3,
    "vol_pct": 11.8,
    "t_stat": 1.77,
    "cross_sectional_ic": -0.0345,
    "cross_sectional_ic_t": -2.63,
    "caveat": "The BOOK's t is 1.77 — it does not reach 1.96, let alone the 2.73 that Bonferroni over 8 examined features would want. Only the raw cross-sectional IC (t=-2.63) is nominally significant; discretising it into a 6-a-side book and charging turnover costs gives most of that back. Sharpe 7.24 is an annualisation artefact of a 40-day window, not a property of the strategy."
  },
  "sample_requirement": {
    "observed_sd_pct": 0.3745,
    "observed_edge_pct": 0.0424,
    "n_for_t196": 300,
    "days_to_n": 50
  },
  "verdict": "ACCUMULATING",
  "live_exposure_usdt": 0,
  "latest": null,
  "rebalanced_this_cycle": 0,
  "skipped": "no unbooked closed periods (latest booked 2026-08-26T08:00:00.000Z)",
  "errors": [
    "AAVEUSDT: fetch failed",
    "APTUSDT: fetch failed",
    "ARBUSDT: fetch failed",
    "ATOMUSDT: fetch failed",
    "AVAXUSDT: fetch failed",
    "AXSUSDT: fetch failed",
    "BNBUSDT: fetch failed",
    "BTCUSDT: fetch failed",
    "DOGEUSDT: fetch failed",
    "DOTUSDT: fetch failed",
    "ETHUSDT: fetch failed",
    "FILUSDT: fetch failed",
    "GALAUSDT: fetch failed",
    "INJUSDT: fetch failed",
    "LINKUSDT: fetch failed",
    "LTCUSDT: fetch failed",
    "NEARUSDT: fetch failed",
    "OPUSDT: fetch failed",
    "SANDUSDT: fetch failed",
    "SEIUSDT: fetch failed",
    "SOLUSDT: fetch failed",
    "SUIUSDT: fetch failed",
    "TIAUSDT: fetch failed",
    "XRPUSDT: fetch failed"
  ]
}
{
  "generated_at": "2026-08-26T18:20:16.455Z",
  "lane": "v7_positioning_paper",
  "signal": "top_ratio - retail_ratio, cross-sectional rank, dollar-neutral",
  "k": 6,
  "symbols": 24,
  "periods_booked": 57,
  "equity": 1.022486,
  "realised": {
    "total_net_pct": 2.2486,
    "mean_net_pct": 0.0424,
    "mean_gross_pct": 0.0516,
    "mean_cost_pct": 0.0092,
    "ann_pct": 135,
    "vol_pct": 17.5,
    "sharpe": 7.7,
    "t_stat": 0.85
  },
  "backtest_expectation": {
    "source": "banked v5 ledger, 24 symbols x 242 periods (40.5 days)",
    "ann_pct": 85.3,
    "vol_pct": 11.8,
    "t_stat": 1.77,
    "cross_sectional_ic": -0.0345,
    "cross_sectional_ic_t": -2.63,
    "caveat": "The BOOK's t is 1.77 — it does not reach 1.96, let alone the 2.73 that Bonferroni over 8 examined features would want. Only the raw cross-sectional IC (t=-2.63) is nominally significant; discretising it into a 6-a-side book and charging turnover costs gives most of that back. Sharpe 7.24 is an annualisation artefact of a 40-day window, not a property of the strategy."
  },
  "sample_requirement": {
    "observed_sd_pct": 0.3745,
    "observed_edge_pct": 0.0424,
    "n_for_t196": 300,
    "days_to_n": 50
  },
  "verdict": "ACCUMULATING",
  "live_exposure_usdt": 0,
  "latest": null,
  "rebalanced_this_cycle": 0,
  "skipped": "no unbooked closed periods (latest booked 2026-08-26T08:00:00.000Z)",
  "errors": [
    "AAVEUSDT: fetch failed",
    "APTUSDT: fetch failed",
    "ARBUSDT: fetch failed",
    "ATOMUSDT: fetch failed",
    "AVAXUSDT: fetch failed",
    "AXSUSDT: fetch failed",
    "BNBUSDT: fetch failed",
    "BTCUSDT: fetch failed",
    "DOGEUSDT: fetch failed",
    "DOTUSDT: fetch failed",
    "ETHUSDT: fetch failed",
    "FILUSDT: fetch failed",
    "GALAUSDT: fetch failed",
    "INJUSDT: fetch failed",
    "LINKUSDT: fetch failed",
    "LTCUSDT: fetch failed",
    "NEARUSDT: fetch failed",
    "OPUSDT: fetch failed",
    "SANDUSDT: fetch failed",
    "SEIUSDT: fetch failed",
    "SOLUSDT: fetch failed",
    "SUIUSDT: fetch failed",
    "TIAUSDT: fetch failed",
    "XRPUSDT: fetch failed"
  ]
}
{
  "generated_at": "2026-08-26T19:26:27.234Z",
  "lane": "v7_positioning_paper",
  "signal": "top_ratio - retail_ratio, cross-sectional rank, dollar-neutral",
  "k": 6,
  "symbols": 24,
  "periods_booked": 57,
  "equity": 1.022486,
  "realised": {
    "total_net_pct": 2.2486,
    "mean_net_pct": 0.0424,
    "mean_gross_pct": 0.0516,
    "mean_cost_pct": 0.0092,
    "ann_pct": 135,
    "vol_pct": 17.5,
    "sharpe": 7.7,
    "t_stat": 0.85
  },
  "backtest_expectation": {
    "source": "banked v5 ledger, 24 symbols x 242 periods (40.5 days)",
    "ann_pct": 85.3,
    "vol_pct": 11.8,
    "t_stat": 1.77,
    "cross_sectional_ic": -0.0345,
    "cross_sectional_ic_t": -2.63,
    "caveat": "The BOOK's t is 1.77 — it does not reach 1.96, let alone the 2.73 that Bonferroni over 8 examined features would want. Only the raw cross-sectional IC (t=-2.63) is nominally significant; discretising it into a 6-a-side book and charging turnover costs gives most of that back. Sharpe 7.24 is an annualisation artefact of a 40-day window, not a property of the strategy."
  },
  "sample_requirement": {
    "observed_sd_pct": 0.3745,
    "observed_edge_pct": 0.0424,
    "n_for_t196": 300,
    "days_to_n": 50
  },
  "verdict": "ACCUMULATING",
  "live_exposure_usdt": 0,
  "latest": null,
  "rebalanced_this_cycle": 0,
  "skipped": "no unbooked closed periods (latest booked 2026-08-26T08:00:00.000Z)",
  "errors": [
    "AAVEUSDT: fetch failed",
    "APTUSDT: fetch failed",
    "ARBUSDT: fetch failed",
    "ATOMUSDT: fetch failed",
    "AVAXUSDT: fetch failed",
    "AXSUSDT: fetch failed",
    "BNBUSDT: fetch failed",
    "BTCUSDT: fetch failed",
    "DOGEUSDT: fetch failed",
    "DOTUSDT: fetch failed",
    "ETHUSDT: fetch failed",
    "FILUSDT: fetch failed",
    "GALAUSDT: fetch failed",
    "INJUSDT: fetch failed",
    "LINKUSDT: fetch failed",
    "LTCUSDT: fetch failed",
    "NEARUSDT: fetch failed",
    "OPUSDT: fetch failed",
    "SANDUSDT: fetch failed",
    "SEIUSDT: fetch failed",
    "SOLUSDT: fetch failed",
    "SUIUSDT: fetch failed",
    "TIAUSDT: fetch failed",
    "XRPUSDT: fetch failed"
  ]
}
{
  "generated_at": "2026-08-26T20:32:37.964Z",
  "lane": "v7_positioning_paper",
  "signal": "top_ratio - retail_ratio, cross-sectional rank, dollar-neutral",
  "k": 6,
  "symbols": 24,
  "periods_booked": 57,
  "equity": 1.022486,
  "realised": {
    "total_net_pct": 2.2486,
    "mean_net_pct": 0.0424,
    "mean_gross_pct": 0.0516,
    "mean_cost_pct": 0.0092,
    "ann_pct": 135,
    "vol_pct": 17.5,
    "sharpe": 7.7,
    "t_stat": 0.85
  },
  "backtest_expectation": {
    "source": "banked v5 ledger, 24 symbols x 242 periods (40.5 days)",
    "ann_pct": 85.3,
    "vol_pct": 11.8,
    "t_stat": 1.77,
    "cross_sectional_ic": -0.0345,
    "cross_sectional_ic_t": -2.63,
    "caveat": "The BOOK's t is 1.77 — it does not reach 1.96, let alone the 2.73 that Bonferroni over 8 examined features would want. Only the raw cross-sectional IC (t=-2.63) is nominally significant; discretising it into a 6-a-side book and charging turnover costs gives most of that back. Sharpe 7.24 is an annualisation artefact of a 40-day window, not a property of the strategy."
  },
  "sample_requirement": {
    "observed_sd_pct": 0.3745,
    "observed_edge_pct": 0.0424,
    "n_for_t196": 300,
    "days_to_n": 50
  },
  "verdict": "ACCUMULATING",
  "live_exposure_usdt": 0,
  "latest": null,
  "rebalanced_this_cycle": 0,
  "skipped": "no unbooked closed periods (latest booked 2026-08-26T08:00:00.000Z)",
  "errors": [
    "AAVEUSDT: fetch failed",
    "APTUSDT: fetch failed",
    "ARBUSDT: fetch failed",
    "ATOMUSDT: fetch failed",
    "AVAXUSDT: fetch failed",
    "AXSUSDT: fetch failed",
    "BNBUSDT: fetch failed",
    "BTCUSDT: fetch failed",
    "DOGEUSDT: fetch failed",
    "DOTUSDT: fetch failed",
    "ETHUSDT: fetch failed",
    "FILUSDT: fetch failed",
    "GALAUSDT: fetch failed",
    "INJUSDT: fetch failed",
    "LINKUSDT: fetch failed",
    "LTCUSDT: fetch failed",
    "NEARUSDT: fetch failed",
    "OPUSDT: fetch failed",
    "SANDUSDT: fetch failed",
    "SEIUSDT: fetch failed",
    "SOLUSDT: fetch failed",
    "SUIUSDT: fetch failed",
    "TIAUSDT: fetch failed",
    "XRPUSDT: fetch failed"
  ]
}
{
  "generated_at": "2026-08-26T21:38:48.727Z",
  "lane": "v7_positioning_paper",
  "signal": "top_ratio - retail_ratio, cross-sectional rank, dollar-neutral",
  "k": 6,
  "symbols": 24,
  "periods_booked": 57,
  "equity": 1.022486,
  "realised": {
    "total_net_pct": 2.2486,
    "mean_net_pct": 0.0424,
    "mean_gross_pct": 0.0516,
    "mean_cost_pct": 0.0092,
    "ann_pct": 135,
    "vol_pct": 17.5,
    "sharpe": 7.7,
    "t_stat": 0.85
  },
  "backtest_expectation": {
    "source": "banked v5 ledger, 24 symbols x 242 periods (40.5 days)",
    "ann_pct": 85.3,
    "vol_pct": 11.8,
    "t_stat": 1.77,
    "cross_sectional_ic": -0.0345,
    "cross_sectional_ic_t": -2.63,
    "caveat": "The BOOK's t is 1.77 — it does not reach 1.96, let alone the 2.73 that Bonferroni over 8 examined features would want. Only the raw cross-sectional IC (t=-2.63) is nominally significant; discretising it into a 6-a-side book and charging turnover costs gives most of that back. Sharpe 7.24 is an annualisation artefact of a 40-day window, not a property of the strategy."
  },
  "sample_requirement": {
    "observed_sd_pct": 0.3745,
    "observed_edge_pct": 0.0424,
    "n_for_t196": 300,
    "days_to_n": 50
  },
  "verdict": "ACCUMULATING",
  "live_exposure_usdt": 0,
  "latest": null,
  "rebalanced_this_cycle": 0,
  "skipped": "no unbooked closed periods (latest booked 2026-08-26T08:00:00.000Z)",
  "errors": [
    "AAVEUSDT: fetch failed",
    "APTUSDT: fetch failed",
    "ARBUSDT: fetch failed",
    "ATOMUSDT: fetch failed",
    "AVAXUSDT: fetch failed",
    "AXSUSDT: fetch failed",
    "BNBUSDT: fetch failed",
    "BTCUSDT: fetch failed",
    "DOGEUSDT: fetch failed",
    "DOTUSDT: fetch failed",
    "ETHUSDT: fetch failed",
    "FILUSDT: fetch failed",
    "GALAUSDT: fetch failed",
    "INJUSDT: fetch failed",
    "LINKUSDT: fetch failed",
    "LTCUSDT: fetch failed",
    "NEARUSDT: fetch failed",
    "OPUSDT: fetch failed",
    "SANDUSDT: fetch failed",
    "SEIUSDT: fetch failed",
    "SOLUSDT: fetch failed",
    "SUIUSDT: fetch failed",
    "TIAUSDT: fetch failed",
    "XRPUSDT: fetch failed"
  ]
}
{
  "generated_at": "2026-08-26T22:44:59.447Z",
  "lane": "v7_positioning_paper",
  "signal": "top_ratio - retail_ratio, cross-sectional rank, dollar-neutral",
  "k": 6,
  "symbols": 24,
  "periods_booked": 57,
  "equity": 1.022486,
  "realised": {
    "total_net_pct": 2.2486,
    "mean_net_pct": 0.0424,
    "mean_gross_pct": 0.0516,
    "mean_cost_pct": 0.0092,
    "ann_pct": 135,
    "vol_pct": 17.5,
    "sharpe": 7.7,
    "t_stat": 0.85
  },
  "backtest_expectation": {
    "source": "banked v5 ledger, 24 symbols x 242 periods (40.5 days)",
    "ann_pct": 85.3,
    "vol_pct": 11.8,
    "t_stat": 1.77,
    "cross_sectional_ic": -0.0345,
    "cross_sectional_ic_t": -2.63,
    "caveat": "The BOOK's t is 1.77 — it does not reach 1.96, let alone the 2.73 that Bonferroni over 8 examined features would want. Only the raw cross-sectional IC (t=-2.63) is nominally significant; discretising it into a 6-a-side book and charging turnover costs gives most of that back. Sharpe 7.24 is an annualisation artefact of a 40-day window, not a property of the strategy."
  },
  "sample_requirement": {
    "observed_sd_pct": 0.3745,
    "observed_edge_pct": 0.0424,
    "n_for_t196": 300,
    "days_to_n": 50
  },
  "verdict": "ACCUMULATING",
  "live_exposure_usdt": 0,
  "latest": null,
  "rebalanced_this_cycle": 0,
  "skipped": "no unbooked closed periods (latest booked 2026-08-26T08:00:00.000Z)",
  "errors": [
    "AAVEUSDT: fetch failed",
    "APTUSDT: fetch failed",
    "ARBUSDT: fetch failed",
    "ATOMUSDT: fetch failed",
    "AVAXUSDT: fetch failed",
    "AXSUSDT: fetch failed",
    "BNBUSDT: fetch failed",
    "BTCUSDT: fetch failed",
    "DOGEUSDT: fetch failed",
    "DOTUSDT: fetch failed",
    "ETHUSDT: fetch failed",
    "FILUSDT: fetch failed",
    "GALAUSDT: fetch failed",
    "INJUSDT: fetch failed",
    "LINKUSDT: fetch failed",
    "LTCUSDT: fetch failed",
    "NEARUSDT: fetch failed",
    "OPUSDT: fetch failed",
    "SANDUSDT: fetch failed",
    "SEIUSDT: fetch failed",
    "SOLUSDT: fetch failed",
    "SUIUSDT: fetch failed",
    "TIAUSDT: fetch failed",
    "XRPUSDT: fetch failed"
  ]
}
{
  "generated_at": "2026-08-26T23:51:10.219Z",
  "lane": "v7_positioning_paper",
  "signal": "top_ratio - retail_ratio, cross-sectional rank, dollar-neutral",
  "k": 6,
  "symbols": 24,
  "periods_booked": 57,
  "equity": 1.022486,
  "realised": {
    "total_net_pct": 2.2486,
    "mean_net_pct": 0.0424,
    "mean_gross_pct": 0.0516,
    "mean_cost_pct": 0.0092,
    "ann_pct": 135,
    "vol_pct": 17.5,
    "sharpe": 7.7,
    "t_stat": 0.85
  },
  "backtest_expectation": {
    "source": "banked v5 ledger, 24 symbols x 242 periods (40.5 days)",
    "ann_pct": 85.3,
    "vol_pct": 11.8,
    "t_stat": 1.77,
    "cross_sectional_ic": -0.0345,
    "cross_sectional_ic_t": -2.63,
    "caveat": "The BOOK's t is 1.77 — it does not reach 1.96, let alone the 2.73 that Bonferroni over 8 examined features would want. Only the raw cross-sectional IC (t=-2.63) is nominally significant; discretising it into a 6-a-side book and charging turnover costs gives most of that back. Sharpe 7.24 is an annualisation artefact of a 40-day window, not a property of the strategy."
  },
  "sample_requirement": {
    "observed_sd_pct": 0.3745,
    "observed_edge_pct": 0.0424,
    "n_for_t196": 300,
    "days_to_n": 50
  },
  "verdict": "ACCUMULATING",
  "live_exposure_usdt": 0,
  "latest": null,
  "rebalanced_this_cycle": 0,
  "skipped": "no unbooked closed periods (latest booked 2026-08-26T08:00:00.000Z)",
  "errors": [
    "AAVEUSDT: fetch failed",
    "APTUSDT: fetch failed",
    "ARBUSDT: fetch failed",
    "ATOMUSDT: fetch failed",
    "AVAXUSDT: fetch failed",
    "AXSUSDT: fetch failed",
    "BNBUSDT: fetch failed",
    "BTCUSDT: fetch failed",
    "DOGEUSDT: fetch failed",
    "DOTUSDT: fetch failed",
    "ETHUSDT: fetch failed",
    "FILUSDT: fetch failed",
    "GALAUSDT: fetch failed",
    "INJUSDT: fetch failed",
    "LINKUSDT: fetch failed",
    "LTCUSDT: fetch failed",
    "NEARUSDT: fetch failed",
    "OPUSDT: fetch failed",
    "SANDUSDT: fetch failed",
    "SEIUSDT: fetch failed",
    "SOLUSDT: fetch failed",
    "SUIUSDT: fetch failed",
    "TIAUSDT: fetch failed",
    "XRPUSDT: fetch failed"
  ]
}
{
  "generated_at": "2026-08-27T00:57:20.960Z",
  "lane": "v7_positioning_paper",
  "signal": "top_ratio - retail_ratio, cross-sectional rank, dollar-neutral",
  "k": 6,
  "symbols": 24,
  "periods_booked": 57,
  "equity": 1.022486,
  "realised": {
    "total_net_pct": 2.2486,
    "mean_net_pct": 0.0424,
    "mean_gross_pct": 0.0516,
    "mean_cost_pct": 0.0092,
    "ann_pct": 135,
    "vol_pct": 17.5,
    "sharpe": 7.7,
    "t_stat": 0.85
  },
  "backtest_expectation": {
    "source": "banked v5 ledger, 24 symbols x 242 periods (40.5 days)",
    "ann_pct": 85.3,
    "vol_pct": 11.8,
    "t_stat": 1.77,
    "cross_sectional_ic": -0.0345,
    "cross_sectional_ic_t": -2.63,
    "caveat": "The BOOK's t is 1.77 — it does not reach 1.96, let alone the 2.73 that Bonferroni over 8 examined features would want. Only the raw cross-sectional IC (t=-2.63) is nominally significant; discretising it into a 6-a-side book and charging turnover costs gives most of that back. Sharpe 7.24 is an annualisation artefact of a 40-day window, not a property of the strategy."
  },
  "sample_requirement": {
    "observed_sd_pct": 0.3745,
    "observed_edge_pct": 0.0424,
    "n_for_t196": 300,
    "days_to_n": 50
  },
  "verdict": "ACCUMULATING",
  "live_exposure_usdt": 0,
  "latest": null,
  "rebalanced_this_cycle": 0,
  "skipped": "no unbooked closed periods (latest booked 2026-08-26T08:00:00.000Z)",
  "errors": [
    "AAVEUSDT: fetch failed",
    "APTUSDT: fetch failed",
    "ARBUSDT: fetch failed",
    "ATOMUSDT: fetch failed",
    "AVAXUSDT: fetch failed",
    "AXSUSDT: fetch failed",
    "BNBUSDT: fetch failed",
    "BTCUSDT: fetch failed",
    "DOGEUSDT: fetch failed",
    "DOTUSDT: fetch failed",
    "ETHUSDT: fetch failed",
    "FILUSDT: fetch failed",
    "GALAUSDT: fetch failed",
    "INJUSDT: fetch failed",
    "LINKUSDT: fetch failed",
    "LTCUSDT: fetch failed",
    "NEARUSDT: fetch failed",
    "OPUSDT: fetch failed",
    "SANDUSDT: fetch failed",
    "SEIUSDT: fetch failed",
    "SOLUSDT: fetch failed",
    "SUIUSDT: fetch failed",
    "TIAUSDT: fetch failed",
    "XRPUSDT: fetch failed"
  ]
}
{
  "generated_at": "2026-08-27T02:03:31.725Z",
  "lane": "v7_positioning_paper",
  "signal": "top_ratio - retail_ratio, cross-sectional rank, dollar-neutral",
  "k": 6,
  "symbols": 24,
  "periods_booked": 57,
  "equity": 1.022486,
  "realised": {
    "total_net_pct": 2.2486,
    "mean_net_pct": 0.0424,
    "mean_gross_pct": 0.0516,
    "mean_cost_pct": 0.0092,
    "ann_pct": 135,
    "vol_pct": 17.5,
    "sharpe": 7.7,
    "t_stat": 0.85
  },
  "backtest_expectation": {
    "source": "banked v5 ledger, 24 symbols x 242 periods (40.5 days)",
    "ann_pct": 85.3,
    "vol_pct": 11.8,
    "t_stat": 1.77,
    "cross_sectional_ic": -0.0345,
    "cross_sectional_ic_t": -2.63,
    "caveat": "The BOOK's t is 1.77 — it does not reach 1.96, let alone the 2.73 that Bonferroni over 8 examined features would want. Only the raw cross-sectional IC (t=-2.63) is nominally significant; discretising it into a 6-a-side book and charging turnover costs gives most of that back. Sharpe 7.24 is an annualisation artefact of a 40-day window, not a property of the strategy."
  },
  "sample_requirement": {
    "observed_sd_pct": 0.3745,
    "observed_edge_pct": 0.0424,
    "n_for_t196": 300,
    "days_to_n": 50
  },
  "verdict": "ACCUMULATING",
  "live_exposure_usdt": 0,
  "latest": null,
  "rebalanced_this_cycle": 0,
  "skipped": "no unbooked closed periods (latest booked 2026-08-26T08:00:00.000Z)",
  "errors": [
    "AAVEUSDT: fetch failed",
    "APTUSDT: fetch failed",
    "ARBUSDT: fetch failed",
    "ATOMUSDT: fetch failed",
    "AVAXUSDT: fetch failed",
    "AXSUSDT: fetch failed",
    "BNBUSDT: fetch failed",
    "BTCUSDT: fetch failed",
    "DOGEUSDT: fetch failed",
    "DOTUSDT: fetch failed",
    "ETHUSDT: fetch failed",
    "FILUSDT: fetch failed",
    "GALAUSDT: fetch failed",
    "INJUSDT: fetch failed",
    "LINKUSDT: fetch failed",
    "LTCUSDT: fetch failed",
    "NEARUSDT: fetch failed",
    "OPUSDT: fetch failed",
    "SANDUSDT: fetch failed",
    "SEIUSDT: fetch failed",
    "SOLUSDT: fetch failed",
    "SUIUSDT: fetch failed",
    "TIAUSDT: fetch failed",
    "XRPUSDT: fetch failed"
  ]
}
{
  "generated_at": "2026-08-27T03:09:42.441Z",
  "lane": "v7_positioning_paper",
  "signal": "top_ratio - retail_ratio, cross-sectional rank, dollar-neutral",
  "k": 6,
  "symbols": 24,
  "periods_booked": 57,
  "equity": 1.022486,
  "realised": {
    "total_net_pct": 2.2486,
    "mean_net_pct": 0.0424,
    "mean_gross_pct": 0.0516,
    "mean_cost_pct": 0.0092,
    "ann_pct": 135,
    "vol_pct": 17.5,
    "sharpe": 7.7,
    "t_stat": 0.85
  },
  "backtest_expectation": {
    "source": "banked v5 ledger, 24 symbols x 242 periods (40.5 days)",
    "ann_pct": 85.3,
    "vol_pct": 11.8,
    "t_stat": 1.77,
    "cross_sectional_ic": -0.0345,
    "cross_sectional_ic_t": -2.63,
    "caveat": "The BOOK's t is 1.77 — it does not reach 1.96, let alone the 2.73 that Bonferroni over 8 examined features would want. Only the raw cross-sectional IC (t=-2.63) is nominally significant; discretising it into a 6-a-side book and charging turnover costs gives most of that back. Sharpe 7.24 is an annualisation artefact of a 40-day window, not a property of the strategy."
  },
  "sample_requirement": {
    "observed_sd_pct": 0.3745,
    "observed_edge_pct": 0.0424,
    "n_for_t196": 300,
    "days_to_n": 50
  },
  "verdict": "ACCUMULATING",
  "live_exposure_usdt": 0,
  "latest": null,
  "rebalanced_this_cycle": 0,
  "skipped": "no unbooked closed periods (latest booked 2026-08-26T08:00:00.000Z)",
  "errors": [
    "AAVEUSDT: fetch failed",
    "APTUSDT: fetch failed",
    "ARBUSDT: fetch failed",
    "ATOMUSDT: fetch failed",
    "AVAXUSDT: fetch failed",
    "AXSUSDT: fetch failed",
    "BNBUSDT: fetch failed",
    "BTCUSDT: fetch failed",
    "DOGEUSDT: fetch failed",
    "DOTUSDT: fetch failed",
    "ETHUSDT: fetch failed",
    "FILUSDT: fetch failed",
    "GALAUSDT: fetch failed",
    "INJUSDT: fetch failed",
    "LINKUSDT: fetch failed",
    "LTCUSDT: fetch failed",
    "NEARUSDT: fetch failed",
    "OPUSDT: fetch failed",
    "SANDUSDT: fetch failed",
    "SEIUSDT: fetch failed",
    "SOLUSDT: fetch failed",
    "SUIUSDT: fetch failed",
    "TIAUSDT: fetch failed",
    "XRPUSDT: fetch failed"
  ]
}
{
  "generated_at": "2026-08-27T04:15:53.190Z",
  "lane": "v7_positioning_paper",
  "signal": "top_ratio - retail_ratio, cross-sectional rank, dollar-neutral",
  "k": 6,
  "symbols": 24,
  "periods_booked": 57,
  "equity": 1.022486,
  "realised": {
    "total_net_pct": 2.2486,
    "mean_net_pct": 0.0424,
    "mean_gross_pct": 0.0516,
    "mean_cost_pct": 0.0092,
    "ann_pct": 135,
    "vol_pct": 17.5,
    "sharpe": 7.7,
    "t_stat": 0.85
  },
  "backtest_expectation": {
    "source": "banked v5 ledger, 24 symbols x 242 periods (40.5 days)",
    "ann_pct": 85.3,
    "vol_pct": 11.8,
    "t_stat": 1.77,
    "cross_sectional_ic": -0.0345,
    "cross_sectional_ic_t": -2.63,
    "caveat": "The BOOK's t is 1.77 — it does not reach 1.96, let alone the 2.73 that Bonferroni over 8 examined features would want. Only the raw cross-sectional IC (t=-2.63) is nominally significant; discretising it into a 6-a-side book and charging turnover costs gives most of that back. Sharpe 7.24 is an annualisation artefact of a 40-day window, not a property of the strategy."
  },
  "sample_requirement": {
    "observed_sd_pct": 0.3745,
    "observed_edge_pct": 0.0424,
    "n_for_t196": 300,
    "days_to_n": 50
  },
  "verdict": "ACCUMULATING",
  "live_exposure_usdt": 0,
  "latest": null,
  "rebalanced_this_cycle": 0,
  "skipped": "no unbooked closed periods (latest booked 2026-08-26T08:00:00.000Z)",
  "errors": [
    "AAVEUSDT: fetch failed",
    "APTUSDT: fetch failed",
    "ARBUSDT: fetch failed",
    "ATOMUSDT: fetch failed",
    "AVAXUSDT: fetch failed",
    "AXSUSDT: fetch failed",
    "BNBUSDT: fetch failed",
    "BTCUSDT: fetch failed",
    "DOGEUSDT: fetch failed",
    "DOTUSDT: fetch failed",
    "ETHUSDT: fetch failed",
    "FILUSDT: fetch failed",
    "GALAUSDT: fetch failed",
    "INJUSDT: fetch failed",
    "LINKUSDT: fetch failed",
    "LTCUSDT: fetch failed",
    "NEARUSDT: fetch failed",
    "OPUSDT: fetch failed",
    "SANDUSDT: fetch failed",
    "SEIUSDT: fetch failed",
    "SOLUSDT: fetch failed",
    "SUIUSDT: fetch failed",
    "TIAUSDT: fetch failed",
    "XRPUSDT: fetch failed"
  ]
}
{
  "generated_at": "2026-08-27T05:22:03.965Z",
  "lane": "v7_positioning_paper",
  "signal": "top_ratio - retail_ratio, cross-sectional rank, dollar-neutral",
  "k": 6,
  "symbols": 24,
  "periods_booked": 57,
  "equity": 1.022486,
  "realised": {
    "total_net_pct": 2.2486,
    "mean_net_pct": 0.0424,
    "mean_gross_pct": 0.0516,
    "mean_cost_pct": 0.0092,
    "ann_pct": 135,
    "vol_pct": 17.5,
    "sharpe": 7.7,
    "t_stat": 0.85
  },
  "backtest_expectation": {
    "source": "banked v5 ledger, 24 symbols x 242 periods (40.5 days)",
    "ann_pct": 85.3,
    "vol_pct": 11.8,
    "t_stat": 1.77,
    "cross_sectional_ic": -0.0345,
    "cross_sectional_ic_t": -2.63,
    "caveat": "The BOOK's t is 1.77 — it does not reach 1.96, let alone the 2.73 that Bonferroni over 8 examined features would want. Only the raw cross-sectional IC (t=-2.63) is nominally significant; discretising it into a 6-a-side book and charging turnover costs gives most of that back. Sharpe 7.24 is an annualisation artefact of a 40-day window, not a property of the strategy."
  },
  "sample_requirement": {
    "observed_sd_pct": 0.3745,
    "observed_edge_pct": 0.0424,
    "n_for_t196": 300,
    "days_to_n": 50
  },
  "verdict": "ACCUMULATING",
  "live_exposure_usdt": 0,
  "latest": null,
  "rebalanced_this_cycle": 0,
  "skipped": "no unbooked closed periods (latest booked 2026-08-26T08:00:00.000Z)",
  "errors": [
    "AAVEUSDT: fetch failed",
    "APTUSDT: fetch failed",
    "ARBUSDT: fetch failed",
    "ATOMUSDT: fetch failed",
    "AVAXUSDT: fetch failed",
    "AXSUSDT: fetch failed",
    "BNBUSDT: fetch failed",
    "BTCUSDT: fetch failed",
    "DOGEUSDT: fetch failed",
    "DOTUSDT: fetch failed",
    "ETHUSDT: fetch failed",
    "FILUSDT: fetch failed",
    "GALAUSDT: fetch failed",
    "INJUSDT: fetch failed",
    "LINKUSDT: fetch failed",
    "LTCUSDT: fetch failed",
    "NEARUSDT: fetch failed",
    "OPUSDT: fetch failed",
    "SANDUSDT: fetch failed",
    "SEIUSDT: fetch failed",
    "SOLUSDT: fetch failed",
    "SUIUSDT: fetch failed",
    "TIAUSDT: fetch failed",
    "XRPUSDT: fetch failed"
  ]
}
{
  "generated_at": "2026-08-27T06:28:14.693Z",
  "lane": "v7_positioning_paper",
  "signal": "top_ratio - retail_ratio, cross-sectional rank, dollar-neutral",
  "k": 6,
  "symbols": 24,
  "periods_booked": 57,
  "equity": 1.022486,
  "realised": {
    "total_net_pct": 2.2486,
    "mean_net_pct": 0.0424,
    "mean_gross_pct": 0.0516,
    "mean_cost_pct": 0.0092,
    "ann_pct": 135,
    "vol_pct": 17.5,
    "sharpe": 7.7,
    "t_stat": 0.85
  },
  "backtest_expectation": {
    "source": "banked v5 ledger, 24 symbols x 242 periods (40.5 days)",
    "ann_pct": 85.3,
    "vol_pct": 11.8,
    "t_stat": 1.77,
    "cross_sectional_ic": -0.0345,
    "cross_sectional_ic_t": -2.63,
    "caveat": "The BOOK's t is 1.77 — it does not reach 1.96, let alone the 2.73 that Bonferroni over 8 examined features would want. Only the raw cross-sectional IC (t=-2.63) is nominally significant; discretising it into a 6-a-side book and charging turnover costs gives most of that back. Sharpe 7.24 is an annualisation artefact of a 40-day window, not a property of the strategy."
  },
  "sample_requirement": {
    "observed_sd_pct": 0.3745,
    "observed_edge_pct": 0.0424,
    "n_for_t196": 300,
    "days_to_n": 50
  },
  "verdict": "ACCUMULATING",
  "live_exposure_usdt": 0,
  "latest": null,
  "rebalanced_this_cycle": 0,
  "skipped": "no unbooked closed periods (latest booked 2026-08-26T08:00:00.000Z)",
  "errors": [
    "AAVEUSDT: fetch failed",
    "APTUSDT: fetch failed",
    "ARBUSDT: fetch failed",
    "ATOMUSDT: fetch failed",
    "AVAXUSDT: fetch failed",
    "AXSUSDT: fetch failed",
    "BNBUSDT: fetch failed",
    "BTCUSDT: fetch failed",
    "DOGEUSDT: fetch failed",
    "DOTUSDT: fetch failed",
    "ETHUSDT: fetch failed",
    "FILUSDT: fetch failed",
    "GALAUSDT: fetch failed",
    "INJUSDT: fetch failed",
    "LINKUSDT: fetch failed",
    "LTCUSDT: fetch failed",
    "NEARUSDT: fetch failed",
    "OPUSDT: fetch failed",
    "SANDUSDT: fetch failed",
    "SEIUSDT: fetch failed",
    "SOLUSDT: fetch failed",
    "SUIUSDT: fetch failed",
    "TIAUSDT: fetch failed",
    "XRPUSDT: fetch failed"
  ]
}
{
  "generated_at": "2026-08-27T07:34:25.421Z",
  "lane": "v7_positioning_paper",
  "signal": "top_ratio - retail_ratio, cross-sectional rank, dollar-neutral",
  "k": 6,
  "symbols": 24,
  "periods_booked": 57,
  "equity": 1.022486,
  "realised": {
    "total_net_pct": 2.2486,
    "mean_net_pct": 0.0424,
    "mean_gross_pct": 0.0516,
    "mean_cost_pct": 0.0092,
    "ann_pct": 135,
    "vol_pct": 17.5,
    "sharpe": 7.7,
    "t_stat": 0.85
  },
  "backtest_expectation": {
    "source": "banked v5 ledger, 24 symbols x 242 periods (40.5 days)",
    "ann_pct": 85.3,
    "vol_pct": 11.8,
    "t_stat": 1.77,
    "cross_sectional_ic": -0.0345,
    "cross_sectional_ic_t": -2.63,
    "caveat": "The BOOK's t is 1.77 — it does not reach 1.96, let alone the 2.73 that Bonferroni over 8 examined features would want. Only the raw cross-sectional IC (t=-2.63) is nominally significant; discretising it into a 6-a-side book and charging turnover costs gives most of that back. Sharpe 7.24 is an annualisation artefact of a 40-day window, not a property of the strategy."
  },
  "sample_requirement": {
    "observed_sd_pct": 0.3745,
    "observed_edge_pct": 0.0424,
    "n_for_t196": 300,
    "days_to_n": 50
  },
  "verdict": "ACCUMULATING",
  "live_exposure_usdt": 0,
  "latest": null,
  "rebalanced_this_cycle": 0,
  "skipped": "no unbooked closed periods (latest booked 2026-08-26T08:00:00.000Z)",
  "errors": [
    "AAVEUSDT: fetch failed",
    "APTUSDT: fetch failed",
    "ARBUSDT: fetch failed",
    "ATOMUSDT: fetch failed",
    "AVAXUSDT: fetch failed",
    "AXSUSDT: fetch failed",
    "BNBUSDT: fetch failed",
    "BTCUSDT: fetch failed",
    "DOGEUSDT: fetch failed",
    "DOTUSDT: fetch failed",
    "ETHUSDT: fetch failed",
    "FILUSDT: fetch failed",
    "GALAUSDT: fetch failed",
    "INJUSDT: fetch failed",
    "LINKUSDT: fetch failed",
    "LTCUSDT: fetch failed",
    "NEARUSDT: fetch failed",
    "OPUSDT: fetch failed",
    "SANDUSDT: fetch failed",
    "SEIUSDT: fetch failed",
    "SOLUSDT: fetch failed",
    "SUIUSDT: fetch failed",
    "TIAUSDT: fetch failed",
    "XRPUSDT: fetch failed"
  ]
}
{
  "generated_at": "2026-08-27T08:40:36.157Z",
  "lane": "v7_positioning_paper",
  "signal": "top_ratio - retail_ratio, cross-sectional rank, dollar-neutral",
  "k": 6,
  "symbols": 24,
  "periods_booked": 57,
  "equity": 1.022486,
  "realised": {
    "total_net_pct": 2.2486,
    "mean_net_pct": 0.0424,
    "mean_gross_pct": 0.0516,
    "mean_cost_pct": 0.0092,
    "ann_pct": 135,
    "vol_pct": 17.5,
    "sharpe": 7.7,
    "t_stat": 0.85
  },
  "backtest_expectation": {
    "source": "banked v5 ledger, 24 symbols x 242 periods (40.5 days)",
    "ann_pct": 85.3,
    "vol_pct": 11.8,
    "t_stat": 1.77,
    "cross_sectional_ic": -0.0345,
    "cross_sectional_ic_t": -2.63,
    "caveat": "The BOOK's t is 1.77 — it does not reach 1.96, let alone the 2.73 that Bonferroni over 8 examined features would want. Only the raw cross-sectional IC (t=-2.63) is nominally significant; discretising it into a 6-a-side book and charging turnover costs gives most of that back. Sharpe 7.24 is an annualisation artefact of a 40-day window, not a property of the strategy."
  },
  "sample_requirement": {
    "observed_sd_pct": 0.3745,
    "observed_edge_pct": 0.0424,
    "n_for_t196": 300,
    "days_to_n": 50
  },
  "verdict": "ACCUMULATING",
  "live_exposure_usdt": 0,
  "latest": null,
  "rebalanced_this_cycle": 0,
  "skipped": "no unbooked closed periods (latest booked 2026-08-26T08:00:00.000Z)",
  "errors": [
    "AAVEUSDT: fetch failed",
    "APTUSDT: fetch failed",
    "ARBUSDT: fetch failed",
    "ATOMUSDT: fetch failed",
    "AVAXUSDT: fetch failed",
    "AXSUSDT: fetch failed",
    "BNBUSDT: fetch failed",
    "BTCUSDT: fetch failed",
    "DOGEUSDT: fetch failed",
    "DOTUSDT: fetch failed",
    "ETHUSDT: fetch failed",
    "FILUSDT: fetch failed",
    "GALAUSDT: fetch failed",
    "INJUSDT: fetch failed",
    "LINKUSDT: fetch failed",
    "LTCUSDT: fetch failed",
    "NEARUSDT: fetch failed",
    "OPUSDT: fetch failed",
    "SANDUSDT: fetch failed",
    "SEIUSDT: fetch failed",
    "SOLUSDT: fetch failed",
    "SUIUSDT: fetch failed",
    "TIAUSDT: fetch failed",
    "XRPUSDT: fetch failed"
  ]
}
{
  "generated_at": "2026-08-27T10:42:16.053Z",
  "lane": "v7_positioning_paper",
  "signal": "top_ratio - retail_ratio, cross-sectional rank, dollar-neutral",
  "k": 6,
  "symbols": 24,
  "periods_booked": 62,
  "equity": 1.027183,
  "realised": {
    "total_net_pct": 2.7183,
    "mean_net_pct": 0.0464,
    "mean_gross_pct": 0.056,
    "mean_cost_pct": 0.0096,
    "ann_pct": 157.9,
    "vol_pct": 17,
    "sharpe": 9.29,
    "t_stat": 1.01
  },
  "backtest_expectation": {
    "source": "banked v5 ledger, 24 symbols x 242 periods (40.5 days)",
    "ann_pct": 85.3,
    "vol_pct": 11.8,
    "t_stat": 1.77,
    "cross_sectional_ic": -0.0345,
    "cross_sectional_ic_t": -2.63,
    "caveat": "The BOOK's t is 1.77 — it does not reach 1.96, let alone the 2.73 that Bonferroni over 8 examined features would want. Only the raw cross-sectional IC (t=-2.63) is nominally significant; discretising it into a 6-a-side book and charging turnover costs gives most of that back. Sharpe 7.24 is an annualisation artefact of a 40-day window, not a property of the strategy."
  },
  "sample_requirement": {
    "observed_sd_pct": 0.3633,
    "observed_edge_pct": 0.0464,
    "n_for_t196": 236,
    "days_to_n": 39
  },
  "verdict": "ACCUMULATING",
  "live_exposure_usdt": 0,
  "latest": null,
  "rebalanced_this_cycle": 0,
  "skipped": "no unbooked closed periods (latest booked 2026-08-27T04:00:00.000Z)",
  "errors": []
}
{
  "generated_at": "2026-08-27T11:42:19.536Z",
  "lane": "v7_positioning_paper",
  "signal": "top_ratio - retail_ratio, cross-sectional rank, dollar-neutral",
  "k": 6,
  "symbols": 24,
  "periods_booked": 62,
  "equity": 1.027183,
  "realised": {
    "total_net_pct": 2.7183,
    "mean_net_pct": 0.0464,
    "mean_gross_pct": 0.056,
    "mean_cost_pct": 0.0096,
    "ann_pct": 157.9,
    "vol_pct": 17,
    "sharpe": 9.29,
    "t_stat": 1.01
  },
  "backtest_expectation": {
    "source": "banked v5 ledger, 24 symbols x 242 periods (40.5 days)",
    "ann_pct": 85.3,
    "vol_pct": 11.8,
    "t_stat": 1.77,
    "cross_sectional_ic": -0.0345,
    "cross_sectional_ic_t": -2.63,
    "caveat": "The BOOK's t is 1.77 — it does not reach 1.96, let alone the 2.73 that Bonferroni over 8 examined features would want. Only the raw cross-sectional IC (t=-2.63) is nominally significant; discretising it into a 6-a-side book and charging turnover costs gives most of that back. Sharpe 7.24 is an annualisation artefact of a 40-day window, not a property of the strategy."
  },
  "sample_requirement": {
    "observed_sd_pct": 0.3633,
    "observed_edge_pct": 0.0464,
    "n_for_t196": 236,
    "days_to_n": 39
  },
  "verdict": "ACCUMULATING",
  "live_exposure_usdt": 0,
  "latest": null,
  "rebalanced_this_cycle": 0,
  "skipped": "no unbooked closed periods (latest booked 2026-08-27T04:00:00.000Z)",
  "errors": []
}
{
  "generated_at": "2026-08-27T12:42:22.887Z",
  "lane": "v7_positioning_paper",
  "signal": "top_ratio - retail_ratio, cross-sectional rank, dollar-neutral",
  "k": 6,
  "symbols": 24,
  "periods_booked": 63,
  "equity": 1.027492,
  "realised": {
    "total_net_pct": 2.7492,
    "mean_net_pct": 0.0461,
    "mean_gross_pct": 0.0557,
    "mean_cost_pct": 0.0096,
    "ann_pct": 156.7,
    "vol_pct": 16.9,
    "sharpe": 9.29,
    "t_stat": 1.02
  },
  "backtest_expectation": {
    "source": "banked v5 ledger, 24 symbols x 242 periods (40.5 days)",
    "ann_pct": 85.3,
    "vol_pct": 11.8,
    "t_stat": 1.77,
    "cross_sectional_ic": -0.0345,
    "cross_sectional_ic_t": -2.63,
    "caveat": "The BOOK's t is 1.77 — it does not reach 1.96, let alone the 2.73 that Bonferroni over 8 examined features would want. Only the raw cross-sectional IC (t=-2.63) is nominally significant; discretising it into a 6-a-side book and charging turnover costs gives most of that back. Sharpe 7.24 is an annualisation artefact of a 40-day window, not a property of the strategy."
  },
  "sample_requirement": {
    "observed_sd_pct": 0.3604,
    "observed_edge_pct": 0.0461,
    "n_for_t196": 235,
    "days_to_n": 39
  },
  "verdict": "ACCUMULATING",
  "live_exposure_usdt": 0,
  "latest": {
    "ts": "2026-08-27T08:00:00.000Z",
    "longs": [
      "BNBUSDT",
      "ETHUSDT",
      "SANDUSDT",
      "XRPUSDT",
      "LTCUSDT",
      "LINKUSDT"
    ],
    "shorts": [
      "NEARUSDT",
      "ATOMUSDT",
      "TIAUSDT",
      "FILUSDT",
      "APTUSDT",
      "INJUSDT"
    ],
    "net_pct": 0.03
  },
  "rebalanced_this_cycle": 1,
  "skipped": null,
  "errors": []
}
{
  "generated_at": "2026-08-27T13:42:26.257Z",
  "lane": "v7_positioning_paper",
  "signal": "top_ratio - retail_ratio, cross-sectional rank, dollar-neutral",
  "k": 6,
  "symbols": 24,
  "periods_booked": 63,
  "equity": 1.027492,
  "realised": {
    "total_net_pct": 2.7492,
    "mean_net_pct": 0.0461,
    "mean_gross_pct": 0.0557,
    "mean_cost_pct": 0.0096,
    "ann_pct": 156.7,
    "vol_pct": 16.9,
    "sharpe": 9.29,
    "t_stat": 1.02
  },
  "backtest_expectation": {
    "source": "banked v5 ledger, 24 symbols x 242 periods (40.5 days)",
    "ann_pct": 85.3,
    "vol_pct": 11.8,
    "t_stat": 1.77,
    "cross_sectional_ic": -0.0345,
    "cross_sectional_ic_t": -2.63,
    "caveat": "The BOOK's t is 1.77 — it does not reach 1.96, let alone the 2.73 that Bonferroni over 8 examined features would want. Only the raw cross-sectional IC (t=-2.63) is nominally significant; discretising it into a 6-a-side book and charging turnover costs gives most of that back. Sharpe 7.24 is an annualisation artefact of a 40-day window, not a property of the strategy."
  },
  "sample_requirement": {
    "observed_sd_pct": 0.3604,
    "observed_edge_pct": 0.0461,
    "n_for_t196": 235,
    "days_to_n": 39
  },
  "verdict": "ACCUMULATING",
  "live_exposure_usdt": 0,
  "latest": null,
  "rebalanced_this_cycle": 0,
  "skipped": "no unbooked closed periods (latest booked 2026-08-27T08:00:00.000Z)",
  "errors": []
}
{
  "generated_at": "2026-08-27T14:42:27.710Z",
  "lane": "v7_positioning_paper",
  "signal": "top_ratio - retail_ratio, cross-sectional rank, dollar-neutral",
  "k": 6,
  "symbols": 24,
  "periods_booked": 63,
  "equity": 1.027492,
  "realised": {
    "total_net_pct": 2.7492,
    "mean_net_pct": 0.0461,
    "mean_gross_pct": 0.0557,
    "mean_cost_pct": 0.0096,
    "ann_pct": 156.7,
    "vol_pct": 16.9,
    "sharpe": 9.29,
    "t_stat": 1.02
  },
  "backtest_expectation": {
    "source": "banked v5 ledger, 24 symbols x 242 periods (40.5 days)",
    "ann_pct": 85.3,
    "vol_pct": 11.8,
    "t_stat": 1.77,
    "cross_sectional_ic": -0.0345,
    "cross_sectional_ic_t": -2.63,
    "caveat": "The BOOK's t is 1.77 — it does not reach 1.96, let alone the 2.73 that Bonferroni over 8 examined features would want. Only the raw cross-sectional IC (t=-2.63) is nominally significant; discretising it into a 6-a-side book and charging turnover costs gives most of that back. Sharpe 7.24 is an annualisation artefact of a 40-day window, not a property of the strategy."
  },
  "sample_requirement": {
    "observed_sd_pct": 0.3604,
    "observed_edge_pct": 0.0461,
    "n_for_t196": 235,
    "days_to_n": 39
  },
  "verdict": "ACCUMULATING",
  "live_exposure_usdt": 0,
  "latest": null,
  "rebalanced_this_cycle": 0,
  "skipped": "no unbooked closed periods (latest booked 2026-08-27T08:00:00.000Z)",
  "errors": []
}
{
  "generated_at": "2026-08-27T15:42:33.163Z",
  "lane": "v7_positioning_paper",
  "signal": "top_ratio - retail_ratio, cross-sectional rank, dollar-neutral",
  "k": 6,
  "symbols": 24,
  "periods_booked": 63,
  "equity": 1.027492,
  "realised": {
    "total_net_pct": 2.7492,
    "mean_net_pct": 0.0461,
    "mean_gross_pct": 0.0557,
    "mean_cost_pct": 0.0096,
    "ann_pct": 156.7,
    "vol_pct": 16.9,
    "sharpe": 9.29,
    "t_stat": 1.02
  },
  "backtest_expectation": {
    "source": "banked v5 ledger, 24 symbols x 242 periods (40.5 days)",
    "ann_pct": 85.3,
    "vol_pct": 11.8,
    "t_stat": 1.77,
    "cross_sectional_ic": -0.0345,
    "cross_sectional_ic_t": -2.63,
    "caveat": "The BOOK's t is 1.77 — it does not reach 1.96, let alone the 2.73 that Bonferroni over 8 examined features would want. Only the raw cross-sectional IC (t=-2.63) is nominally significant; discretising it into a 6-a-side book and charging turnover costs gives most of that back. Sharpe 7.24 is an annualisation artefact of a 40-day window, not a property of the strategy."
  },
  "sample_requirement": {
    "observed_sd_pct": 0.3604,
    "observed_edge_pct": 0.0461,
    "n_for_t196": 235,
    "days_to_n": 39
  },
  "verdict": "ACCUMULATING",
  "live_exposure_usdt": 0,
  "latest": null,
  "rebalanced_this_cycle": 0,
  "skipped": "no unbooked closed periods (latest booked 2026-08-27T08:00:00.000Z)",
  "errors": []
}
{
  "generated_at": "2026-08-27T16:42:36.387Z",
  "lane": "v7_positioning_paper",
  "signal": "top_ratio - retail_ratio, cross-sectional rank, dollar-neutral",
  "k": 6,
  "symbols": 24,
  "periods_booked": 64,
  "equity": 1.026981,
  "realised": {
    "total_net_pct": 2.6981,
    "mean_net_pct": 0.0446,
    "mean_gross_pct": 0.0543,
    "mean_cost_pct": 0.0097,
    "ann_pct": 148.7,
    "vol_pct": 16.7,
    "sharpe": 8.88,
    "t_stat": 1
  },
  "backtest_expectation": {
    "source": "banked v5 ledger, 24 symbols x 242 periods (40.5 days)",
    "ann_pct": 85.3,
    "vol_pct": 11.8,
    "t_stat": 1.77,
    "cross_sectional_ic": -0.0345,
    "cross_sectional_ic_t": -2.63,
    "caveat": "The BOOK's t is 1.77 — it does not reach 1.96, let alone the 2.73 that Bonferroni over 8 examined features would want. Only the raw cross-sectional IC (t=-2.63) is nominally significant; discretising it into a 6-a-side book and charging turnover costs gives most of that back. Sharpe 7.24 is an annualisation artefact of a 40-day window, not a property of the strategy."
  },
  "sample_requirement": {
    "observed_sd_pct": 0.3578,
    "observed_edge_pct": 0.0446,
    "n_for_t196": 248,
    "days_to_n": 41
  },
  "verdict": "ACCUMULATING",
  "live_exposure_usdt": 0,
  "latest": {
    "ts": "2026-08-27T12:00:00.000Z",
    "longs": [
      "ETHUSDT",
      "BNBUSDT",
      "SANDUSDT",
      "XRPUSDT",
      "LINKUSDT",
      "LTCUSDT"
    ],
    "shorts": [
      "FILUSDT",
      "DOGEUSDT",
      "ATOMUSDT",
      "TIAUSDT",
      "INJUSDT",
      "APTUSDT"
    ],
    "net_pct": -0.0498
  },
  "rebalanced_this_cycle": 1,
  "skipped": null,
  "errors": []
}
{
  "generated_at": "2026-08-27T17:42:37.872Z",
  "lane": "v7_positioning_paper",
  "signal": "top_ratio - retail_ratio, cross-sectional rank, dollar-neutral",
  "k": 6,
  "symbols": 24,
  "periods_booked": 64,
  "equity": 1.026981,
  "realised": {
    "total_net_pct": 2.6981,
    "mean_net_pct": 0.0446,
    "mean_gross_pct": 0.0543,
    "mean_cost_pct": 0.0097,
    "ann_pct": 148.7,
    "vol_pct": 16.7,
    "sharpe": 8.88,
    "t_stat": 1
  },
  "backtest_expectation": {
    "source": "banked v5 ledger, 24 symbols x 242 periods (40.5 days)",
    "ann_pct": 85.3,
    "vol_pct": 11.8,
    "t_stat": 1.77,
    "cross_sectional_ic": -0.0345,
    "cross_sectional_ic_t": -2.63,
    "caveat": "The BOOK's t is 1.77 — it does not reach 1.96, let alone the 2.73 that Bonferroni over 8 examined features would want. Only the raw cross-sectional IC (t=-2.63) is nominally significant; discretising it into a 6-a-side book and charging turnover costs gives most of that back. Sharpe 7.24 is an annualisation artefact of a 40-day window, not a property of the strategy."
  },
  "sample_requirement": {
    "observed_sd_pct": 0.3578,
    "observed_edge_pct": 0.0446,
    "n_for_t196": 248,
    "days_to_n": 41
  },
  "verdict": "ACCUMULATING",
  "live_exposure_usdt": 0,
  "latest": null,
  "rebalanced_this_cycle": 0,
  "skipped": "no unbooked closed periods (latest booked 2026-08-27T12:00:00.000Z)",
  "errors": []
}
{
  "generated_at": "2026-08-27T18:42:43.306Z",
  "lane": "v7_positioning_paper",
  "signal": "top_ratio - retail_ratio, cross-sectional rank, dollar-neutral",
  "k": 6,
  "symbols": 24,
  "periods_booked": 64,
  "equity": 1.026981,
  "realised": {
    "total_net_pct": 2.6981,
    "mean_net_pct": 0.0446,
    "mean_gross_pct": 0.0543,
    "mean_cost_pct": 0.0097,
    "ann_pct": 148.7,
    "vol_pct": 16.7,
    "sharpe": 8.88,
    "t_stat": 1
  },
  "backtest_expectation": {
    "source": "banked v5 ledger, 24 symbols x 242 periods (40.5 days)",
    "ann_pct": 85.3,
    "vol_pct": 11.8,
    "t_stat": 1.77,
    "cross_sectional_ic": -0.0345,
    "cross_sectional_ic_t": -2.63,
    "caveat": "The BOOK's t is 1.77 — it does not reach 1.96, let alone the 2.73 that Bonferroni over 8 examined features would want. Only the raw cross-sectional IC (t=-2.63) is nominally significant; discretising it into a 6-a-side book and charging turnover costs gives most of that back. Sharpe 7.24 is an annualisation artefact of a 40-day window, not a property of the strategy."
  },
  "sample_requirement": {
    "observed_sd_pct": 0.3578,
    "observed_edge_pct": 0.0446,
    "n_for_t196": 248,
    "days_to_n": 41
  },
  "verdict": "ACCUMULATING",
  "live_exposure_usdt": 0,
  "latest": null,
  "rebalanced_this_cycle": 0,
  "skipped": "no unbooked closed periods (latest booked 2026-08-27T12:00:00.000Z)",
  "errors": []
}
{
  "generated_at": "2026-08-27T19:42:46.779Z",
  "lane": "v7_positioning_paper",
  "signal": "top_ratio - retail_ratio, cross-sectional rank, dollar-neutral",
  "k": 6,
  "symbols": 24,
  "periods_booked": 64,
  "equity": 1.026981,
  "realised": {
    "total_net_pct": 2.6981,
    "mean_net_pct": 0.0446,
    "mean_gross_pct": 0.0543,
    "mean_cost_pct": 0.0097,
    "ann_pct": 148.7,
    "vol_pct": 16.7,
    "sharpe": 8.88,
    "t_stat": 1
  },
  "backtest_expectation": {
    "source": "banked v5 ledger, 24 symbols x 242 periods (40.5 days)",
    "ann_pct": 85.3,
    "vol_pct": 11.8,
    "t_stat": 1.77,
    "cross_sectional_ic": -0.0345,
    "cross_sectional_ic_t": -2.63,
    "caveat": "The BOOK's t is 1.77 — it does not reach 1.96, let alone the 2.73 that Bonferroni over 8 examined features would want. Only the raw cross-sectional IC (t=-2.63) is nominally significant; discretising it into a 6-a-side book and charging turnover costs gives most of that back. Sharpe 7.24 is an annualisation artefact of a 40-day window, not a property of the strategy."
  },
  "sample_requirement": {
    "observed_sd_pct": 0.3578,
    "observed_edge_pct": 0.0446,
    "n_for_t196": 248,
    "days_to_n": 41
  },
  "verdict": "ACCUMULATING",
  "live_exposure_usdt": 0,
  "latest": null,
  "rebalanced_this_cycle": 0,
  "skipped": "no unbooked closed periods (latest booked 2026-08-27T12:00:00.000Z)",
  "errors": []
}
{
  "generated_at": "2026-08-27T20:42:50.152Z",
  "lane": "v7_positioning_paper",
  "signal": "top_ratio - retail_ratio, cross-sectional rank, dollar-neutral",
  "k": 6,
  "symbols": 24,
  "periods_booked": 65,
  "equity": 1.023594,
  "realised": {
    "total_net_pct": 2.3594,
    "mean_net_pct": 0.0389,
    "mean_gross_pct": 0.0487,
    "mean_cost_pct": 0.0099,
    "ann_pct": 119.4,
    "vol_pct": 16.8,
    "sharpe": 7.13,
    "t_stat": 0.88
  },
  "backtest_expectation": {
    "source": "banked v5 ledger, 24 symbols x 242 periods (40.5 days)",
    "ann_pct": 85.3,
    "vol_pct": 11.8,
    "t_stat": 1.77,
    "cross_sectional_ic": -0.0345,
    "cross_sectional_ic_t": -2.63,
    "caveat": "The BOOK's t is 1.77 — it does not reach 1.96, let alone the 2.73 that Bonferroni over 8 examined features would want. Only the raw cross-sectional IC (t=-2.63) is nominally significant; discretising it into a 6-a-side book and charging turnover costs gives most of that back. Sharpe 7.24 is an annualisation artefact of a 40-day window, not a property of the strategy."
  },
  "sample_requirement": {
    "observed_sd_pct": 0.358,
    "observed_edge_pct": 0.0389,
    "n_for_t196": 327,
    "days_to_n": 55
  },
  "verdict": "ACCUMULATING",
  "live_exposure_usdt": 0,
  "latest": {
    "ts": "2026-08-27T16:00:00.000Z",
    "longs": [
      "BNBUSDT",
      "ETHUSDT",
      "XRPUSDT",
      "SANDUSDT",
      "SUIUSDT",
      "SOLUSDT"
    ],
    "shorts": [
      "DOGEUSDT",
      "FILUSDT",
      "ATOMUSDT",
      "TIAUSDT",
      "APTUSDT",
      "INJUSDT"
    ],
    "net_pct": -0.3298
  },
  "rebalanced_this_cycle": 1,
  "skipped": null,
  "errors": []
}
{
  "generated_at": "2026-08-27T21:42:53.419Z",
  "lane": "v7_positioning_paper",
  "signal": "top_ratio - retail_ratio, cross-sectional rank, dollar-neutral",
  "k": 6,
  "symbols": 24,
  "periods_booked": 65,
  "equity": 1.023594,
  "realised": {
    "total_net_pct": 2.3594,
    "mean_net_pct": 0.0389,
    "mean_gross_pct": 0.0487,
    "mean_cost_pct": 0.0099,
    "ann_pct": 119.4,
    "vol_pct": 16.8,
    "sharpe": 7.13,
    "t_stat": 0.88
  },
  "backtest_expectation": {
    "source": "banked v5 ledger, 24 symbols x 242 periods (40.5 days)",
    "ann_pct": 85.3,
    "vol_pct": 11.8,
    "t_stat": 1.77,
    "cross_sectional_ic": -0.0345,
    "cross_sectional_ic_t": -2.63,
    "caveat": "The BOOK's t is 1.77 — it does not reach 1.96, let alone the 2.73 that Bonferroni over 8 examined features would want. Only the raw cross-sectional IC (t=-2.63) is nominally significant; discretising it into a 6-a-side book and charging turnover costs gives most of that back. Sharpe 7.24 is an annualisation artefact of a 40-day window, not a property of the strategy."
  },
  "sample_requirement": {
    "observed_sd_pct": 0.358,
    "observed_edge_pct": 0.0389,
    "n_for_t196": 327,
    "days_to_n": 55
  },
  "verdict": "ACCUMULATING",
  "live_exposure_usdt": 0,
  "latest": null,
  "rebalanced_this_cycle": 0,
  "skipped": "no unbooked closed periods (latest booked 2026-08-27T16:00:00.000Z)",
  "errors": []
}
{
  "generated_at": "2026-08-27T22:42:57.111Z",
  "lane": "v7_positioning_paper",
  "signal": "top_ratio - retail_ratio, cross-sectional rank, dollar-neutral",
  "k": 6,
  "symbols": 24,
  "periods_booked": 65,
  "equity": 1.023594,
  "realised": {
    "total_net_pct": 2.3594,
    "mean_net_pct": 0.0389,
    "mean_gross_pct": 0.0487,
    "mean_cost_pct": 0.0099,
    "ann_pct": 119.4,
    "vol_pct": 16.8,
    "sharpe": 7.13,
    "t_stat": 0.88
  },
  "backtest_expectation": {
    "source": "banked v5 ledger, 24 symbols x 242 periods (40.5 days)",
    "ann_pct": 85.3,
    "vol_pct": 11.8,
    "t_stat": 1.77,
    "cross_sectional_ic": -0.0345,
    "cross_sectional_ic_t": -2.63,
    "caveat": "The BOOK's t is 1.77 — it does not reach 1.96, let alone the 2.73 that Bonferroni over 8 examined features would want. Only the raw cross-sectional IC (t=-2.63) is nominally significant; discretising it into a 6-a-side book and charging turnover costs gives most of that back. Sharpe 7.24 is an annualisation artefact of a 40-day window, not a property of the strategy."
  },
  "sample_requirement": {
    "observed_sd_pct": 0.358,
    "observed_edge_pct": 0.0389,
    "n_for_t196": 327,
    "days_to_n": 55
  },
  "verdict": "ACCUMULATING",
  "live_exposure_usdt": 0,
  "latest": null,
  "rebalanced_this_cycle": 0,
  "skipped": "no unbooked closed periods (latest booked 2026-08-27T16:00:00.000Z)",
  "errors": []
}
{
  "generated_at": "2026-08-27T23:43:00.589Z",
  "lane": "v7_positioning_paper",
  "signal": "top_ratio - retail_ratio, cross-sectional rank, dollar-neutral",
  "k": 6,
  "symbols": 24,
  "periods_booked": 65,
  "equity": 1.023594,
  "realised": {
    "total_net_pct": 2.3594,
    "mean_net_pct": 0.0389,
    "mean_gross_pct": 0.0487,
    "mean_cost_pct": 0.0099,
    "ann_pct": 119.4,
    "vol_pct": 16.8,
    "sharpe": 7.13,
    "t_stat": 0.88
  },
  "backtest_expectation": {
    "source": "banked v5 ledger, 24 symbols x 242 periods (40.5 days)",
    "ann_pct": 85.3,
    "vol_pct": 11.8,
    "t_stat": 1.77,
    "cross_sectional_ic": -0.0345,
    "cross_sectional_ic_t": -2.63,
    "caveat": "The BOOK's t is 1.77 — it does not reach 1.96, let alone the 2.73 that Bonferroni over 8 examined features would want. Only the raw cross-sectional IC (t=-2.63) is nominally significant; discretising it into a 6-a-side book and charging turnover costs gives most of that back. Sharpe 7.24 is an annualisation artefact of a 40-day window, not a property of the strategy."
  },
  "sample_requirement": {
    "observed_sd_pct": 0.358,
    "observed_edge_pct": 0.0389,
    "n_for_t196": 327,
    "days_to_n": 55
  },
  "verdict": "ACCUMULATING",
  "live_exposure_usdt": 0,
  "latest": null,
  "rebalanced_this_cycle": 0,
  "skipped": "no unbooked closed periods (latest booked 2026-08-27T16:00:00.000Z)",
  "errors": []
}
{
  "generated_at": "2026-08-28T00:43:04.020Z",
  "lane": "v7_positioning_paper",
  "signal": "top_ratio - retail_ratio, cross-sectional rank, dollar-neutral",
  "k": 6,
  "symbols": 24,
  "periods_booked": 66,
  "equity": 1.023275,
  "realised": {
    "total_net_pct": 2.3275,
    "mean_net_pct": 0.0378,
    "mean_gross_pct": 0.0479,
    "mean_cost_pct": 0.0101,
    "ann_pct": 114.6,
    "vol_pct": 16.6,
    "sharpe": 6.89,
    "t_stat": 0.86
  },
  "backtest_expectation": {
    "source": "banked v5 ledger, 24 symbols x 242 periods (40.5 days)",
    "ann_pct": 85.3,
    "vol_pct": 11.8,
    "t_stat": 1.77,
    "cross_sectional_ic": -0.0345,
    "cross_sectional_ic_t": -2.63,
    "caveat": "The BOOK's t is 1.77 — it does not reach 1.96, let alone the 2.73 that Bonferroni over 8 examined features would want. Only the raw cross-sectional IC (t=-2.63) is nominally significant; discretising it into a 6-a-side book and charging turnover costs gives most of that back. Sharpe 7.24 is an annualisation artefact of a 40-day window, not a property of the strategy."
  },
  "sample_requirement": {
    "observed_sd_pct": 0.3554,
    "observed_edge_pct": 0.0378,
    "n_for_t196": 340,
    "days_to_n": 57
  },
  "verdict": "ACCUMULATING",
  "live_exposure_usdt": 0,
  "latest": {
    "ts": "2026-08-27T20:00:00.000Z",
    "longs": [
      "BNBUSDT",
      "ETHUSDT",
      "XRPUSDT",
      "SANDUSDT",
      "SUIUSDT",
      "LINKUSDT"
    ],
    "shorts": [
      "NEARUSDT",
      "FILUSDT",
      "ATOMUSDT",
      "TIAUSDT",
      "APTUSDT",
      "INJUSDT"
    ],
    "net_pct": -0.0312
  },
  "rebalanced_this_cycle": 1,
  "skipped": null,
  "errors": []
}
{
  "generated_at": "2026-08-28T01:43:07.444Z",
  "lane": "v7_positioning_paper",
  "signal": "top_ratio - retail_ratio, cross-sectional rank, dollar-neutral",
  "k": 6,
  "symbols": 24,
  "periods_booked": 66,
  "equity": 1.023275,
  "realised": {
    "total_net_pct": 2.3275,
    "mean_net_pct": 0.0378,
    "mean_gross_pct": 0.0479,
    "mean_cost_pct": 0.0101,
    "ann_pct": 114.6,
    "vol_pct": 16.6,
    "sharpe": 6.89,
    "t_stat": 0.86
  },
  "backtest_expectation": {
    "source": "banked v5 ledger, 24 symbols x 242 periods (40.5 days)",
    "ann_pct": 85.3,
    "vol_pct": 11.8,
    "t_stat": 1.77,
    "cross_sectional_ic": -0.0345,
    "cross_sectional_ic_t": -2.63,
    "caveat": "The BOOK's t is 1.77 — it does not reach 1.96, let alone the 2.73 that Bonferroni over 8 examined features would want. Only the raw cross-sectional IC (t=-2.63) is nominally significant; discretising it into a 6-a-side book and charging turnover costs gives most of that back. Sharpe 7.24 is an annualisation artefact of a 40-day window, not a property of the strategy."
  },
  "sample_requirement": {
    "observed_sd_pct": 0.3554,
    "observed_edge_pct": 0.0378,
    "n_for_t196": 340,
    "days_to_n": 57
  },
  "verdict": "ACCUMULATING",
  "live_exposure_usdt": 0,
  "latest": null,
  "rebalanced_this_cycle": 0,
  "skipped": "no unbooked closed periods (latest booked 2026-08-27T20:00:00.000Z)",
  "errors": []
}
{
  "generated_at": "2026-08-28T02:43:10.817Z",
  "lane": "v7_positioning_paper",
  "signal": "top_ratio - retail_ratio, cross-sectional rank, dollar-neutral",
  "k": 6,
  "symbols": 24,
  "periods_booked": 66,
  "equity": 1.023275,
  "realised": {
    "total_net_pct": 2.3275,
    "mean_net_pct": 0.0378,
    "mean_gross_pct": 0.0479,
    "mean_cost_pct": 0.0101,
    "ann_pct": 114.6,
    "vol_pct": 16.6,
    "sharpe": 6.89,
    "t_stat": 0.86
  },
  "backtest_expectation": {
    "source": "banked v5 ledger, 24 symbols x 242 periods (40.5 days)",
    "ann_pct": 85.3,
    "vol_pct": 11.8,
    "t_stat": 1.77,
    "cross_sectional_ic": -0.0345,
    "cross_sectional_ic_t": -2.63,
    "caveat": "The BOOK's t is 1.77 — it does not reach 1.96, let alone the 2.73 that Bonferroni over 8 examined features would want. Only the raw cross-sectional IC (t=-2.63) is nominally significant; discretising it into a 6-a-side book and charging turnover costs gives most of that back. Sharpe 7.24 is an annualisation artefact of a 40-day window, not a property of the strategy."
  },
  "sample_requirement": {
    "observed_sd_pct": 0.3554,
    "observed_edge_pct": 0.0378,
    "n_for_t196": 340,
    "days_to_n": 57
  },
  "verdict": "ACCUMULATING",
  "live_exposure_usdt": 0,
  "latest": null,
  "rebalanced_this_cycle": 0,
  "skipped": "no unbooked closed periods (latest booked 2026-08-27T20:00:00.000Z)",
  "errors": []
}
{
  "generated_at": "2026-08-28T03:43:14.425Z",
  "lane": "v7_positioning_paper",
  "signal": "top_ratio - retail_ratio, cross-sectional rank, dollar-neutral",
  "k": 6,
  "symbols": 24,
  "periods_booked": 66,
  "equity": 1.023275,
  "realised": {
    "total_net_pct": 2.3275,
    "mean_net_pct": 0.0378,
    "mean_gross_pct": 0.0479,
    "mean_cost_pct": 0.0101,
    "ann_pct": 114.6,
    "vol_pct": 16.6,
    "sharpe": 6.89,
    "t_stat": 0.86
  },
  "backtest_expectation": {
    "source": "banked v5 ledger, 24 symbols x 242 periods (40.5 days)",
    "ann_pct": 85.3,
    "vol_pct": 11.8,
    "t_stat": 1.77,
    "cross_sectional_ic": -0.0345,
    "cross_sectional_ic_t": -2.63,
    "caveat": "The BOOK's t is 1.77 — it does not reach 1.96, let alone the 2.73 that Bonferroni over 8 examined features would want. Only the raw cross-sectional IC (t=-2.63) is nominally significant; discretising it into a 6-a-side book and charging turnover costs gives most of that back. Sharpe 7.24 is an annualisation artefact of a 40-day window, not a property of the strategy."
  },
  "sample_requirement": {
    "observed_sd_pct": 0.3554,
    "observed_edge_pct": 0.0378,
    "n_for_t196": 340,
    "days_to_n": 57
  },
  "verdict": "ACCUMULATING",
  "live_exposure_usdt": 0,
  "latest": null,
  "rebalanced_this_cycle": 0,
  "skipped": "no unbooked closed periods (latest booked 2026-08-27T20:00:00.000Z)",
  "errors": []
}
{
  "generated_at": "2026-08-28T04:43:17.877Z",
  "lane": "v7_positioning_paper",
  "signal": "top_ratio - retail_ratio, cross-sectional rank, dollar-neutral",
  "k": 6,
  "symbols": 24,
  "periods_booked": 67,
  "equity": 1.025659,
  "realised": {
    "total_net_pct": 2.5659,
    "mean_net_pct": 0.0407,
    "mean_gross_pct": 0.0506,
    "mean_cost_pct": 0.0099,
    "ann_pct": 128.9,
    "vol_pct": 16.5,
    "sharpe": 7.79,
    "t_stat": 0.94
  },
  "backtest_expectation": {
    "source": "banked v5 ledger, 24 symbols x 242 periods (40.5 days)",
    "ann_pct": 85.3,
    "vol_pct": 11.8,
    "t_stat": 1.77,
    "cross_sectional_ic": -0.0345,
    "cross_sectional_ic_t": -2.63,
    "caveat": "The BOOK's t is 1.77 — it does not reach 1.96, let alone the 2.73 that Bonferroni over 8 examined features would want. Only the raw cross-sectional IC (t=-2.63) is nominally significant; discretising it into a 6-a-side book and charging turnover costs gives most of that back. Sharpe 7.24 is an annualisation artefact of a 40-day window, not a property of the strategy."
  },
  "sample_requirement": {
    "observed_sd_pct": 0.3535,
    "observed_edge_pct": 0.0407,
    "n_for_t196": 290,
    "days_to_n": 48
  },
  "verdict": "ACCUMULATING",
  "live_exposure_usdt": 0,
  "latest": {
    "ts": "2026-08-28T00:00:00.000Z",
    "longs": [
      "BNBUSDT",
      "ETHUSDT",
      "XRPUSDT",
      "SANDUSDT",
      "SUIUSDT",
      "LINKUSDT"
    ],
    "shorts": [
      "NEARUSDT",
      "ATOMUSDT",
      "FILUSDT",
      "TIAUSDT",
      "APTUSDT",
      "INJUSDT"
    ],
    "net_pct": 0.233
  },
  "rebalanced_this_cycle": 1,
  "skipped": null,
  "errors": []
}
{
  "generated_at": "2026-08-28T05:43:21.260Z",
  "lane": "v7_positioning_paper",
  "signal": "top_ratio - retail_ratio, cross-sectional rank, dollar-neutral",
  "k": 6,
  "symbols": 24,
  "periods_booked": 67,
  "equity": 1.025659,
  "realised": {
    "total_net_pct": 2.5659,
    "mean_net_pct": 0.0407,
    "mean_gross_pct": 0.0506,
    "mean_cost_pct": 0.0099,
    "ann_pct": 128.9,
    "vol_pct": 16.5,
    "sharpe": 7.79,
    "t_stat": 0.94
  },
  "backtest_expectation": {
    "source": "banked v5 ledger, 24 symbols x 242 periods (40.5 days)",
    "ann_pct": 85.3,
    "vol_pct": 11.8,
    "t_stat": 1.77,
    "cross_sectional_ic": -0.0345,
    "cross_sectional_ic_t": -2.63,
    "caveat": "The BOOK's t is 1.77 — it does not reach 1.96, let alone the 2.73 that Bonferroni over 8 examined features would want. Only the raw cross-sectional IC (t=-2.63) is nominally significant; discretising it into a 6-a-side book and charging turnover costs gives most of that back. Sharpe 7.24 is an annualisation artefact of a 40-day window, not a property of the strategy."
  },
  "sample_requirement": {
    "observed_sd_pct": 0.3535,
    "observed_edge_pct": 0.0407,
    "n_for_t196": 290,
    "days_to_n": 48
  },
  "verdict": "ACCUMULATING",
  "live_exposure_usdt": 0,
  "latest": null,
  "rebalanced_this_cycle": 0,
  "skipped": "no unbooked closed periods (latest booked 2026-08-28T00:00:00.000Z)",
  "errors": []
}
{
  "generated_at": "2026-08-28T06:43:25.071Z",
  "lane": "v7_positioning_paper",
  "signal": "top_ratio - retail_ratio, cross-sectional rank, dollar-neutral",
  "k": 6,
  "symbols": 24,
  "periods_booked": 67,
  "equity": 1.025659,
  "realised": {
    "total_net_pct": 2.5659,
    "mean_net_pct": 0.0407,
    "mean_gross_pct": 0.0506,
    "mean_cost_pct": 0.0099,
    "ann_pct": 128.9,
    "vol_pct": 16.5,
    "sharpe": 7.79,
    "t_stat": 0.94
  },
  "backtest_expectation": {
    "source": "banked v5 ledger, 24 symbols x 242 periods (40.5 days)",
    "ann_pct": 85.3,
    "vol_pct": 11.8,
    "t_stat": 1.77,
    "cross_sectional_ic": -0.0345,
    "cross_sectional_ic_t": -2.63,
    "caveat": "The BOOK's t is 1.77 — it does not reach 1.96, let alone the 2.73 that Bonferroni over 8 examined features would want. Only the raw cross-sectional IC (t=-2.63) is nominally significant; discretising it into a 6-a-side book and charging turnover costs gives most of that back. Sharpe 7.24 is an annualisation artefact of a 40-day window, not a property of the strategy."
  },
  "sample_requirement": {
    "observed_sd_pct": 0.3535,
    "observed_edge_pct": 0.0407,
    "n_for_t196": 290,
    "days_to_n": 48
  },
  "verdict": "ACCUMULATING",
  "live_exposure_usdt": 0,
  "latest": null,
  "rebalanced_this_cycle": 0,
  "skipped": "no unbooked closed periods (latest booked 2026-08-28T00:00:00.000Z)",
  "errors": []
}
{
  "generated_at": "2026-08-28T07:43:28.619Z",
  "lane": "v7_positioning_paper",
  "signal": "top_ratio - retail_ratio, cross-sectional rank, dollar-neutral",
  "k": 6,
  "symbols": 24,
  "periods_booked": 67,
  "equity": 1.025659,
  "realised": {
    "total_net_pct": 2.5659,
    "mean_net_pct": 0.0407,
    "mean_gross_pct": 0.0506,
    "mean_cost_pct": 0.0099,
    "ann_pct": 128.9,
    "vol_pct": 16.5,
    "sharpe": 7.79,
    "t_stat": 0.94
  },
  "backtest_expectation": {
    "source": "banked v5 ledger, 24 symbols x 242 periods (40.5 days)",
    "ann_pct": 85.3,
    "vol_pct": 11.8,
    "t_stat": 1.77,
    "cross_sectional_ic": -0.0345,
    "cross_sectional_ic_t": -2.63,
    "caveat": "The BOOK's t is 1.77 — it does not reach 1.96, let alone the 2.73 that Bonferroni over 8 examined features would want. Only the raw cross-sectional IC (t=-2.63) is nominally significant; discretising it into a 6-a-side book and charging turnover costs gives most of that back. Sharpe 7.24 is an annualisation artefact of a 40-day window, not a property of the strategy."
  },
  "sample_requirement": {
    "observed_sd_pct": 0.3535,
    "observed_edge_pct": 0.0407,
    "n_for_t196": 290,
    "days_to_n": 48
  },
  "verdict": "ACCUMULATING",
  "live_exposure_usdt": 0,
  "latest": null,
  "rebalanced_this_cycle": 0,
  "skipped": "no unbooked closed periods (latest booked 2026-08-28T00:00:00.000Z)",
  "errors": []
}
{
  "generated_at": "2026-08-28T09:40:44.583Z",
  "lane": "v7_positioning_paper",
  "signal": "top_ratio - retail_ratio, cross-sectional rank, dollar-neutral",
  "k": 6,
  "symbols": 24,
  "periods_booked": 68,
  "equity": 1.026348,
  "realised": {
    "total_net_pct": 2.6348,
    "mean_net_pct": 0.0411,
    "mean_gross_pct": 0.0509,
    "mean_cost_pct": 0.0098,
    "ann_pct": 131.1,
    "vol_pct": 16.4,
    "sharpe": 7.98,
    "t_stat": 0.97
  },
  "backtest_expectation": {
    "source": "banked v5 ledger, 24 symbols x 242 periods (40.5 days)",
    "ann_pct": 85.3,
    "vol_pct": 11.8,
    "t_stat": 1.77,
    "cross_sectional_ic": -0.0345,
    "cross_sectional_ic_t": -2.63,
    "caveat": "The BOOK's t is 1.77 — it does not reach 1.96, let alone the 2.73 that Bonferroni over 8 examined features would want. Only the raw cross-sectional IC (t=-2.63) is nominally significant; discretising it into a 6-a-side book and charging turnover costs gives most of that back. Sharpe 7.24 is an annualisation artefact of a 40-day window, not a property of the strategy."
  },
  "sample_requirement": {
    "observed_sd_pct": 0.3509,
    "observed_edge_pct": 0.0411,
    "n_for_t196": 281,
    "days_to_n": 47
  },
  "verdict": "ACCUMULATING",
  "live_exposure_usdt": 0,
  "latest": {
    "ts": "2026-08-28T04:00:00.000Z",
    "longs": [
      "BNBUSDT",
      "ETHUSDT",
      "SANDUSDT",
      "XRPUSDT",
      "SUIUSDT",
      "LINKUSDT"
    ],
    "shorts": [
      "NEARUSDT",
      "FILUSDT",
      "ATOMUSDT",
      "TIAUSDT",
      "INJUSDT",
      "APTUSDT"
    ],
    "net_pct": 0.0672
  },
  "rebalanced_this_cycle": 1,
  "skipped": null,
  "errors": []
}
{
  "generated_at": "2026-08-28T10:40:48.051Z",
  "lane": "v7_positioning_paper",
  "signal": "top_ratio - retail_ratio, cross-sectional rank, dollar-neutral",
  "k": 6,
  "symbols": 24,
  "periods_booked": 68,
  "equity": 1.026348,
  "realised": {
    "total_net_pct": 2.6348,
    "mean_net_pct": 0.0411,
    "mean_gross_pct": 0.0509,
    "mean_cost_pct": 0.0098,
    "ann_pct": 131.1,
    "vol_pct": 16.4,
    "sharpe": 7.98,
    "t_stat": 0.97
  },
  "backtest_expectation": {
    "source": "banked v5 ledger, 24 symbols x 242 periods (40.5 days)",
    "ann_pct": 85.3,
    "vol_pct": 11.8,
    "t_stat": 1.77,
    "cross_sectional_ic": -0.0345,
    "cross_sectional_ic_t": -2.63,
    "caveat": "The BOOK's t is 1.77 — it does not reach 1.96, let alone the 2.73 that Bonferroni over 8 examined features would want. Only the raw cross-sectional IC (t=-2.63) is nominally significant; discretising it into a 6-a-side book and charging turnover costs gives most of that back. Sharpe 7.24 is an annualisation artefact of a 40-day window, not a property of the strategy."
  },
  "sample_requirement": {
    "observed_sd_pct": 0.3509,
    "observed_edge_pct": 0.0411,
    "n_for_t196": 281,
    "days_to_n": 47
  },
  "verdict": "ACCUMULATING",
  "live_exposure_usdt": 0,
  "latest": null,
  "rebalanced_this_cycle": 0,
  "skipped": "no unbooked closed periods (latest booked 2026-08-28T04:00:00.000Z)",
  "errors": []
}
{
  "generated_at": "2026-08-28T11:40:52.036Z",
  "lane": "v7_positioning_paper",
  "signal": "top_ratio - retail_ratio, cross-sectional rank, dollar-neutral",
  "k": 6,
  "symbols": 24,
  "periods_booked": 68,
  "equity": 1.026348,
  "realised": {
    "total_net_pct": 2.6348,
    "mean_net_pct": 0.0411,
    "mean_gross_pct": 0.0509,
    "mean_cost_pct": 0.0098,
    "ann_pct": 131.1,
    "vol_pct": 16.4,
    "sharpe": 7.98,
    "t_stat": 0.97
  },
  "backtest_expectation": {
    "source": "banked v5 ledger, 24 symbols x 242 periods (40.5 days)",
    "ann_pct": 85.3,
    "vol_pct": 11.8,
    "t_stat": 1.77,
    "cross_sectional_ic": -0.0345,
    "cross_sectional_ic_t": -2.63,
    "caveat": "The BOOK's t is 1.77 — it does not reach 1.96, let alone the 2.73 that Bonferroni over 8 examined features would want. Only the raw cross-sectional IC (t=-2.63) is nominally significant; discretising it into a 6-a-side book and charging turnover costs gives most of that back. Sharpe 7.24 is an annualisation artefact of a 40-day window, not a property of the strategy."
  },
  "sample_requirement": {
    "observed_sd_pct": 0.3509,
    "observed_edge_pct": 0.0411,
    "n_for_t196": 281,
    "days_to_n": 47
  },
  "verdict": "ACCUMULATING",
  "live_exposure_usdt": 0,
  "latest": null,
  "rebalanced_this_cycle": 0,
  "skipped": "no unbooked closed periods (latest booked 2026-08-28T04:00:00.000Z)",
  "errors": []
}
{
  "generated_at": "2026-08-28T12:40:55.503Z",
  "lane": "v7_positioning_paper",
  "signal": "top_ratio - retail_ratio, cross-sectional rank, dollar-neutral",
  "k": 6,
  "symbols": 24,
  "periods_booked": 69,
  "equity": 1.0269,
  "realised": {
    "total_net_pct": 2.69,
    "mean_net_pct": 0.0413,
    "mean_gross_pct": 0.0509,
    "mean_cost_pct": 0.0096,
    "ann_pct": 132.2,
    "vol_pct": 16.3,
    "sharpe": 8.11,
    "t_stat": 0.98
  },
  "backtest_expectation": {
    "source": "banked v5 ledger, 24 symbols x 242 periods (40.5 days)",
    "ann_pct": 85.3,
    "vol_pct": 11.8,
    "t_stat": 1.77,
    "cross_sectional_ic": -0.0345,
    "cross_sectional_ic_t": -2.63,
    "caveat": "The BOOK's t is 1.77 — it does not reach 1.96, let alone the 2.73 that Bonferroni over 8 examined features would want. Only the raw cross-sectional IC (t=-2.63) is nominally significant; discretising it into a 6-a-side book and charging turnover costs gives most of that back. Sharpe 7.24 is an annualisation artefact of a 40-day window, not a property of the strategy."
  },
  "sample_requirement": {
    "observed_sd_pct": 0.3484,
    "observed_edge_pct": 0.0413,
    "n_for_t196": 274,
    "days_to_n": 46
  },
  "verdict": "ACCUMULATING",
  "live_exposure_usdt": 0,
  "latest": {
    "ts": "2026-08-28T08:00:00.000Z",
    "longs": [
      "BNBUSDT",
      "ETHUSDT",
      "SANDUSDT",
      "XRPUSDT",
      "SUIUSDT",
      "LINKUSDT"
    ],
    "shorts": [
      "NEARUSDT",
      "FILUSDT",
      "ATOMUSDT",
      "TIAUSDT",
      "APTUSDT",
      "INJUSDT"
    ],
    "net_pct": 0.0538
  },
  "rebalanced_this_cycle": 1,
  "skipped": null,
  "errors": []
}
{
  "generated_at": "2026-08-28T13:41:00.852Z",
  "lane": "v7_positioning_paper",
  "signal": "top_ratio - retail_ratio, cross-sectional rank, dollar-neutral",
  "k": 6,
  "symbols": 24,
  "periods_booked": 69,
  "equity": 1.0269,
  "realised": {
    "total_net_pct": 2.69,
    "mean_net_pct": 0.0413,
    "mean_gross_pct": 0.0509,
    "mean_cost_pct": 0.0096,
    "ann_pct": 132.2,
    "vol_pct": 16.3,
    "sharpe": 8.11,
    "t_stat": 0.98
  },
  "backtest_expectation": {
    "source": "banked v5 ledger, 24 symbols x 242 periods (40.5 days)",
    "ann_pct": 85.3,
    "vol_pct": 11.8,
    "t_stat": 1.77,
    "cross_sectional_ic": -0.0345,
    "cross_sectional_ic_t": -2.63,
    "caveat": "The BOOK's t is 1.77 — it does not reach 1.96, let alone the 2.73 that Bonferroni over 8 examined features would want. Only the raw cross-sectional IC (t=-2.63) is nominally significant; discretising it into a 6-a-side book and charging turnover costs gives most of that back. Sharpe 7.24 is an annualisation artefact of a 40-day window, not a property of the strategy."
  },
  "sample_requirement": {
    "observed_sd_pct": 0.3484,
    "observed_edge_pct": 0.0413,
    "n_for_t196": 274,
    "days_to_n": 46
  },
  "verdict": "ACCUMULATING",
  "live_exposure_usdt": 0,
  "latest": null,
  "rebalanced_this_cycle": 0,
  "skipped": "no unbooked closed periods (latest booked 2026-08-28T08:00:00.000Z)",
  "errors": []
}
{
  "generated_at": "2026-08-28T14:41:04.358Z",
  "lane": "v7_positioning_paper",
  "signal": "top_ratio - retail_ratio, cross-sectional rank, dollar-neutral",
  "k": 6,
  "symbols": 24,
  "periods_booked": 69,
  "equity": 1.0269,
  "realised": {
    "total_net_pct": 2.69,
    "mean_net_pct": 0.0413,
    "mean_gross_pct": 0.0509,
    "mean_cost_pct": 0.0096,
    "ann_pct": 132.2,
    "vol_pct": 16.3,
    "sharpe": 8.11,
    "t_stat": 0.98
  },
  "backtest_expectation": {
    "source": "banked v5 ledger, 24 symbols x 242 periods (40.5 days)",
    "ann_pct": 85.3,
    "vol_pct": 11.8,
    "t_stat": 1.77,
    "cross_sectional_ic": -0.0345,
    "cross_sectional_ic_t": -2.63,
    "caveat": "The BOOK's t is 1.77 — it does not reach 1.96, let alone the 2.73 that Bonferroni over 8 examined features would want. Only the raw cross-sectional IC (t=-2.63) is nominally significant; discretising it into a 6-a-side book and charging turnover costs gives most of that back. Sharpe 7.24 is an annualisation artefact of a 40-day window, not a property of the strategy."
  },
  "sample_requirement": {
    "observed_sd_pct": 0.3484,
    "observed_edge_pct": 0.0413,
    "n_for_t196": 274,
    "days_to_n": 46
  },
  "verdict": "ACCUMULATING",
  "live_exposure_usdt": 0,
  "latest": null,
  "rebalanced_this_cycle": 0,
  "skipped": "no unbooked closed periods (latest booked 2026-08-28T08:00:00.000Z)",
  "errors": []
}
{
  "generated_at": "2026-08-28T15:41:07.750Z",
  "lane": "v7_positioning_paper",
  "signal": "top_ratio - retail_ratio, cross-sectional rank, dollar-neutral",
  "k": 6,
  "symbols": 24,
  "periods_booked": 69,
  "equity": 1.0269,
  "realised": {
    "total_net_pct": 2.69,
    "mean_net_pct": 0.0413,
    "mean_gross_pct": 0.0509,
    "mean_cost_pct": 0.0096,
    "ann_pct": 132.2,
    "vol_pct": 16.3,
    "sharpe": 8.11,
    "t_stat": 0.98
  },
  "backtest_expectation": {
    "source": "banked v5 ledger, 24 symbols x 242 periods (40.5 days)",
    "ann_pct": 85.3,
    "vol_pct": 11.8,
    "t_stat": 1.77,
    "cross_sectional_ic": -0.0345,
    "cross_sectional_ic_t": -2.63,
    "caveat": "The BOOK's t is 1.77 — it does not reach 1.96, let alone the 2.73 that Bonferroni over 8 examined features would want. Only the raw cross-sectional IC (t=-2.63) is nominally significant; discretising it into a 6-a-side book and charging turnover costs gives most of that back. Sharpe 7.24 is an annualisation artefact of a 40-day window, not a property of the strategy."
  },
  "sample_requirement": {
    "observed_sd_pct": 0.3484,
    "observed_edge_pct": 0.0413,
    "n_for_t196": 274,
    "days_to_n": 46
  },
  "verdict": "ACCUMULATING",
  "live_exposure_usdt": 0,
  "latest": null,
  "rebalanced_this_cycle": 0,
  "skipped": "no unbooked closed periods (latest booked 2026-08-28T08:00:00.000Z)",
  "errors": []
}
{
  "generated_at": "2026-08-28T16:41:11.358Z",
  "lane": "v7_positioning_paper",
  "signal": "top_ratio - retail_ratio, cross-sectional rank, dollar-neutral",
  "k": 6,
  "symbols": 24,
  "periods_booked": 70,
  "equity": 1.028622,
  "realised": {
    "total_net_pct": 2.8622,
    "mean_net_pct": 0.0431,
    "mean_gross_pct": 0.0526,
    "mean_cost_pct": 0.0095,
    "ann_pct": 141.8,
    "vol_pct": 16.2,
    "sharpe": 8.75,
    "t_stat": 1.04
  },
  "backtest_expectation": {
    "source": "banked v5 ledger, 24 symbols x 242 periods (40.5 days)",
    "ann_pct": 85.3,
    "vol_pct": 11.8,
    "t_stat": 1.77,
    "cross_sectional_ic": -0.0345,
    "cross_sectional_ic_t": -2.63,
    "caveat": "The BOOK's t is 1.77 — it does not reach 1.96, let alone the 2.73 that Bonferroni over 8 examined features would want. Only the raw cross-sectional IC (t=-2.63) is nominally significant; discretising it into a 6-a-side book and charging turnover costs gives most of that back. Sharpe 7.24 is an annualisation artefact of a 40-day window, not a property of the strategy."
  },
  "sample_requirement": {
    "observed_sd_pct": 0.3462,
    "observed_edge_pct": 0.0431,
    "n_for_t196": 249,
    "days_to_n": 42
  },
  "verdict": "ACCUMULATING",
  "live_exposure_usdt": 0,
  "latest": {
    "ts": "2026-08-28T12:00:00.000Z",
    "longs": [
      "BNBUSDT",
      "SANDUSDT",
      "ETHUSDT",
      "XRPUSDT",
      "SUIUSDT",
      "LINKUSDT"
    ],
    "shorts": [
      "NEARUSDT",
      "ATOMUSDT",
      "FILUSDT",
      "TIAUSDT",
      "INJUSDT",
      "APTUSDT"
    ],
    "net_pct": 0.1677
  },
  "rebalanced_this_cycle": 1,
  "skipped": null,
  "errors": []
}
{
  "generated_at": "2026-08-28T17:41:14.845Z",
  "lane": "v7_positioning_paper",
  "signal": "top_ratio - retail_ratio, cross-sectional rank, dollar-neutral",
  "k": 6,
  "symbols": 24,
  "periods_booked": 70,
  "equity": 1.028622,
  "realised": {
    "total_net_pct": 2.8622,
    "mean_net_pct": 0.0431,
    "mean_gross_pct": 0.0526,
    "mean_cost_pct": 0.0095,
    "ann_pct": 141.8,
    "vol_pct": 16.2,
    "sharpe": 8.75,
    "t_stat": 1.04
  },
  "backtest_expectation": {
    "source": "banked v5 ledger, 24 symbols x 242 periods (40.5 days)",
    "ann_pct": 85.3,
    "vol_pct": 11.8,
    "t_stat": 1.77,
    "cross_sectional_ic": -0.0345,
    "cross_sectional_ic_t": -2.63,
    "caveat": "The BOOK's t is 1.77 — it does not reach 1.96, let alone the 2.73 that Bonferroni over 8 examined features would want. Only the raw cross-sectional IC (t=-2.63) is nominally significant; discretising it into a 6-a-side book and charging turnover costs gives most of that back. Sharpe 7.24 is an annualisation artefact of a 40-day window, not a property of the strategy."
  },
  "sample_requirement": {
    "observed_sd_pct": 0.3462,
    "observed_edge_pct": 0.0431,
    "n_for_t196": 249,
    "days_to_n": 42
  },
  "verdict": "ACCUMULATING",
  "live_exposure_usdt": 0,
  "latest": null,
  "rebalanced_this_cycle": 0,
  "skipped": "no unbooked closed periods (latest booked 2026-08-28T12:00:00.000Z)",
  "errors": []
}
{
  "generated_at": "2026-08-28T18:41:18.584Z",
  "lane": "v7_positioning_paper",
  "signal": "top_ratio - retail_ratio, cross-sectional rank, dollar-neutral",
  "k": 6,
  "symbols": 24,
  "periods_booked": 70,
  "equity": 1.028622,
  "realised": {
    "total_net_pct": 2.8622,
    "mean_net_pct": 0.0431,
    "mean_gross_pct": 0.0526,
    "mean_cost_pct": 0.0095,
    "ann_pct": 141.8,
    "vol_pct": 16.2,
    "sharpe": 8.75,
    "t_stat": 1.04
  },
  "backtest_expectation": {
    "source": "banked v5 ledger, 24 symbols x 242 periods (40.5 days)",
    "ann_pct": 85.3,
    "vol_pct": 11.8,
    "t_stat": 1.77,
    "cross_sectional_ic": -0.0345,
    "cross_sectional_ic_t": -2.63,
    "caveat": "The BOOK's t is 1.77 — it does not reach 1.96, let alone the 2.73 that Bonferroni over 8 examined features would want. Only the raw cross-sectional IC (t=-2.63) is nominally significant; discretising it into a 6-a-side book and charging turnover costs gives most of that back. Sharpe 7.24 is an annualisation artefact of a 40-day window, not a property of the strategy."
  },
  "sample_requirement": {
    "observed_sd_pct": 0.3462,
    "observed_edge_pct": 0.0431,
    "n_for_t196": 249,
    "days_to_n": 42
  },
  "verdict": "ACCUMULATING",
  "live_exposure_usdt": 0,
  "latest": null,
  "rebalanced_this_cycle": 0,
  "skipped": "no unbooked closed periods (latest booked 2026-08-28T12:00:00.000Z)",
  "errors": []
}
{
  "generated_at": "2026-08-28T19:41:21.968Z",
  "lane": "v7_positioning_paper",
  "signal": "top_ratio - retail_ratio, cross-sectional rank, dollar-neutral",
  "k": 6,
  "symbols": 24,
  "periods_booked": 70,
  "equity": 1.028622,
  "realised": {
    "total_net_pct": 2.8622,
    "mean_net_pct": 0.0431,
    "mean_gross_pct": 0.0526,
    "mean_cost_pct": 0.0095,
    "ann_pct": 141.8,
    "vol_pct": 16.2,
    "sharpe": 8.75,
    "t_stat": 1.04
  },
  "backtest_expectation": {
    "source": "banked v5 ledger, 24 symbols x 242 periods (40.5 days)",
    "ann_pct": 85.3,
    "vol_pct": 11.8,
    "t_stat": 1.77,
    "cross_sectional_ic": -0.0345,
    "cross_sectional_ic_t": -2.63,
    "caveat": "The BOOK's t is 1.77 — it does not reach 1.96, let alone the 2.73 that Bonferroni over 8 examined features would want. Only the raw cross-sectional IC (t=-2.63) is nominally significant; discretising it into a 6-a-side book and charging turnover costs gives most of that back. Sharpe 7.24 is an annualisation artefact of a 40-day window, not a property of the strategy."
  },
  "sample_requirement": {
    "observed_sd_pct": 0.3462,
    "observed_edge_pct": 0.0431,
    "n_for_t196": 249,
    "days_to_n": 42
  },
  "verdict": "ACCUMULATING",
  "live_exposure_usdt": 0,
  "latest": null,
  "rebalanced_this_cycle": 0,
  "skipped": "no unbooked closed periods (latest booked 2026-08-28T12:00:00.000Z)",
  "errors": []
}
{
  "generated_at": "2026-08-28T20:41:27.538Z",
  "lane": "v7_positioning_paper",
  "signal": "top_ratio - retail_ratio, cross-sectional rank, dollar-neutral",
  "k": 6,
  "symbols": 24,
  "periods_booked": 71,
  "equity": 1.027876,
  "realised": {
    "total_net_pct": 2.7876,
    "mean_net_pct": 0.0415,
    "mean_gross_pct": 0.051,
    "mean_cost_pct": 0.0095,
    "ann_pct": 133.5,
    "vol_pct": 16.1,
    "sharpe": 8.29,
    "t_stat": 1.02
  },
  "backtest_expectation": {
    "source": "banked v5 ledger, 24 symbols x 242 periods (40.5 days)",
    "ann_pct": 85.3,
    "vol_pct": 11.8,
    "t_stat": 1.77,
    "cross_sectional_ic": -0.0345,
    "cross_sectional_ic_t": -2.63,
    "caveat": "The BOOK's t is 1.77 — it does not reach 1.96, let alone the 2.73 that Bonferroni over 8 examined features would want. Only the raw cross-sectional IC (t=-2.63) is nominally significant; discretising it into a 6-a-side book and charging turnover costs gives most of that back. Sharpe 7.24 is an annualisation artefact of a 40-day window, not a property of the strategy."
  },
  "sample_requirement": {
    "observed_sd_pct": 0.344,
    "observed_edge_pct": 0.0415,
    "n_for_t196": 265,
    "days_to_n": 44
  },
  "verdict": "ACCUMULATING",
  "live_exposure_usdt": 0,
  "latest": {
    "ts": "2026-08-28T16:00:00.000Z",
    "longs": [
      "BNBUSDT",
      "ETHUSDT",
      "SANDUSDT",
      "XRPUSDT",
      "SUIUSDT",
      "LINKUSDT"
    ],
    "shorts": [
      "DOGEUSDT",
      "ATOMUSDT",
      "FILUSDT",
      "TIAUSDT",
      "APTUSDT",
      "INJUSDT"
    ],
    "net_pct": -0.0725
  },
  "rebalanced_this_cycle": 1,
  "skipped": null,
  "errors": []
}
{
  "generated_at": "2026-08-28T21:41:30.925Z",
  "lane": "v7_positioning_paper",
  "signal": "top_ratio - retail_ratio, cross-sectional rank, dollar-neutral",
  "k": 6,
  "symbols": 24,
  "periods_booked": 71,
  "equity": 1.027876,
  "realised": {
    "total_net_pct": 2.7876,
    "mean_net_pct": 0.0415,
    "mean_gross_pct": 0.051,
    "mean_cost_pct": 0.0095,
    "ann_pct": 133.5,
    "vol_pct": 16.1,
    "sharpe": 8.29,
    "t_stat": 1.02
  },
  "backtest_expectation": {
    "source": "banked v5 ledger, 24 symbols x 242 periods (40.5 days)",
    "ann_pct": 85.3,
    "vol_pct": 11.8,
    "t_stat": 1.77,
    "cross_sectional_ic": -0.0345,
    "cross_sectional_ic_t": -2.63,
    "caveat": "The BOOK's t is 1.77 — it does not reach 1.96, let alone the 2.73 that Bonferroni over 8 examined features would want. Only the raw cross-sectional IC (t=-2.63) is nominally significant; discretising it into a 6-a-side book and charging turnover costs gives most of that back. Sharpe 7.24 is an annualisation artefact of a 40-day window, not a property of the strategy."
  },
  "sample_requirement": {
    "observed_sd_pct": 0.344,
    "observed_edge_pct": 0.0415,
    "n_for_t196": 265,
    "days_to_n": 44
  },
  "verdict": "ACCUMULATING",
  "live_exposure_usdt": 0,
  "latest": null,
  "rebalanced_this_cycle": 0,
  "skipped": "no unbooked closed periods (latest booked 2026-08-28T16:00:00.000Z)",
  "errors": []
}
{
  "generated_at": "2026-08-28T22:41:34.349Z",
  "lane": "v7_positioning_paper",
  "signal": "top_ratio - retail_ratio, cross-sectional rank, dollar-neutral",
  "k": 6,
  "symbols": 24,
  "periods_booked": 71,
  "equity": 1.027876,
  "realised": {
    "total_net_pct": 2.7876,
    "mean_net_pct": 0.0415,
    "mean_gross_pct": 0.051,
    "mean_cost_pct": 0.0095,
    "ann_pct": 133.5,
    "vol_pct": 16.1,
    "sharpe": 8.29,
    "t_stat": 1.02
  },
  "backtest_expectation": {
    "source": "banked v5 ledger, 24 symbols x 242 periods (40.5 days)",
    "ann_pct": 85.3,
    "vol_pct": 11.8,
    "t_stat": 1.77,
    "cross_sectional_ic": -0.0345,
    "cross_sectional_ic_t": -2.63,
    "caveat": "The BOOK's t is 1.77 — it does not reach 1.96, let alone the 2.73 that Bonferroni over 8 examined features would want. Only the raw cross-sectional IC (t=-2.63) is nominally significant; discretising it into a 6-a-side book and charging turnover costs gives most of that back. Sharpe 7.24 is an annualisation artefact of a 40-day window, not a property of the strategy."
  },
  "sample_requirement": {
    "observed_sd_pct": 0.344,
    "observed_edge_pct": 0.0415,
    "n_for_t196": 265,
    "days_to_n": 44
  },
  "verdict": "ACCUMULATING",
  "live_exposure_usdt": 0,
  "latest": null,
  "rebalanced_this_cycle": 0,
  "skipped": "no unbooked closed periods (latest booked 2026-08-28T16:00:00.000Z)",
  "errors": []
}
{
  "generated_at": "2026-08-28T23:41:38.045Z",
  "lane": "v7_positioning_paper",
  "signal": "top_ratio - retail_ratio, cross-sectional rank, dollar-neutral",
  "k": 6,
  "symbols": 24,
  "periods_booked": 71,
  "equity": 1.027876,
  "realised": {
    "total_net_pct": 2.7876,
    "mean_net_pct": 0.0415,
    "mean_gross_pct": 0.051,
    "mean_cost_pct": 0.0095,
    "ann_pct": 133.5,
    "vol_pct": 16.1,
    "sharpe": 8.29,
    "t_stat": 1.02
  },
  "backtest_expectation": {
    "source": "banked v5 ledger, 24 symbols x 242 periods (40.5 days)",
    "ann_pct": 85.3,
    "vol_pct": 11.8,
    "t_stat": 1.77,
    "cross_sectional_ic": -0.0345,
    "cross_sectional_ic_t": -2.63,
    "caveat": "The BOOK's t is 1.77 — it does not reach 1.96, let alone the 2.73 that Bonferroni over 8 examined features would want. Only the raw cross-sectional IC (t=-2.63) is nominally significant; discretising it into a 6-a-side book and charging turnover costs gives most of that back. Sharpe 7.24 is an annualisation artefact of a 40-day window, not a property of the strategy."
  },
  "sample_requirement": {
    "observed_sd_pct": 0.344,
    "observed_edge_pct": 0.0415,
    "n_for_t196": 265,
    "days_to_n": 44
  },
  "verdict": "ACCUMULATING",
  "live_exposure_usdt": 0,
  "latest": null,
  "rebalanced_this_cycle": 0,
  "skipped": "no unbooked closed periods (latest booked 2026-08-28T16:00:00.000Z)",
  "errors": []
}
{
  "generated_at": "2026-08-29T00:41:41.788Z",
  "lane": "v7_positioning_paper",
  "signal": "top_ratio - retail_ratio, cross-sectional rank, dollar-neutral",
  "k": 6,
  "symbols": 24,
  "periods_booked": 72,
  "equity": 1.028235,
  "realised": {
    "total_net_pct": 2.8235,
    "mean_net_pct": 0.0414,
    "mean_gross_pct": 0.0508,
    "mean_cost_pct": 0.0094,
    "ann_pct": 133.2,
    "vol_pct": 16,
    "sharpe": 8.33,
    "t_stat": 1.03
  },
  "backtest_expectation": {
    "source": "banked v5 ledger, 24 symbols x 242 periods (40.5 days)",
    "ann_pct": 85.3,
    "vol_pct": 11.8,
    "t_stat": 1.77,
    "cross_sectional_ic": -0.0345,
    "cross_sectional_ic_t": -2.63,
    "caveat": "The BOOK's t is 1.77 — it does not reach 1.96, let alone the 2.73 that Bonferroni over 8 examined features would want. Only the raw cross-sectional IC (t=-2.63) is nominally significant; discretising it into a 6-a-side book and charging turnover costs gives most of that back. Sharpe 7.24 is an annualisation artefact of a 40-day window, not a property of the strategy."
  },
  "sample_requirement": {
    "observed_sd_pct": 0.3416,
    "observed_edge_pct": 0.0414,
    "n_for_t196": 262,
    "days_to_n": 44
  },
  "verdict": "ACCUMULATING",
  "live_exposure_usdt": 0,
  "latest": {
    "ts": "2026-08-28T20:00:00.000Z",
    "longs": [
      "ETHUSDT",
      "BNBUSDT",
      "SANDUSDT",
      "XRPUSDT",
      "SUIUSDT",
      "LINKUSDT"
    ],
    "shorts": [
      "DOGEUSDT",
      "ATOMUSDT",
      "FILUSDT",
      "TIAUSDT",
      "APTUSDT",
      "INJUSDT"
    ],
    "net_pct": 0.035
  },
  "rebalanced_this_cycle": 1,
  "skipped": null,
  "errors": []
}
{
  "generated_at": "2026-08-29T01:41:45.276Z",
  "lane": "v7_positioning_paper",
  "signal": "top_ratio - retail_ratio, cross-sectional rank, dollar-neutral",
  "k": 6,
  "symbols": 24,
  "periods_booked": 72,
  "equity": 1.028235,
  "realised": {
    "total_net_pct": 2.8235,
    "mean_net_pct": 0.0414,
    "mean_gross_pct": 0.0508,
    "mean_cost_pct": 0.0094,
    "ann_pct": 133.2,
    "vol_pct": 16,
    "sharpe": 8.33,
    "t_stat": 1.03
  },
  "backtest_expectation": {
    "source": "banked v5 ledger, 24 symbols x 242 periods (40.5 days)",
    "ann_pct": 85.3,
    "vol_pct": 11.8,
    "t_stat": 1.77,
    "cross_sectional_ic": -0.0345,
    "cross_sectional_ic_t": -2.63,
    "caveat": "The BOOK's t is 1.77 — it does not reach 1.96, let alone the 2.73 that Bonferroni over 8 examined features would want. Only the raw cross-sectional IC (t=-2.63) is nominally significant; discretising it into a 6-a-side book and charging turnover costs gives most of that back. Sharpe 7.24 is an annualisation artefact of a 40-day window, not a property of the strategy."
  },
  "sample_requirement": {
    "observed_sd_pct": 0.3416,
    "observed_edge_pct": 0.0414,
    "n_for_t196": 262,
    "days_to_n": 44
  },
  "verdict": "ACCUMULATING",
  "live_exposure_usdt": 0,
  "latest": null,
  "rebalanced_this_cycle": 0,
  "skipped": "no unbooked closed periods (latest booked 2026-08-28T20:00:00.000Z)",
  "errors": []
}
{
  "generated_at": "2026-08-29T02:41:48.947Z",
  "lane": "v7_positioning_paper",
  "signal": "top_ratio - retail_ratio, cross-sectional rank, dollar-neutral",
  "k": 6,
  "symbols": 24,
  "periods_booked": 72,
  "equity": 1.028235,
  "realised": {
    "total_net_pct": 2.8235,
    "mean_net_pct": 0.0414,
    "mean_gross_pct": 0.0508,
    "mean_cost_pct": 0.0094,
    "ann_pct": 133.2,
    "vol_pct": 16,
    "sharpe": 8.33,
    "t_stat": 1.03
  },
  "backtest_expectation": {
    "source": "banked v5 ledger, 24 symbols x 242 periods (40.5 days)",
    "ann_pct": 85.3,
    "vol_pct": 11.8,
    "t_stat": 1.77,
    "cross_sectional_ic": -0.0345,
    "cross_sectional_ic_t": -2.63,
    "caveat": "The BOOK's t is 1.77 — it does not reach 1.96, let alone the 2.73 that Bonferroni over 8 examined features would want. Only the raw cross-sectional IC (t=-2.63) is nominally significant; discretising it into a 6-a-side book and charging turnover costs gives most of that back. Sharpe 7.24 is an annualisation artefact of a 40-day window, not a property of the strategy."
  },
  "sample_requirement": {
    "observed_sd_pct": 0.3416,
    "observed_edge_pct": 0.0414,
    "n_for_t196": 262,
    "days_to_n": 44
  },
  "verdict": "ACCUMULATING",
  "live_exposure_usdt": 0,
  "latest": null,
  "rebalanced_this_cycle": 0,
  "skipped": "no unbooked closed periods (latest booked 2026-08-28T20:00:00.000Z)",
  "errors": []
}
{
  "generated_at": "2026-08-29T03:41:52.367Z",
  "lane": "v7_positioning_paper",
  "signal": "top_ratio - retail_ratio, cross-sectional rank, dollar-neutral",
  "k": 6,
  "symbols": 24,
  "periods_booked": 72,
  "equity": 1.028235,
  "realised": {
    "total_net_pct": 2.8235,
    "mean_net_pct": 0.0414,
    "mean_gross_pct": 0.0508,
    "mean_cost_pct": 0.0094,
    "ann_pct": 133.2,
    "vol_pct": 16,
    "sharpe": 8.33,
    "t_stat": 1.03
  },
  "backtest_expectation": {
    "source": "banked v5 ledger, 24 symbols x 242 periods (40.5 days)",
    "ann_pct": 85.3,
    "vol_pct": 11.8,
    "t_stat": 1.77,
    "cross_sectional_ic": -0.0345,
    "cross_sectional_ic_t": -2.63,
    "caveat": "The BOOK's t is 1.77 — it does not reach 1.96, let alone the 2.73 that Bonferroni over 8 examined features would want. Only the raw cross-sectional IC (t=-2.63) is nominally significant; discretising it into a 6-a-side book and charging turnover costs gives most of that back. Sharpe 7.24 is an annualisation artefact of a 40-day window, not a property of the strategy."
  },
  "sample_requirement": {
    "observed_sd_pct": 0.3416,
    "observed_edge_pct": 0.0414,
    "n_for_t196": 262,
    "days_to_n": 44
  },
  "verdict": "ACCUMULATING",
  "live_exposure_usdt": 0,
  "latest": null,
  "rebalanced_this_cycle": 0,
  "skipped": "no unbooked closed periods (latest booked 2026-08-28T20:00:00.000Z)",
  "errors": []
}
{
  "generated_at": "2026-08-29T04:41:55.686Z",
  "lane": "v7_positioning_paper",
  "signal": "top_ratio - retail_ratio, cross-sectional rank, dollar-neutral",
  "k": 6,
  "symbols": 24,
  "periods_booked": 73,
  "equity": 1.027372,
  "realised": {
    "total_net_pct": 2.7372,
    "mean_net_pct": 0.0397,
    "mean_gross_pct": 0.0489,
    "mean_cost_pct": 0.0093,
    "ann_pct": 124.8,
    "vol_pct": 15.9,
    "sharpe": 7.85,
    "t_stat": 1
  },
  "backtest_expectation": {
    "source": "banked v5 ledger, 24 symbols x 242 periods (40.5 days)",
    "ann_pct": 85.3,
    "vol_pct": 11.8,
    "t_stat": 1.77,
    "cross_sectional_ic": -0.0345,
    "cross_sectional_ic_t": -2.63,
    "caveat": "The BOOK's t is 1.77 — it does not reach 1.96, let alone the 2.73 that Bonferroni over 8 examined features would want. Only the raw cross-sectional IC (t=-2.63) is nominally significant; discretising it into a 6-a-side book and charging turnover costs gives most of that back. Sharpe 7.24 is an annualisation artefact of a 40-day window, not a property of the strategy."
  },
  "sample_requirement": {
    "observed_sd_pct": 0.3396,
    "observed_edge_pct": 0.0397,
    "n_for_t196": 282,
    "days_to_n": 47
  },
  "verdict": "ACCUMULATING",
  "live_exposure_usdt": 0,
  "latest": {
    "ts": "2026-08-29T00:00:00.000Z",
    "longs": [
      "ETHUSDT",
      "BNBUSDT",
      "SANDUSDT",
      "XRPUSDT",
      "SUIUSDT",
      "LINKUSDT"
    ],
    "shorts": [
      "DOGEUSDT",
      "ATOMUSDT",
      "FILUSDT",
      "TIAUSDT",
      "APTUSDT",
      "INJUSDT"
    ],
    "net_pct": -0.0839
  },
  "rebalanced_this_cycle": 1,
  "skipped": null,
  "errors": []
}
{
  "generated_at": "2026-08-29T05:41:57.361Z",
  "lane": "v7_positioning_paper",
  "signal": "top_ratio - retail_ratio, cross-sectional rank, dollar-neutral",
  "k": 6,
  "symbols": 24,
  "periods_booked": 73,
  "equity": 1.027372,
  "realised": {
    "total_net_pct": 2.7372,
    "mean_net_pct": 0.0397,
    "mean_gross_pct": 0.0489,
    "mean_cost_pct": 0.0093,
    "ann_pct": 124.8,
    "vol_pct": 15.9,
    "sharpe": 7.85,
    "t_stat": 1
  },
  "backtest_expectation": {
    "source": "banked v5 ledger, 24 symbols x 242 periods (40.5 days)",
    "ann_pct": 85.3,
    "vol_pct": 11.8,
    "t_stat": 1.77,
    "cross_sectional_ic": -0.0345,
    "cross_sectional_ic_t": -2.63,
    "caveat": "The BOOK's t is 1.77 — it does not reach 1.96, let alone the 2.73 that Bonferroni over 8 examined features would want. Only the raw cross-sectional IC (t=-2.63) is nominally significant; discretising it into a 6-a-side book and charging turnover costs gives most of that back. Sharpe 7.24 is an annualisation artefact of a 40-day window, not a property of the strategy."
  },
  "sample_requirement": {
    "observed_sd_pct": 0.3396,
    "observed_edge_pct": 0.0397,
    "n_for_t196": 282,
    "days_to_n": 47
  },
  "verdict": "ACCUMULATING",
  "live_exposure_usdt": 0,
  "latest": null,
  "rebalanced_this_cycle": 0,
  "skipped": "no unbooked closed periods (latest booked 2026-08-29T00:00:00.000Z)",
  "errors": []
}
{
  "generated_at": "2026-08-29T06:42:00.948Z",
  "lane": "v7_positioning_paper",
  "signal": "top_ratio - retail_ratio, cross-sectional rank, dollar-neutral",
  "k": 6,
  "symbols": 24,
  "periods_booked": 73,
  "equity": 1.027372,
  "realised": {
    "total_net_pct": 2.7372,
    "mean_net_pct": 0.0397,
    "mean_gross_pct": 0.0489,
    "mean_cost_pct": 0.0093,
    "ann_pct": 124.8,
    "vol_pct": 15.9,
    "sharpe": 7.85,
    "t_stat": 1
  },
  "backtest_expectation": {
    "source": "banked v5 ledger, 24 symbols x 242 periods (40.5 days)",
    "ann_pct": 85.3,
    "vol_pct": 11.8,
    "t_stat": 1.77,
    "cross_sectional_ic": -0.0345,
    "cross_sectional_ic_t": -2.63,
    "caveat": "The BOOK's t is 1.77 — it does not reach 1.96, let alone the 2.73 that Bonferroni over 8 examined features would want. Only the raw cross-sectional IC (t=-2.63) is nominally significant; discretising it into a 6-a-side book and charging turnover costs gives most of that back. Sharpe 7.24 is an annualisation artefact of a 40-day window, not a property of the strategy."
  },
  "sample_requirement": {
    "observed_sd_pct": 0.3396,
    "observed_edge_pct": 0.0397,
    "n_for_t196": 282,
    "days_to_n": 47
  },
  "verdict": "ACCUMULATING",
  "live_exposure_usdt": 0,
  "latest": null,
  "rebalanced_this_cycle": 0,
  "skipped": "no unbooked closed periods (latest booked 2026-08-29T00:00:00.000Z)",
  "errors": []
}
{
  "generated_at": "2026-08-29T07:42:06.490Z",
  "lane": "v7_positioning_paper",
  "signal": "top_ratio - retail_ratio, cross-sectional rank, dollar-neutral",
  "k": 6,
  "symbols": 24,
  "periods_booked": 73,
  "equity": 1.027372,
  "realised": {
    "total_net_pct": 2.7372,
    "mean_net_pct": 0.0397,
    "mean_gross_pct": 0.0489,
    "mean_cost_pct": 0.0093,
    "ann_pct": 124.8,
    "vol_pct": 15.9,
    "sharpe": 7.85,
    "t_stat": 1
  },
  "backtest_expectation": {
    "source": "banked v5 ledger, 24 symbols x 242 periods (40.5 days)",
    "ann_pct": 85.3,
    "vol_pct": 11.8,
    "t_stat": 1.77,
    "cross_sectional_ic": -0.0345,
    "cross_sectional_ic_t": -2.63,
    "caveat": "The BOOK's t is 1.77 — it does not reach 1.96, let alone the 2.73 that Bonferroni over 8 examined features would want. Only the raw cross-sectional IC (t=-2.63) is nominally significant; discretising it into a 6-a-side book and charging turnover costs gives most of that back. Sharpe 7.24 is an annualisation artefact of a 40-day window, not a property of the strategy."
  },
  "sample_requirement": {
    "observed_sd_pct": 0.3396,
    "observed_edge_pct": 0.0397,
    "n_for_t196": 282,
    "days_to_n": 47
  },
  "verdict": "ACCUMULATING",
  "live_exposure_usdt": 0,
  "latest": null,
  "rebalanced_this_cycle": 0,
  "skipped": "no unbooked closed periods (latest booked 2026-08-29T00:00:00.000Z)",
  "errors": []
}
{
  "generated_at": "2026-08-29T08:42:10.333Z",
  "lane": "v7_positioning_paper",
  "signal": "top_ratio - retail_ratio, cross-sectional rank, dollar-neutral",
  "k": 6,
  "symbols": 24,
  "periods_booked": 74,
  "equity": 1.028974,
  "realised": {
    "total_net_pct": 2.8974,
    "mean_net_pct": 0.0412,
    "mean_gross_pct": 0.0507,
    "mean_cost_pct": 0.0095,
    "ann_pct": 132.9,
    "vol_pct": 15.8,
    "sharpe": 8.41,
    "t_stat": 1.05
  },
  "backtest_expectation": {
    "source": "banked v5 ledger, 24 symbols x 242 periods (40.5 days)",
    "ann_pct": 85.3,
    "vol_pct": 11.8,
    "t_stat": 1.77,
    "cross_sectional_ic": -0.0345,
    "cross_sectional_ic_t": -2.63,
    "caveat": "The BOOK's t is 1.77 — it does not reach 1.96, let alone the 2.73 that Bonferroni over 8 examined features would want. Only the raw cross-sectional IC (t=-2.63) is nominally significant; discretising it into a 6-a-side book and charging turnover costs gives most of that back. Sharpe 7.24 is an annualisation artefact of a 40-day window, not a property of the strategy."
  },
  "sample_requirement": {
    "observed_sd_pct": 0.3376,
    "observed_edge_pct": 0.0412,
    "n_for_t196": 258,
    "days_to_n": 43
  },
  "verdict": "ACCUMULATING",
  "live_exposure_usdt": 0,
  "latest": {
    "ts": "2026-08-29T04:00:00.000Z",
    "longs": [
      "ETHUSDT",
      "BNBUSDT",
      "SANDUSDT",
      "XRPUSDT",
      "SUIUSDT",
      "SOLUSDT"
    ],
    "shorts": [
      "GALAUSDT",
      "ATOMUSDT",
      "TIAUSDT",
      "FILUSDT",
      "APTUSDT",
      "INJUSDT"
    ],
    "net_pct": 0.1559
  },
  "rebalanced_this_cycle": 1,
  "skipped": null,
  "errors": []
}
{
  "generated_at": "2026-08-29T09:42:13.746Z",
  "lane": "v7_positioning_paper",
  "signal": "top_ratio - retail_ratio, cross-sectional rank, dollar-neutral",
  "k": 6,
  "symbols": 24,
  "periods_booked": 74,
  "equity": 1.028974,
  "realised": {
    "total_net_pct": 2.8974,
    "mean_net_pct": 0.0412,
    "mean_gross_pct": 0.0507,
    "mean_cost_pct": 0.0095,
    "ann_pct": 132.9,
    "vol_pct": 15.8,
    "sharpe": 8.41,
    "t_stat": 1.05
  },
  "backtest_expectation": {
    "source": "banked v5 ledger, 24 symbols x 242 periods (40.5 days)",
    "ann_pct": 85.3,
    "vol_pct": 11.8,
    "t_stat": 1.77,
    "cross_sectional_ic": -0.0345,
    "cross_sectional_ic_t": -2.63,
    "caveat": "The BOOK's t is 1.77 — it does not reach 1.96, let alone the 2.73 that Bonferroni over 8 examined features would want. Only the raw cross-sectional IC (t=-2.63) is nominally significant; discretising it into a 6-a-side book and charging turnover costs gives most of that back. Sharpe 7.24 is an annualisation artefact of a 40-day window, not a property of the strategy."
  },
  "sample_requirement": {
    "observed_sd_pct": 0.3376,
    "observed_edge_pct": 0.0412,
    "n_for_t196": 258,
    "days_to_n": 43
  },
  "verdict": "ACCUMULATING",
  "live_exposure_usdt": 0,
  "latest": null,
  "rebalanced_this_cycle": 0,
  "skipped": "no unbooked closed periods (latest booked 2026-08-29T04:00:00.000Z)",
  "errors": []
}
{
  "generated_at": "2026-08-29T10:42:17.664Z",
  "lane": "v7_positioning_paper",
  "signal": "top_ratio - retail_ratio, cross-sectional rank, dollar-neutral",
  "k": 6,
  "symbols": 24,
  "periods_booked": 74,
  "equity": 1.028974,
  "realised": {
    "total_net_pct": 2.8974,
    "mean_net_pct": 0.0412,
    "mean_gross_pct": 0.0507,
    "mean_cost_pct": 0.0095,
    "ann_pct": 132.9,
    "vol_pct": 15.8,
    "sharpe": 8.41,
    "t_stat": 1.05
  },
  "backtest_expectation": {
    "source": "banked v5 ledger, 24 symbols x 242 periods (40.5 days)",
    "ann_pct": 85.3,
    "vol_pct": 11.8,
    "t_stat": 1.77,
    "cross_sectional_ic": -0.0345,
    "cross_sectional_ic_t": -2.63,
    "caveat": "The BOOK's t is 1.77 — it does not reach 1.96, let alone the 2.73 that Bonferroni over 8 examined features would want. Only the raw cross-sectional IC (t=-2.63) is nominally significant; discretising it into a 6-a-side book and charging turnover costs gives most of that back. Sharpe 7.24 is an annualisation artefact of a 40-day window, not a property of the strategy."
  },
  "sample_requirement": {
    "observed_sd_pct": 0.3376,
    "observed_edge_pct": 0.0412,
    "n_for_t196": 258,
    "days_to_n": 43
  },
  "booked_at_leverage": 1,
  "leverage_view": [
    {
      "leverage": 1,
      "equity": 1.030535,
      "total_net_pct": 3.05,
      "ann_pct": 143.6,
      "vol_pct": 15.8,
      "max_drawdown_pct": 1.3,
      "worst_period_pct": -1.1,
      "t_stat": 1.0505688702812328
    },
    {
      "leverage": 2,
      "equity": 1.061097,
      "total_net_pct": 6.11,
      "ann_pct": 478.4,
      "vol_pct": 31.6,
      "max_drawdown_pct": 2.6,
      "worst_period_pct": -2.2,
      "t_stat": 1.0505688702812328
    },
    {
      "leverage": 3,
      "equity": 1.091635,
      "total_net_pct": 9.16,
      "ann_pct": 1239.3,
      "vol_pct": 47.4,
      "max_drawdown_pct": 3.9,
      "worst_period_pct": -3.3,
      "t_stat": 1.0505688702812328
    }
  ],
  "verdict": "ACCUMULATING",
  "live_exposure_usdt": 0,
  "latest": null,
  "rebalanced_this_cycle": 0,
  "skipped": "no unbooked closed periods (latest booked 2026-08-29T04:00:00.000Z)",
  "errors": []
}
{
  "generated_at": "2026-08-29T11:42:21.176Z",
  "lane": "v7_positioning_paper",
  "signal": "top_ratio - retail_ratio, cross-sectional rank, dollar-neutral",
  "k": 6,
  "symbols": 24,
  "periods_booked": 74,
  "equity": 1.028974,
  "realised": {
    "total_net_pct": 2.8974,
    "mean_net_pct": 0.0412,
    "mean_gross_pct": 0.0507,
    "mean_cost_pct": 0.0095,
    "ann_pct": 132.9,
    "vol_pct": 15.8,
    "sharpe": 8.41,
    "t_stat": 1.05
  },
  "backtest_expectation": {
    "source": "banked v5 ledger, 24 symbols x 242 periods (40.5 days)",
    "ann_pct": 85.3,
    "vol_pct": 11.8,
    "t_stat": 1.77,
    "cross_sectional_ic": -0.0345,
    "cross_sectional_ic_t": -2.63,
    "caveat": "The BOOK's t is 1.77 — it does not reach 1.96, let alone the 2.73 that Bonferroni over 8 examined features would want. Only the raw cross-sectional IC (t=-2.63) is nominally significant; discretising it into a 6-a-side book and charging turnover costs gives most of that back. Sharpe 7.24 is an annualisation artefact of a 40-day window, not a property of the strategy."
  },
  "sample_requirement": {
    "observed_sd_pct": 0.3376,
    "observed_edge_pct": 0.0412,
    "n_for_t196": 258,
    "days_to_n": 43
  },
  "booked_at_leverage": 1,
  "leverage_view": [
    {
      "leverage": 1,
      "equity": 1.030535,
      "total_net_pct": 3.05,
      "ann_pct": 143.6,
      "vol_pct": 15.8,
      "max_drawdown_pct": 1.3,
      "worst_period_pct": -1.1,
      "t_stat": 1.0505688702812328
    },
    {
      "leverage": 2,
      "equity": 1.061097,
      "total_net_pct": 6.11,
      "ann_pct": 478.4,
      "vol_pct": 31.6,
      "max_drawdown_pct": 2.6,
      "worst_period_pct": -2.2,
      "t_stat": 1.0505688702812328
    },
    {
      "leverage": 3,
      "equity": 1.091635,
      "total_net_pct": 9.16,
      "ann_pct": 1239.3,
      "vol_pct": 47.4,
      "max_drawdown_pct": 3.9,
      "worst_period_pct": -3.3,
      "t_stat": 1.0505688702812328
    }
  ],
  "verdict": "ACCUMULATING",
  "live_exposure_usdt": 0,
  "latest": null,
  "rebalanced_this_cycle": 0,
  "skipped": "no unbooked closed periods (latest booked 2026-08-29T04:00:00.000Z)",
  "errors": []
}
{
  "generated_at": "2026-08-29T12:42:24.985Z",
  "lane": "v7_positioning_paper",
  "signal": "top_ratio - retail_ratio, cross-sectional rank, dollar-neutral",
  "k": 6,
  "symbols": 24,
  "periods_booked": 75,
  "equity": 1.028988,
  "realised": {
    "total_net_pct": 2.8988,
    "mean_net_pct": 0.0407,
    "mean_gross_pct": 0.05,
    "mean_cost_pct": 0.0093,
    "ann_pct": 130.3,
    "vol_pct": 15.7,
    "sharpe": 8.31,
    "t_stat": 1.05
  },
  "backtest_expectation": {
    "source": "banked v5 ledger, 24 symbols x 242 periods (40.5 days)",
    "ann_pct": 85.3,
    "vol_pct": 11.8,
    "t_stat": 1.77,
    "cross_sectional_ic": -0.0345,
    "cross_sectional_ic_t": -2.63,
    "caveat": "The BOOK's t is 1.77 — it does not reach 1.96, let alone the 2.73 that Bonferroni over 8 examined features would want. Only the raw cross-sectional IC (t=-2.63) is nominally significant; discretising it into a 6-a-side book and charging turnover costs gives most of that back. Sharpe 7.24 is an annualisation artefact of a 40-day window, not a property of the strategy."
  },
  "sample_requirement": {
    "observed_sd_pct": 0.3353,
    "observed_edge_pct": 0.0407,
    "n_for_t196": 261,
    "days_to_n": 44
  },
  "booked_at_leverage": 1,
  "leverage_view": [
    {
      "leverage": 1,
      "equity": 1.030549,
      "total_net_pct": 3.05,
      "ann_pct": 140.8,
      "vol_pct": 15.7,
      "max_drawdown_pct": 1.3,
      "worst_period_pct": -1.1,
      "t_stat": 1.0509185618556167
    },
    {
      "leverage": 2,
      "equity": 1.061125,
      "total_net_pct": 6.11,
      "ann_pct": 465.4,
      "vol_pct": 31.4,
      "max_drawdown_pct": 2.6,
      "worst_period_pct": -2.2,
      "t_stat": 1.0509185618556167
    },
    {
      "leverage": 3,
      "equity": 1.091677,
      "total_net_pct": 9.17,
      "ann_pct": 1195.2,
      "vol_pct": 47.1,
      "max_drawdown_pct": 3.9,
      "worst_period_pct": -3.3,
      "t_stat": 1.0509185618556167
    }
  ],
  "verdict": "ACCUMULATING",
  "live_exposure_usdt": 0,
  "latest": {
    "ts": "2026-08-29T08:00:00.000Z",
    "longs": [
      "ETHUSDT",
      "BNBUSDT",
      "SANDUSDT",
      "XRPUSDT",
      "SUIUSDT",
      "SOLUSDT"
    ],
    "shorts": [
      "GALAUSDT",
      "ATOMUSDT",
      "TIAUSDT",
      "FILUSDT",
      "APTUSDT",
      "INJUSDT"
    ],
    "net_pct": 0.0013
  },
  "rebalanced_this_cycle": 1,
  "skipped": null,
  "errors": []
}
{
  "generated_at": "2026-08-29T13:42:28.558Z",
  "lane": "v7_positioning_paper",
  "signal": "top_ratio - retail_ratio, cross-sectional rank, dollar-neutral",
  "k": 6,
  "symbols": 24,
  "periods_booked": 75,
  "equity": 1.028988,
  "realised": {
    "total_net_pct": 2.8988,
    "mean_net_pct": 0.0407,
    "mean_gross_pct": 0.05,
    "mean_cost_pct": 0.0093,
    "ann_pct": 130.3,
    "vol_pct": 15.7,
    "sharpe": 8.31,
    "t_stat": 1.05
  },
  "backtest_expectation": {
    "source": "banked v5 ledger, 24 symbols x 242 periods (40.5 days)",
    "ann_pct": 85.3,
    "vol_pct": 11.8,
    "t_stat": 1.77,
    "cross_sectional_ic": -0.0345,
    "cross_sectional_ic_t": -2.63,
    "caveat": "The BOOK's t is 1.77 — it does not reach 1.96, let alone the 2.73 that Bonferroni over 8 examined features would want. Only the raw cross-sectional IC (t=-2.63) is nominally significant; discretising it into a 6-a-side book and charging turnover costs gives most of that back. Sharpe 7.24 is an annualisation artefact of a 40-day window, not a property of the strategy."
  },
  "sample_requirement": {
    "observed_sd_pct": 0.3353,
    "observed_edge_pct": 0.0407,
    "n_for_t196": 261,
    "days_to_n": 44
  },
  "booked_at_leverage": 1,
  "leverage_view": [
    {
      "leverage": 1,
      "equity": 1.030549,
      "total_net_pct": 3.05,
      "ann_pct": 140.8,
      "vol_pct": 15.7,
      "max_drawdown_pct": 1.3,
      "worst_period_pct": -1.1,
      "t_stat": 1.0509185618556167
    },
    {
      "leverage": 2,
      "equity": 1.061125,
      "total_net_pct": 6.11,
      "ann_pct": 465.4,
      "vol_pct": 31.4,
      "max_drawdown_pct": 2.6,
      "worst_period_pct": -2.2,
      "t_stat": 1.0509185618556167
    },
    {
      "leverage": 3,
      "equity": 1.091677,
      "total_net_pct": 9.17,
      "ann_pct": 1195.2,
      "vol_pct": 47.1,
      "max_drawdown_pct": 3.9,
      "worst_period_pct": -3.3,
      "t_stat": 1.0509185618556167
    }
  ],
  "verdict": "ACCUMULATING",
  "live_exposure_usdt": 0,
  "latest": null,
  "rebalanced_this_cycle": 0,
  "skipped": "no unbooked closed periods (latest booked 2026-08-29T08:00:00.000Z)",
  "errors": []
}
{
  "generated_at": "2026-08-29T14:42:32.169Z",
  "lane": "v7_positioning_paper",
  "signal": "top_ratio - retail_ratio, cross-sectional rank, dollar-neutral",
  "k": 6,
  "symbols": 24,
  "periods_booked": 75,
  "equity": 1.028988,
  "realised": {
    "total_net_pct": 2.8988,
    "mean_net_pct": 0.0407,
    "mean_gross_pct": 0.05,
    "mean_cost_pct": 0.0093,
    "ann_pct": 130.3,
    "vol_pct": 15.7,
    "sharpe": 8.31,
    "t_stat": 1.05
  },
  "backtest_expectation": {
    "source": "banked v5 ledger, 24 symbols x 242 periods (40.5 days)",
    "ann_pct": 85.3,
    "vol_pct": 11.8,
    "t_stat": 1.77,
    "cross_sectional_ic": -0.0345,
    "cross_sectional_ic_t": -2.63,
    "caveat": "The BOOK's t is 1.77 — it does not reach 1.96, let alone the 2.73 that Bonferroni over 8 examined features would want. Only the raw cross-sectional IC (t=-2.63) is nominally significant; discretising it into a 6-a-side book and charging turnover costs gives most of that back. Sharpe 7.24 is an annualisation artefact of a 40-day window, not a property of the strategy."
  },
  "sample_requirement": {
    "observed_sd_pct": 0.3353,
    "observed_edge_pct": 0.0407,
    "n_for_t196": 261,
    "days_to_n": 44
  },
  "booked_at_leverage": 1,
  "leverage_view": [
    {
      "leverage": 1,
      "equity": 1.030549,
      "total_net_pct": 3.05,
      "ann_pct": 140.8,
      "vol_pct": 15.7,
      "max_drawdown_pct": 1.3,
      "worst_period_pct": -1.1,
      "t_stat": 1.0509185618556167
    },
    {
      "leverage": 2,
      "equity": 1.061125,
      "total_net_pct": 6.11,
      "ann_pct": 465.4,
      "vol_pct": 31.4,
      "max_drawdown_pct": 2.6,
      "worst_period_pct": -2.2,
      "t_stat": 1.0509185618556167
    },
    {
      "leverage": 3,
      "equity": 1.091677,
      "total_net_pct": 9.17,
      "ann_pct": 1195.2,
      "vol_pct": 47.1,
      "max_drawdown_pct": 3.9,
      "worst_period_pct": -3.3,
      "t_stat": 1.0509185618556167
    }
  ],
  "verdict": "ACCUMULATING",
  "live_exposure_usdt": 0,
  "latest": null,
  "rebalanced_this_cycle": 0,
  "skipped": "no unbooked closed periods (latest booked 2026-08-29T08:00:00.000Z)",
  "errors": []
}
{
  "generated_at": "2026-08-29T15:42:35.590Z",
  "lane": "v7_positioning_paper",
  "signal": "top_ratio - retail_ratio, cross-sectional rank, dollar-neutral",
  "k": 6,
  "symbols": 24,
  "periods_booked": 75,
  "equity": 1.028988,
  "realised": {
    "total_net_pct": 2.8988,
    "mean_net_pct": 0.0407,
    "mean_gross_pct": 0.05,
    "mean_cost_pct": 0.0093,
    "ann_pct": 130.3,
    "vol_pct": 15.7,
    "sharpe": 8.31,
    "t_stat": 1.05
  },
  "backtest_expectation": {
    "source": "banked v5 ledger, 24 symbols x 242 periods (40.5 days)",
    "ann_pct": 85.3,
    "vol_pct": 11.8,
    "t_stat": 1.77,
    "cross_sectional_ic": -0.0345,
    "cross_sectional_ic_t": -2.63,
    "caveat": "The BOOK's t is 1.77 — it does not reach 1.96, let alone the 2.73 that Bonferroni over 8 examined features would want. Only the raw cross-sectional IC (t=-2.63) is nominally significant; discretising it into a 6-a-side book and charging turnover costs gives most of that back. Sharpe 7.24 is an annualisation artefact of a 40-day window, not a property of the strategy."
  },
  "sample_requirement": {
    "observed_sd_pct": 0.3353,
    "observed_edge_pct": 0.0407,
    "n_for_t196": 261,
    "days_to_n": 44
  },
  "booked_at_leverage": 1,
  "leverage_view": [
    {
      "leverage": 1,
      "equity": 1.030549,
      "total_net_pct": 3.05,
      "ann_pct": 140.8,
      "vol_pct": 15.7,
      "max_drawdown_pct": 1.3,
      "worst_period_pct": -1.1,
      "t_stat": 1.0509185618556167
    },
    {
      "leverage": 2,
      "equity": 1.061125,
      "total_net_pct": 6.11,
      "ann_pct": 465.4,
      "vol_pct": 31.4,
      "max_drawdown_pct": 2.6,
      "worst_period_pct": -2.2,
      "t_stat": 1.0509185618556167
    },
    {
      "leverage": 3,
      "equity": 1.091677,
      "total_net_pct": 9.17,
      "ann_pct": 1195.2,
      "vol_pct": 47.1,
      "max_drawdown_pct": 3.9,
      "worst_period_pct": -3.3,
      "t_stat": 1.0509185618556167
    }
  ],
  "verdict": "ACCUMULATING",
  "live_exposure_usdt": 0,
  "latest": null,
  "rebalanced_this_cycle": 0,
  "skipped": "no unbooked closed periods (latest booked 2026-08-29T08:00:00.000Z)",
  "errors": []
}
{
  "generated_at": "2026-08-29T16:42:38.875Z",
  "lane": "v7_positioning_paper",
  "signal": "top_ratio - retail_ratio, cross-sectional rank, dollar-neutral",
  "k": 6,
  "symbols": 24,
  "periods_booked": 76,
  "equity": 1.025889,
  "realised": {
    "total_net_pct": 2.5889,
    "mean_net_pct": 0.0362,
    "mean_gross_pct": 0.0454,
    "mean_cost_pct": 0.0092,
    "ann_pct": 108.9,
    "vol_pct": 15.7,
    "sharpe": 6.94,
    "t_stat": 0.94
  },
  "backtest_expectation": {
    "source": "banked v5 ledger, 24 symbols x 242 periods (40.5 days)",
    "ann_pct": 85.3,
    "vol_pct": 11.8,
    "t_stat": 1.77,
    "cross_sectional_ic": -0.0345,
    "cross_sectional_ic_t": -2.63,
    "caveat": "The BOOK's t is 1.77 — it does not reach 1.96, let alone the 2.73 that Bonferroni over 8 examined features would want. Only the raw cross-sectional IC (t=-2.63) is nominally significant; discretising it into a 6-a-side book and charging turnover costs gives most of that back. Sharpe 7.24 is an annualisation artefact of a 40-day window, not a property of the strategy."
  },
  "sample_requirement": {
    "observed_sd_pct": 0.3354,
    "observed_edge_pct": 0.0362,
    "n_for_t196": 330,
    "days_to_n": 55
  },
  "booked_at_leverage": 1,
  "leverage_view": [
    {
      "leverage": 1,
      "equity": 1.027445,
      "total_net_pct": 2.74,
      "ann_pct": 118.2,
      "vol_pct": 15.7,
      "max_drawdown_pct": 1.3,
      "worst_period_pct": -1.1,
      "t_stat": 0.9407884508050481
    },
    {
      "leverage": 2,
      "equity": 1.054732,
      "total_net_pct": 5.47,
      "ann_pct": 364.4,
      "vol_pct": 31.4,
      "max_drawdown_pct": 2.6,
      "worst_period_pct": -2.2,
      "t_stat": 0.9407884508050481
    },
    {
      "leverage": 3,
      "equity": 1.081813,
      "total_net_pct": 8.18,
      "ann_pct": 864.1,
      "vol_pct": 47.1,
      "max_drawdown_pct": 3.9,
      "worst_period_pct": -3.3,
      "t_stat": 0.9407884508050481
    }
  ],
  "verdict": "ACCUMULATING",
  "live_exposure_usdt": 0,
  "latest": {
    "ts": "2026-08-29T12:00:00.000Z",
    "longs": [
      "ETHUSDT",
      "BNBUSDT",
      "SANDUSDT",
      "XRPUSDT",
      "SUIUSDT",
      "SOLUSDT"
    ],
    "shorts": [
      "GALAUSDT",
      "ATOMUSDT",
      "TIAUSDT",
      "FILUSDT",
      "APTUSDT",
      "INJUSDT"
    ],
    "net_pct": -0.3012
  },
  "rebalanced_this_cycle": 1,
  "skipped": null,
  "errors": []
}
{
  "generated_at": "2026-08-29T17:42:40.525Z",
  "lane": "v7_positioning_paper",
  "signal": "top_ratio - retail_ratio, cross-sectional rank, dollar-neutral",
  "k": 6,
  "symbols": 24,
  "periods_booked": 76,
  "equity": 1.025889,
  "realised": {
    "total_net_pct": 2.5889,
    "mean_net_pct": 0.0362,
    "mean_gross_pct": 0.0454,
    "mean_cost_pct": 0.0092,
    "ann_pct": 108.9,
    "vol_pct": 15.7,
    "sharpe": 6.94,
    "t_stat": 0.94
  },
  "backtest_expectation": {
    "source": "banked v5 ledger, 24 symbols x 242 periods (40.5 days)",
    "ann_pct": 85.3,
    "vol_pct": 11.8,
    "t_stat": 1.77,
    "cross_sectional_ic": -0.0345,
    "cross_sectional_ic_t": -2.63,
    "caveat": "The BOOK's t is 1.77 — it does not reach 1.96, let alone the 2.73 that Bonferroni over 8 examined features would want. Only the raw cross-sectional IC (t=-2.63) is nominally significant; discretising it into a 6-a-side book and charging turnover costs gives most of that back. Sharpe 7.24 is an annualisation artefact of a 40-day window, not a property of the strategy."
  },
  "sample_requirement": {
    "observed_sd_pct": 0.3354,
    "observed_edge_pct": 0.0362,
    "n_for_t196": 330,
    "days_to_n": 55
  },
  "booked_at_leverage": 1,
  "leverage_view": [
    {
      "leverage": 1,
      "equity": 1.027445,
      "total_net_pct": 2.74,
      "ann_pct": 118.2,
      "vol_pct": 15.7,
      "max_drawdown_pct": 1.3,
      "worst_period_pct": -1.1,
      "t_stat": 0.9407884508050481
    },
    {
      "leverage": 2,
      "equity": 1.054732,
      "total_net_pct": 5.47,
      "ann_pct": 364.4,
      "vol_pct": 31.4,
      "max_drawdown_pct": 2.6,
      "worst_period_pct": -2.2,
      "t_stat": 0.9407884508050481
    },
    {
      "leverage": 3,
      "equity": 1.081813,
      "total_net_pct": 8.18,
      "ann_pct": 864.1,
      "vol_pct": 47.1,
      "max_drawdown_pct": 3.9,
      "worst_period_pct": -3.3,
      "t_stat": 0.9407884508050481
    }
  ],
  "verdict": "ACCUMULATING",
  "live_exposure_usdt": 0,
  "latest": null,
  "rebalanced_this_cycle": 0,
  "skipped": "no unbooked closed periods (latest booked 2026-08-29T12:00:00.000Z)",
  "errors": []
}
{
  "generated_at": "2026-08-29T18:42:43.884Z",
  "lane": "v7_positioning_paper",
  "signal": "top_ratio - retail_ratio, cross-sectional rank, dollar-neutral",
  "k": 6,
  "symbols": 24,
  "periods_booked": 76,
  "equity": 1.025889,
  "realised": {
    "total_net_pct": 2.5889,
    "mean_net_pct": 0.0362,
    "mean_gross_pct": 0.0454,
    "mean_cost_pct": 0.0092,
    "ann_pct": 108.9,
    "vol_pct": 15.7,
    "sharpe": 6.94,
    "t_stat": 0.94
  },
  "backtest_expectation": {
    "source": "banked v5 ledger, 24 symbols x 242 periods (40.5 days)",
    "ann_pct": 85.3,
    "vol_pct": 11.8,
    "t_stat": 1.77,
    "cross_sectional_ic": -0.0345,
    "cross_sectional_ic_t": -2.63,
    "caveat": "The BOOK's t is 1.77 — it does not reach 1.96, let alone the 2.73 that Bonferroni over 8 examined features would want. Only the raw cross-sectional IC (t=-2.63) is nominally significant; discretising it into a 6-a-side book and charging turnover costs gives most of that back. Sharpe 7.24 is an annualisation artefact of a 40-day window, not a property of the strategy."
  },
  "sample_requirement": {
    "observed_sd_pct": 0.3354,
    "observed_edge_pct": 0.0362,
    "n_for_t196": 330,
    "days_to_n": 55
  },
  "booked_at_leverage": 1,
  "leverage_view": [
    {
      "leverage": 1,
      "equity": 1.027445,
      "total_net_pct": 2.74,
      "ann_pct": 118.2,
      "vol_pct": 15.7,
      "max_drawdown_pct": 1.3,
      "worst_period_pct": -1.1,
      "t_stat": 0.9407884508050481
    },
    {
      "leverage": 2,
      "equity": 1.054732,
      "total_net_pct": 5.47,
      "ann_pct": 364.4,
      "vol_pct": 31.4,
      "max_drawdown_pct": 2.6,
      "worst_period_pct": -2.2,
      "t_stat": 0.9407884508050481
    },
    {
      "leverage": 3,
      "equity": 1.081813,
      "total_net_pct": 8.18,
      "ann_pct": 864.1,
      "vol_pct": 47.1,
      "max_drawdown_pct": 3.9,
      "worst_period_pct": -3.3,
      "t_stat": 0.9407884508050481
    }
  ],
  "verdict": "ACCUMULATING",
  "live_exposure_usdt": 0,
  "latest": null,
  "rebalanced_this_cycle": 0,
  "skipped": "no unbooked closed periods (latest booked 2026-08-29T12:00:00.000Z)",
  "errors": []
}
{
  "generated_at": "2026-08-29T19:42:49.663Z",
  "lane": "v7_positioning_paper",
  "signal": "top_ratio - retail_ratio, cross-sectional rank, dollar-neutral",
  "k": 6,
  "symbols": 24,
  "periods_booked": 76,
  "equity": 1.025889,
  "realised": {
    "total_net_pct": 2.5889,
    "mean_net_pct": 0.0362,
    "mean_gross_pct": 0.0454,
    "mean_cost_pct": 0.0092,
    "ann_pct": 108.9,
    "vol_pct": 15.7,
    "sharpe": 6.94,
    "t_stat": 0.94
  },
  "backtest_expectation": {
    "source": "banked v5 ledger, 24 symbols x 242 periods (40.5 days)",
    "ann_pct": 85.3,
    "vol_pct": 11.8,
    "t_stat": 1.77,
    "cross_sectional_ic": -0.0345,
    "cross_sectional_ic_t": -2.63,
    "caveat": "The BOOK's t is 1.77 — it does not reach 1.96, let alone the 2.73 that Bonferroni over 8 examined features would want. Only the raw cross-sectional IC (t=-2.63) is nominally significant; discretising it into a 6-a-side book and charging turnover costs gives most of that back. Sharpe 7.24 is an annualisation artefact of a 40-day window, not a property of the strategy."
  },
  "sample_requirement": {
    "observed_sd_pct": 0.3354,
    "observed_edge_pct": 0.0362,
    "n_for_t196": 330,
    "days_to_n": 55
  },
  "booked_at_leverage": 1,
  "leverage_view": [
    {
      "leverage": 1,
      "equity": 1.027445,
      "total_net_pct": 2.74,
      "ann_pct": 118.2,
      "vol_pct": 15.7,
      "max_drawdown_pct": 1.3,
      "worst_period_pct": -1.1,
      "t_stat": 0.9407884508050481
    },
    {
      "leverage": 2,
      "equity": 1.054732,
      "total_net_pct": 5.47,
      "ann_pct": 364.4,
      "vol_pct": 31.4,
      "max_drawdown_pct": 2.6,
      "worst_period_pct": -2.2,
      "t_stat": 0.9407884508050481
    },
    {
      "leverage": 3,
      "equity": 1.081813,
      "total_net_pct": 8.18,
      "ann_pct": 864.1,
      "vol_pct": 47.1,
      "max_drawdown_pct": 3.9,
      "worst_period_pct": -3.3,
      "t_stat": 0.9407884508050481
    }
  ],
  "verdict": "ACCUMULATING",
  "live_exposure_usdt": 0,
  "latest": null,
  "rebalanced_this_cycle": 0,
  "skipped": "no unbooked closed periods (latest booked 2026-08-29T12:00:00.000Z)",
  "errors": []
}
{
  "generated_at": "2026-08-29T20:42:53.081Z",
  "lane": "v7_positioning_paper",
  "signal": "top_ratio - retail_ratio, cross-sectional rank, dollar-neutral",
  "k": 6,
  "symbols": 24,
  "periods_booked": 77,
  "equity": 1.028583,
  "realised": {
    "total_net_pct": 2.8583,
    "mean_net_pct": 0.0391,
    "mean_gross_pct": 0.0484,
    "mean_cost_pct": 0.0092,
    "ann_pct": 122.9,
    "vol_pct": 15.6,
    "sharpe": 7.86,
    "t_stat": 1.03
  },
  "backtest_expectation": {
    "source": "banked v5 ledger, 24 symbols x 242 periods (40.5 days)",
    "ann_pct": 85.3,
    "vol_pct": 11.8,
    "t_stat": 1.77,
    "cross_sectional_ic": -0.0345,
    "cross_sectional_ic_t": -2.63,
    "caveat": "The BOOK's t is 1.77 — it does not reach 1.96, let alone the 2.73 that Bonferroni over 8 examined features would want. Only the raw cross-sectional IC (t=-2.63) is nominally significant; discretising it into a 6-a-side book and charging turnover costs gives most of that back. Sharpe 7.24 is an annualisation artefact of a 40-day window, not a property of the strategy."
  },
  "sample_requirement": {
    "observed_sd_pct": 0.3342,
    "observed_edge_pct": 0.0391,
    "n_for_t196": 281,
    "days_to_n": 47
  },
  "booked_at_leverage": 1,
  "leverage_view": [
    {
      "leverage": 1,
      "equity": 1.030143,
      "total_net_pct": 3.01,
      "ann_pct": 132.7,
      "vol_pct": 15.6,
      "max_drawdown_pct": 1.3,
      "worst_period_pct": -1.1,
      "t_stat": 1.0275660867423941
    },
    {
      "leverage": 2,
      "equity": 1.060272,
      "total_net_pct": 6.03,
      "ann_pct": 428.3,
      "vol_pct": 31.3,
      "max_drawdown_pct": 2.6,
      "worst_period_pct": -2.2,
      "t_stat": 1.0275660867423941
    },
    {
      "leverage": 3,
      "equity": 1.090335,
      "total_net_pct": 9.03,
      "ann_pct": 1070.2,
      "vol_pct": 46.9,
      "max_drawdown_pct": 3.9,
      "worst_period_pct": -3.3,
      "t_stat": 1.0275660867423941
    }
  ],
  "verdict": "ACCUMULATING",
  "live_exposure_usdt": 0,
  "latest": {
    "ts": "2026-08-29T16:00:00.000Z",
    "longs": [
      "ETHUSDT",
      "BNBUSDT",
      "XRPUSDT",
      "SANDUSDT",
      "SUIUSDT",
      "LINKUSDT"
    ],
    "shorts": [
      "GALAUSDT",
      "ATOMUSDT",
      "TIAUSDT",
      "FILUSDT",
      "APTUSDT",
      "INJUSDT"
    ],
    "net_pct": 0.2626
  },
  "rebalanced_this_cycle": 1,
  "skipped": null,
  "errors": []
}
{
  "generated_at": "2026-08-29T21:42:56.465Z",
  "lane": "v7_positioning_paper",
  "signal": "top_ratio - retail_ratio, cross-sectional rank, dollar-neutral",
  "k": 6,
  "symbols": 24,
  "periods_booked": 77,
  "equity": 1.028583,
  "realised": {
    "total_net_pct": 2.8583,
    "mean_net_pct": 0.0391,
    "mean_gross_pct": 0.0484,
    "mean_cost_pct": 0.0092,
    "ann_pct": 122.9,
    "vol_pct": 15.6,
    "sharpe": 7.86,
    "t_stat": 1.03
  },
  "backtest_expectation": {
    "source": "banked v5 ledger, 24 symbols x 242 periods (40.5 days)",
    "ann_pct": 85.3,
    "vol_pct": 11.8,
    "t_stat": 1.77,
    "cross_sectional_ic": -0.0345,
    "cross_sectional_ic_t": -2.63,
    "caveat": "The BOOK's t is 1.77 — it does not reach 1.96, let alone the 2.73 that Bonferroni over 8 examined features would want. Only the raw cross-sectional IC (t=-2.63) is nominally significant; discretising it into a 6-a-side book and charging turnover costs gives most of that back. Sharpe 7.24 is an annualisation artefact of a 40-day window, not a property of the strategy."
  },
  "sample_requirement": {
    "observed_sd_pct": 0.3342,
    "observed_edge_pct": 0.0391,
    "n_for_t196": 281,
    "days_to_n": 47
  },
  "booked_at_leverage": 1,
  "leverage_view": [
    {
      "leverage": 1,
      "equity": 1.030143,
      "total_net_pct": 3.01,
      "ann_pct": 132.7,
      "vol_pct": 15.6,
      "max_drawdown_pct": 1.3,
      "worst_period_pct": -1.1,
      "t_stat": 1.0275660867423941
    },
    {
      "leverage": 2,
      "equity": 1.060272,
      "total_net_pct": 6.03,
      "ann_pct": 428.3,
      "vol_pct": 31.3,
      "max_drawdown_pct": 2.6,
      "worst_period_pct": -2.2,
      "t_stat": 1.0275660867423941
    },
    {
      "leverage": 3,
      "equity": 1.090335,
      "total_net_pct": 9.03,
      "ann_pct": 1070.2,
      "vol_pct": 46.9,
      "max_drawdown_pct": 3.9,
      "worst_period_pct": -3.3,
      "t_stat": 1.0275660867423941
    }
  ],
  "verdict": "ACCUMULATING",
  "live_exposure_usdt": 0,
  "latest": null,
  "rebalanced_this_cycle": 0,
  "skipped": "no unbooked closed periods (latest booked 2026-08-29T16:00:00.000Z)",
  "errors": []
}
{
  "generated_at": "2026-08-29T22:42:59.953Z",
  "lane": "v7_positioning_paper",
  "signal": "top_ratio - retail_ratio, cross-sectional rank, dollar-neutral",
  "k": 6,
  "symbols": 24,
  "periods_booked": 77,
  "equity": 1.028583,
  "realised": {
    "total_net_pct": 2.8583,
    "mean_net_pct": 0.0391,
    "mean_gross_pct": 0.0484,
    "mean_cost_pct": 0.0092,
    "ann_pct": 122.9,
    "vol_pct": 15.6,
    "sharpe": 7.86,
    "t_stat": 1.03
  },
  "backtest_expectation": {
    "source": "banked v5 ledger, 24 symbols x 242 periods (40.5 days)",
    "ann_pct": 85.3,
    "vol_pct": 11.8,
    "t_stat": 1.77,
    "cross_sectional_ic": -0.0345,
    "cross_sectional_ic_t": -2.63,
    "caveat": "The BOOK's t is 1.77 — it does not reach 1.96, let alone the 2.73 that Bonferroni over 8 examined features would want. Only the raw cross-sectional IC (t=-2.63) is nominally significant; discretising it into a 6-a-side book and charging turnover costs gives most of that back. Sharpe 7.24 is an annualisation artefact of a 40-day window, not a property of the strategy."
  },
  "sample_requirement": {
    "observed_sd_pct": 0.3342,
    "observed_edge_pct": 0.0391,
    "n_for_t196": 281,
    "days_to_n": 47
  },
  "booked_at_leverage": 1,
  "leverage_view": [
    {
      "leverage": 1,
      "equity": 1.030143,
      "total_net_pct": 3.01,
      "ann_pct": 132.7,
      "vol_pct": 15.6,
      "max_drawdown_pct": 1.3,
      "worst_period_pct": -1.1,
      "t_stat": 1.0275660867423941
    },
    {
      "leverage": 2,
      "equity": 1.060272,
      "total_net_pct": 6.03,
      "ann_pct": 428.3,
      "vol_pct": 31.3,
      "max_drawdown_pct": 2.6,
      "worst_period_pct": -2.2,
      "t_stat": 1.0275660867423941
    },
    {
      "leverage": 3,
      "equity": 1.090335,
      "total_net_pct": 9.03,
      "ann_pct": 1070.2,
      "vol_pct": 46.9,
      "max_drawdown_pct": 3.9,
      "worst_period_pct": -3.3,
      "t_stat": 1.0275660867423941
    }
  ],
  "verdict": "ACCUMULATING",
  "live_exposure_usdt": 0,
  "latest": null,
  "rebalanced_this_cycle": 0,
  "skipped": "no unbooked closed periods (latest booked 2026-08-29T16:00:00.000Z)",
  "errors": []
}
{
  "generated_at": "2026-08-29T23:43:03.530Z",
  "lane": "v7_positioning_paper",
  "signal": "top_ratio - retail_ratio, cross-sectional rank, dollar-neutral",
  "k": 6,
  "symbols": 24,
  "periods_booked": 77,
  "equity": 1.028583,
  "realised": {
    "total_net_pct": 2.8583,
    "mean_net_pct": 0.0391,
    "mean_gross_pct": 0.0484,
    "mean_cost_pct": 0.0092,
    "ann_pct": 122.9,
    "vol_pct": 15.6,
    "sharpe": 7.86,
    "t_stat": 1.03
  },
  "backtest_expectation": {
    "source": "banked v5 ledger, 24 symbols x 242 periods (40.5 days)",
    "ann_pct": 85.3,
    "vol_pct": 11.8,
    "t_stat": 1.77,
    "cross_sectional_ic": -0.0345,
    "cross_sectional_ic_t": -2.63,
    "caveat": "The BOOK's t is 1.77 — it does not reach 1.96, let alone the 2.73 that Bonferroni over 8 examined features would want. Only the raw cross-sectional IC (t=-2.63) is nominally significant; discretising it into a 6-a-side book and charging turnover costs gives most of that back. Sharpe 7.24 is an annualisation artefact of a 40-day window, not a property of the strategy."
  },
  "sample_requirement": {
    "observed_sd_pct": 0.3342,
    "observed_edge_pct": 0.0391,
    "n_for_t196": 281,
    "days_to_n": 47
  },
  "booked_at_leverage": 1,
  "leverage_view": [
    {
      "leverage": 1,
      "equity": 1.030143,
      "total_net_pct": 3.01,
      "ann_pct": 132.7,
      "vol_pct": 15.6,
      "max_drawdown_pct": 1.3,
      "worst_period_pct": -1.1,
      "t_stat": 1.0275660867423941
    },
    {
      "leverage": 2,
      "equity": 1.060272,
      "total_net_pct": 6.03,
      "ann_pct": 428.3,
      "vol_pct": 31.3,
      "max_drawdown_pct": 2.6,
      "worst_period_pct": -2.2,
      "t_stat": 1.0275660867423941
    },
    {
      "leverage": 3,
      "equity": 1.090335,
      "total_net_pct": 9.03,
      "ann_pct": 1070.2,
      "vol_pct": 46.9,
      "max_drawdown_pct": 3.9,
      "worst_period_pct": -3.3,
      "t_stat": 1.0275660867423941
    }
  ],
  "verdict": "ACCUMULATING",
  "live_exposure_usdt": 0,
  "latest": null,
  "rebalanced_this_cycle": 0,
  "skipped": "no unbooked closed periods (latest booked 2026-08-29T16:00:00.000Z)",
  "errors": []
}
{
  "generated_at": "2026-08-30T00:43:06.960Z",
  "lane": "v7_positioning_paper",
  "signal": "top_ratio - retail_ratio, cross-sectional rank, dollar-neutral",
  "k": 6,
  "symbols": 24,
  "periods_booked": 78,
  "equity": 1.027637,
  "realised": {
    "total_net_pct": 2.7637,
    "mean_net_pct": 0.0375,
    "mean_gross_pct": 0.0467,
    "mean_cost_pct": 0.0093,
    "ann_pct": 115,
    "vol_pct": 15.6,
    "sharpe": 7.39,
    "t_stat": 1
  },
  "backtest_expectation": {
    "source": "banked v5 ledger, 24 symbols x 242 periods (40.5 days)",
    "ann_pct": 85.3,
    "vol_pct": 11.8,
    "t_stat": 1.77,
    "cross_sectional_ic": -0.0345,
    "cross_sectional_ic_t": -2.63,
    "caveat": "The BOOK's t is 1.77 — it does not reach 1.96, let alone the 2.73 that Bonferroni over 8 examined features would want. Only the raw cross-sectional IC (t=-2.63) is nominally significant; discretising it into a 6-a-side book and charging turnover costs gives most of that back. Sharpe 7.24 is an annualisation artefact of a 40-day window, not a property of the strategy."
  },
  "sample_requirement": {
    "observed_sd_pct": 0.3324,
    "observed_edge_pct": 0.0375,
    "n_for_t196": 303,
    "days_to_n": 51
  },
  "booked_at_leverage": 1,
  "leverage_view": [
    {
      "leverage": 1,
      "equity": 1.029196,
      "total_net_pct": 2.92,
      "ann_pct": 124.3,
      "vol_pct": 15.6,
      "max_drawdown_pct": 1.3,
      "worst_period_pct": -1.1,
      "t_stat": 0.9952468906103181
    },
    {
      "leverage": 2,
      "equity": 1.058323,
      "total_net_pct": 5.83,
      "ann_pct": 391.1,
      "vol_pct": 31.1,
      "max_drawdown_pct": 2.6,
      "worst_period_pct": -2.2,
      "t_stat": 0.9952468906103181
    },
    {
      "leverage": 3,
      "equity": 1.087329,
      "total_net_pct": 8.73,
      "ann_pct": 949.3,
      "vol_pct": 46.7,
      "max_drawdown_pct": 3.9,
      "worst_period_pct": -3.3,
      "t_stat": 0.9952468906103181
    }
  ],
  "verdict": "ACCUMULATING",
  "live_exposure_usdt": 0,
  "latest": {
    "ts": "2026-08-29T20:00:00.000Z",
    "longs": [
      "ETHUSDT",
      "BNBUSDT",
      "XRPUSDT",
      "SANDUSDT",
      "SOLUSDT",
      "SUIUSDT"
    ],
    "shorts": [
      "GALAUSDT",
      "ATOMUSDT",
      "TIAUSDT",
      "FILUSDT",
      "APTUSDT",
      "INJUSDT"
    ],
    "net_pct": -0.0919
  },
  "rebalanced_this_cycle": 1,
  "skipped": null,
  "errors": []
}
{
  "generated_at": "2026-08-30T01:43:10.437Z",
  "lane": "v7_positioning_paper",
  "signal": "top_ratio - retail_ratio, cross-sectional rank, dollar-neutral",
  "k": 6,
  "symbols": 24,
  "periods_booked": 78,
  "equity": 1.027637,
  "realised": {
    "total_net_pct": 2.7637,
    "mean_net_pct": 0.0375,
    "mean_gross_pct": 0.0467,
    "mean_cost_pct": 0.0093,
    "ann_pct": 115,
    "vol_pct": 15.6,
    "sharpe": 7.39,
    "t_stat": 1
  },
  "backtest_expectation": {
    "source": "banked v5 ledger, 24 symbols x 242 periods (40.5 days)",
    "ann_pct": 85.3,
    "vol_pct": 11.8,
    "t_stat": 1.77,
    "cross_sectional_ic": -0.0345,
    "cross_sectional_ic_t": -2.63,
    "caveat": "The BOOK's t is 1.77 — it does not reach 1.96, let alone the 2.73 that Bonferroni over 8 examined features would want. Only the raw cross-sectional IC (t=-2.63) is nominally significant; discretising it into a 6-a-side book and charging turnover costs gives most of that back. Sharpe 7.24 is an annualisation artefact of a 40-day window, not a property of the strategy."
  },
  "sample_requirement": {
    "observed_sd_pct": 0.3324,
    "observed_edge_pct": 0.0375,
    "n_for_t196": 303,
    "days_to_n": 51
  },
  "booked_at_leverage": 1,
  "leverage_view": [
    {
      "leverage": 1,
      "equity": 1.029196,
      "total_net_pct": 2.92,
      "ann_pct": 124.3,
      "vol_pct": 15.6,
      "max_drawdown_pct": 1.3,
      "worst_period_pct": -1.1,
      "t_stat": 0.9952468906103181
    },
    {
      "leverage": 2,
      "equity": 1.058323,
      "total_net_pct": 5.83,
      "ann_pct": 391.1,
      "vol_pct": 31.1,
      "max_drawdown_pct": 2.6,
      "worst_period_pct": -2.2,
      "t_stat": 0.9952468906103181
    },
    {
      "leverage": 3,
      "equity": 1.087329,
      "total_net_pct": 8.73,
      "ann_pct": 949.3,
      "vol_pct": 46.7,
      "max_drawdown_pct": 3.9,
      "worst_period_pct": -3.3,
      "t_stat": 0.9952468906103181
    }
  ],
  "verdict": "ACCUMULATING",
  "live_exposure_usdt": 0,
  "latest": null,
  "rebalanced_this_cycle": 0,
  "skipped": "no unbooked closed periods (latest booked 2026-08-29T20:00:00.000Z)",
  "errors": []
}
{
  "generated_at": "2026-08-30T02:43:13.918Z",
  "lane": "v7_positioning_paper",
  "signal": "top_ratio - retail_ratio, cross-sectional rank, dollar-neutral",
  "k": 6,
  "symbols": 24,
  "periods_booked": 78,
  "equity": 1.027637,
  "realised": {
    "total_net_pct": 2.7637,
    "mean_net_pct": 0.0375,
    "mean_gross_pct": 0.0467,
    "mean_cost_pct": 0.0093,
    "ann_pct": 115,
    "vol_pct": 15.6,
    "sharpe": 7.39,
    "t_stat": 1
  },
  "backtest_expectation": {
    "source": "banked v5 ledger, 24 symbols x 242 periods (40.5 days)",
    "ann_pct": 85.3,
    "vol_pct": 11.8,
    "t_stat": 1.77,
    "cross_sectional_ic": -0.0345,
    "cross_sectional_ic_t": -2.63,
    "caveat": "The BOOK's t is 1.77 — it does not reach 1.96, let alone the 2.73 that Bonferroni over 8 examined features would want. Only the raw cross-sectional IC (t=-2.63) is nominally significant; discretising it into a 6-a-side book and charging turnover costs gives most of that back. Sharpe 7.24 is an annualisation artefact of a 40-day window, not a property of the strategy."
  },
  "sample_requirement": {
    "observed_sd_pct": 0.3324,
    "observed_edge_pct": 0.0375,
    "n_for_t196": 303,
    "days_to_n": 51
  },
  "booked_at_leverage": 1,
  "leverage_view": [
    {
      "leverage": 1,
      "equity": 1.029196,
      "total_net_pct": 2.92,
      "ann_pct": 124.3,
      "vol_pct": 15.6,
      "max_drawdown_pct": 1.3,
      "worst_period_pct": -1.1,
      "t_stat": 0.9952468906103181
    },
    {
      "leverage": 2,
      "equity": 1.058323,
      "total_net_pct": 5.83,
      "ann_pct": 391.1,
      "vol_pct": 31.1,
      "max_drawdown_pct": 2.6,
      "worst_period_pct": -2.2,
      "t_stat": 0.9952468906103181
    },
    {
      "leverage": 3,
      "equity": 1.087329,
      "total_net_pct": 8.73,
      "ann_pct": 949.3,
      "vol_pct": 46.7,
      "max_drawdown_pct": 3.9,
      "worst_period_pct": -3.3,
      "t_stat": 0.9952468906103181
    }
  ],
  "verdict": "ACCUMULATING",
  "live_exposure_usdt": 0,
  "latest": null,
  "rebalanced_this_cycle": 0,
  "skipped": "no unbooked closed periods (latest booked 2026-08-29T20:00:00.000Z)",
  "errors": []
}
{
  "generated_at": "2026-08-30T03:43:17.226Z",
  "lane": "v7_positioning_paper",
  "signal": "top_ratio - retail_ratio, cross-sectional rank, dollar-neutral",
  "k": 6,
  "symbols": 24,
  "periods_booked": 78,
  "equity": 1.027637,
  "realised": {
    "total_net_pct": 2.7637,
    "mean_net_pct": 0.0375,
    "mean_gross_pct": 0.0467,
    "mean_cost_pct": 0.0093,
    "ann_pct": 115,
    "vol_pct": 15.6,
    "sharpe": 7.39,
    "t_stat": 1
  },
  "backtest_expectation": {
    "source": "banked v5 ledger, 24 symbols x 242 periods (40.5 days)",
    "ann_pct": 85.3,
    "vol_pct": 11.8,
    "t_stat": 1.77,
    "cross_sectional_ic": -0.0345,
    "cross_sectional_ic_t": -2.63,
    "caveat": "The BOOK's t is 1.77 — it does not reach 1.96, let alone the 2.73 that Bonferroni over 8 examined features would want. Only the raw cross-sectional IC (t=-2.63) is nominally significant; discretising it into a 6-a-side book and charging turnover costs gives most of that back. Sharpe 7.24 is an annualisation artefact of a 40-day window, not a property of the strategy."
  },
  "sample_requirement": {
    "observed_sd_pct": 0.3324,
    "observed_edge_pct": 0.0375,
    "n_for_t196": 303,
    "days_to_n": 51
  },
  "booked_at_leverage": 1,
  "leverage_view": [
    {
      "leverage": 1,
      "equity": 1.029196,
      "total_net_pct": 2.92,
      "ann_pct": 124.3,
      "vol_pct": 15.6,
      "max_drawdown_pct": 1.3,
      "worst_period_pct": -1.1,
      "t_stat": 0.9952468906103181
    },
    {
      "leverage": 2,
      "equity": 1.058323,
      "total_net_pct": 5.83,
      "ann_pct": 391.1,
      "vol_pct": 31.1,
      "max_drawdown_pct": 2.6,
      "worst_period_pct": -2.2,
      "t_stat": 0.9952468906103181
    },
    {
      "leverage": 3,
      "equity": 1.087329,
      "total_net_pct": 8.73,
      "ann_pct": 949.3,
      "vol_pct": 46.7,
      "max_drawdown_pct": 3.9,
      "worst_period_pct": -3.3,
      "t_stat": 0.9952468906103181
    }
  ],
  "verdict": "ACCUMULATING",
  "live_exposure_usdt": 0,
  "latest": null,
  "rebalanced_this_cycle": 0,
  "skipped": "no unbooked closed periods (latest booked 2026-08-29T20:00:00.000Z)",
  "errors": []
}
{
  "generated_at": "2026-08-30T04:43:20.795Z",
  "lane": "v7_positioning_paper",
  "signal": "top_ratio - retail_ratio, cross-sectional rank, dollar-neutral",
  "k": 6,
  "symbols": 24,
  "periods_booked": 79,
  "equity": 1.03111,
  "realised": {
    "total_net_pct": 3.111,
    "mean_net_pct": 0.0413,
    "mean_gross_pct": 0.0504,
    "mean_cost_pct": 0.0092,
    "ann_pct": 133.8,
    "vol_pct": 15.5,
    "sharpe": 8.61,
    "t_stat": 1.1
  },
  "backtest_expectation": {
    "source": "banked v5 ledger, 24 symbols x 242 periods (40.5 days)",
    "ann_pct": 85.3,
    "vol_pct": 11.8,
    "t_stat": 1.77,
    "cross_sectional_ic": -0.0345,
    "cross_sectional_ic_t": -2.63,
    "caveat": "The BOOK's t is 1.77 — it does not reach 1.96, let alone the 2.73 that Bonferroni over 8 examined features would want. Only the raw cross-sectional IC (t=-2.63) is nominally significant; discretising it into a 6-a-side book and charging turnover costs gives most of that back. Sharpe 7.24 is an annualisation artefact of a 40-day window, not a property of the strategy."
  },
  "sample_requirement": {
    "observed_sd_pct": 0.332,
    "observed_edge_pct": 0.0413,
    "n_for_t196": 249,
    "days_to_n": 42
  },
  "booked_at_leverage": 1,
  "leverage_view": [
    {
      "leverage": 1,
      "equity": 1.032675,
      "total_net_pct": 3.27,
      "ann_pct": 143.8,
      "vol_pct": 15.5,
      "max_drawdown_pct": 1.3,
      "worst_period_pct": -1.1,
      "t_stat": 1.1046924698489924
    },
    {
      "leverage": 2,
      "equity": 1.065477,
      "total_net_pct": 6.55,
      "ann_pct": 480.2,
      "vol_pct": 31.1,
      "max_drawdown_pct": 2.6,
      "worst_period_pct": -2.2,
      "t_stat": 1.1046924698489924
    },
    {
      "leverage": 3,
      "equity": 1.098355,
      "total_net_pct": 9.84,
      "ann_pct": 1247.2,
      "vol_pct": 46.6,
      "max_drawdown_pct": 3.9,
      "worst_period_pct": -3.3,
      "t_stat": 1.1046924698489924
    }
  ],
  "verdict": "ACCUMULATING",
  "live_exposure_usdt": 0,
  "latest": {
    "ts": "2026-08-30T00:00:00.000Z",
    "longs": [
      "ETHUSDT",
      "BNBUSDT",
      "XRPUSDT",
      "SANDUSDT",
      "SUIUSDT",
      "SOLUSDT"
    ],
    "shorts": [
      "GALAUSDT",
      "ATOMUSDT",
      "TIAUSDT",
      "FILUSDT",
      "APTUSDT",
      "INJUSDT"
    ],
    "net_pct": 0.338
  },
  "rebalanced_this_cycle": 1,
  "skipped": null,
  "errors": []
}
{
  "generated_at": "2026-08-30T05:43:24.156Z",
  "lane": "v7_positioning_paper",
  "signal": "top_ratio - retail_ratio, cross-sectional rank, dollar-neutral",
  "k": 6,
  "symbols": 24,
  "periods_booked": 79,
  "equity": 1.03111,
  "realised": {
    "total_net_pct": 3.111,
    "mean_net_pct": 0.0413,
    "mean_gross_pct": 0.0504,
    "mean_cost_pct": 0.0092,
    "ann_pct": 133.8,
    "vol_pct": 15.5,
    "sharpe": 8.61,
    "t_stat": 1.1
  },
  "backtest_expectation": {
    "source": "banked v5 ledger, 24 symbols x 242 periods (40.5 days)",
    "ann_pct": 85.3,
    "vol_pct": 11.8,
    "t_stat": 1.77,
    "cross_sectional_ic": -0.0345,
    "cross_sectional_ic_t": -2.63,
    "caveat": "The BOOK's t is 1.77 — it does not reach 1.96, let alone the 2.73 that Bonferroni over 8 examined features would want. Only the raw cross-sectional IC (t=-2.63) is nominally significant; discretising it into a 6-a-side book and charging turnover costs gives most of that back. Sharpe 7.24 is an annualisation artefact of a 40-day window, not a property of the strategy."
  },
  "sample_requirement": {
    "observed_sd_pct": 0.332,
    "observed_edge_pct": 0.0413,
    "n_for_t196": 249,
    "days_to_n": 42
  },
  "booked_at_leverage": 1,
  "leverage_view": [
    {
      "leverage": 1,
      "equity": 1.032675,
      "total_net_pct": 3.27,
      "ann_pct": 143.8,
      "vol_pct": 15.5,
      "max_drawdown_pct": 1.3,
      "worst_period_pct": -1.1,
      "t_stat": 1.1046924698489924
    },
    {
      "leverage": 2,
      "equity": 1.065477,
      "total_net_pct": 6.55,
      "ann_pct": 480.2,
      "vol_pct": 31.1,
      "max_drawdown_pct": 2.6,
      "worst_period_pct": -2.2,
      "t_stat": 1.1046924698489924
    },
    {
      "leverage": 3,
      "equity": 1.098355,
      "total_net_pct": 9.84,
      "ann_pct": 1247.2,
      "vol_pct": 46.6,
      "max_drawdown_pct": 3.9,
      "worst_period_pct": -3.3,
      "t_stat": 1.1046924698489924
    }
  ],
  "verdict": "ACCUMULATING",
  "live_exposure_usdt": 0,
  "latest": null,
  "rebalanced_this_cycle": 0,
  "skipped": "no unbooked closed periods (latest booked 2026-08-30T00:00:00.000Z)",
  "errors": []
}
{
  "generated_at": "2026-08-30T06:43:27.681Z",
  "lane": "v7_positioning_paper",
  "signal": "top_ratio - retail_ratio, cross-sectional rank, dollar-neutral",
  "k": 6,
  "symbols": 24,
  "periods_booked": 79,
  "equity": 1.03111,
  "realised": {
    "total_net_pct": 3.111,
    "mean_net_pct": 0.0413,
    "mean_gross_pct": 0.0504,
    "mean_cost_pct": 0.0092,
    "ann_pct": 133.8,
    "vol_pct": 15.5,
    "sharpe": 8.61,
    "t_stat": 1.1
  },
  "backtest_expectation": {
    "source": "banked v5 ledger, 24 symbols x 242 periods (40.5 days)",
    "ann_pct": 85.3,
    "vol_pct": 11.8,
    "t_stat": 1.77,
    "cross_sectional_ic": -0.0345,
    "cross_sectional_ic_t": -2.63,
    "caveat": "The BOOK's t is 1.77 — it does not reach 1.96, let alone the 2.73 that Bonferroni over 8 examined features would want. Only the raw cross-sectional IC (t=-2.63) is nominally significant; discretising it into a 6-a-side book and charging turnover costs gives most of that back. Sharpe 7.24 is an annualisation artefact of a 40-day window, not a property of the strategy."
  },
  "sample_requirement": {
    "observed_sd_pct": 0.332,
    "observed_edge_pct": 0.0413,
    "n_for_t196": 249,
    "days_to_n": 42
  },
  "booked_at_leverage": 1,
  "leverage_view": [
    {
      "leverage": 1,
      "equity": 1.032675,
      "total_net_pct": 3.27,
      "ann_pct": 143.8,
      "vol_pct": 15.5,
      "max_drawdown_pct": 1.3,
      "worst_period_pct": -1.1,
      "t_stat": 1.1046924698489924
    },
    {
      "leverage": 2,
      "equity": 1.065477,
      "total_net_pct": 6.55,
      "ann_pct": 480.2,
      "vol_pct": 31.1,
      "max_drawdown_pct": 2.6,
      "worst_period_pct": -2.2,
      "t_stat": 1.1046924698489924
    },
    {
      "leverage": 3,
      "equity": 1.098355,
      "total_net_pct": 9.84,
      "ann_pct": 1247.2,
      "vol_pct": 46.6,
      "max_drawdown_pct": 3.9,
      "worst_period_pct": -3.3,
      "t_stat": 1.1046924698489924
    }
  ],
  "verdict": "ACCUMULATING",
  "live_exposure_usdt": 0,
  "latest": null,
  "rebalanced_this_cycle": 0,
  "skipped": "no unbooked closed periods (latest booked 2026-08-30T00:00:00.000Z)",
  "errors": []
}
{
  "generated_at": "2026-08-30T07:43:31.070Z",
  "lane": "v7_positioning_paper",
  "signal": "top_ratio - retail_ratio, cross-sectional rank, dollar-neutral",
  "k": 6,
  "symbols": 24,
  "periods_booked": 79,
  "equity": 1.03111,
  "realised": {
    "total_net_pct": 3.111,
    "mean_net_pct": 0.0413,
    "mean_gross_pct": 0.0504,
    "mean_cost_pct": 0.0092,
    "ann_pct": 133.8,
    "vol_pct": 15.5,
    "sharpe": 8.61,
    "t_stat": 1.1
  },
  "backtest_expectation": {
    "source": "banked v5 ledger, 24 symbols x 242 periods (40.5 days)",
    "ann_pct": 85.3,
    "vol_pct": 11.8,
    "t_stat": 1.77,
    "cross_sectional_ic": -0.0345,
    "cross_sectional_ic_t": -2.63,
    "caveat": "The BOOK's t is 1.77 — it does not reach 1.96, let alone the 2.73 that Bonferroni over 8 examined features would want. Only the raw cross-sectional IC (t=-2.63) is nominally significant; discretising it into a 6-a-side book and charging turnover costs gives most of that back. Sharpe 7.24 is an annualisation artefact of a 40-day window, not a property of the strategy."
  },
  "sample_requirement": {
    "observed_sd_pct": 0.332,
    "observed_edge_pct": 0.0413,
    "n_for_t196": 249,
    "days_to_n": 42
  },
  "booked_at_leverage": 1,
  "leverage_view": [
    {
      "leverage": 1,
      "equity": 1.032675,
      "total_net_pct": 3.27,
      "ann_pct": 143.8,
      "vol_pct": 15.5,
      "max_drawdown_pct": 1.3,
      "worst_period_pct": -1.1,
      "t_stat": 1.1046924698489924
    },
    {
      "leverage": 2,
      "equity": 1.065477,
      "total_net_pct": 6.55,
      "ann_pct": 480.2,
      "vol_pct": 31.1,
      "max_drawdown_pct": 2.6,
      "worst_period_pct": -2.2,
      "t_stat": 1.1046924698489924
    },
    {
      "leverage": 3,
      "equity": 1.098355,
      "total_net_pct": 9.84,
      "ann_pct": 1247.2,
      "vol_pct": 46.6,
      "max_drawdown_pct": 3.9,
      "worst_period_pct": -3.3,
      "t_stat": 1.1046924698489924
    }
  ],
  "verdict": "ACCUMULATING",
  "live_exposure_usdt": 0,
  "latest": null,
  "rebalanced_this_cycle": 0,
  "skipped": "no unbooked closed periods (latest booked 2026-08-30T00:00:00.000Z)",
  "errors": []
}
{
  "generated_at": "2026-08-30T08:43:34.492Z",
  "lane": "v7_positioning_paper",
  "signal": "top_ratio - retail_ratio, cross-sectional rank, dollar-neutral",
  "k": 6,
  "symbols": 24,
  "periods_booked": 80,
  "equity": 1.028185,
  "realised": {
    "total_net_pct": 2.8185,
    "mean_net_pct": 0.0372,
    "mean_gross_pct": 0.0465,
    "mean_cost_pct": 0.0093,
    "ann_pct": 114,
    "vol_pct": 15.5,
    "sharpe": 7.34,
    "t_stat": 1
  },
  "backtest_expectation": {
    "source": "banked v5 ledger, 24 symbols x 242 periods (40.5 days)",
    "ann_pct": 85.3,
    "vol_pct": 11.8,
    "t_stat": 1.77,
    "cross_sectional_ic": -0.0345,
    "cross_sectional_ic_t": -2.63,
    "caveat": "The BOOK's t is 1.77 — it does not reach 1.96, let alone the 2.73 that Bonferroni over 8 examined features would want. Only the raw cross-sectional IC (t=-2.63) is nominally significant; discretising it into a 6-a-side book and charging turnover costs gives most of that back. Sharpe 7.24 is an annualisation artefact of a 40-day window, not a property of the strategy."
  },
  "sample_requirement": {
    "observed_sd_pct": 0.3318,
    "observed_edge_pct": 0.0372,
    "n_for_t196": 306,
    "days_to_n": 51
  },
  "booked_at_leverage": 1,
  "leverage_view": [
    {
      "leverage": 1,
      "equity": 1.029745,
      "total_net_pct": 2.97,
      "ann_pct": 123.1,
      "vol_pct": 15.5,
      "max_drawdown_pct": 1.3,
      "worst_period_pct": -1.1,
      "t_stat": 1.0025527925922586
    },
    {
      "leverage": 2,
      "equity": 1.059432,
      "total_net_pct": 5.94,
      "ann_pct": 385.7,
      "vol_pct": 31.1,
      "max_drawdown_pct": 2.6,
      "worst_period_pct": -2.2,
      "t_stat": 1.0025527925922586
    },
    {
      "leverage": 3,
      "equity": 1.089007,
      "total_net_pct": 8.9,
      "ann_pct": 932.1,
      "vol_pct": 46.6,
      "max_drawdown_pct": 3.9,
      "worst_period_pct": -3.3,
      "t_stat": 1.0025527925922586
    }
  ],
  "verdict": "ACCUMULATING",
  "live_exposure_usdt": 0,
  "latest": {
    "ts": "2026-08-30T04:00:00.000Z",
    "longs": [
      "ETHUSDT",
      "BNBUSDT",
      "XRPUSDT",
      "SANDUSDT",
      "SUIUSDT",
      "LINKUSDT"
    ],
    "shorts": [
      "NEARUSDT",
      "ATOMUSDT",
      "TIAUSDT",
      "APTUSDT",
      "FILUSDT",
      "INJUSDT"
    ],
    "net_pct": -0.2837
  },
  "rebalanced_this_cycle": 1,
  "skipped": null,
  "errors": []
}
{
  "generated_at": "2026-08-30T09:43:37.972Z",
  "lane": "v7_positioning_paper",
  "signal": "top_ratio - retail_ratio, cross-sectional rank, dollar-neutral",
  "k": 6,
  "symbols": 24,
  "periods_booked": 80,
  "equity": 1.028185,
  "realised": {
    "total_net_pct": 2.8185,
    "mean_net_pct": 0.0372,
    "mean_gross_pct": 0.0465,
    "mean_cost_pct": 0.0093,
    "ann_pct": 114,
    "vol_pct": 15.5,
    "sharpe": 7.34,
    "t_stat": 1
  },
  "backtest_expectation": {
    "source": "banked v5 ledger, 24 symbols x 242 periods (40.5 days)",
    "ann_pct": 85.3,
    "vol_pct": 11.8,
    "t_stat": 1.77,
    "cross_sectional_ic": -0.0345,
    "cross_sectional_ic_t": -2.63,
    "caveat": "The BOOK's t is 1.77 — it does not reach 1.96, let alone the 2.73 that Bonferroni over 8 examined features would want. Only the raw cross-sectional IC (t=-2.63) is nominally significant; discretising it into a 6-a-side book and charging turnover costs gives most of that back. Sharpe 7.24 is an annualisation artefact of a 40-day window, not a property of the strategy."
  },
  "sample_requirement": {
    "observed_sd_pct": 0.3318,
    "observed_edge_pct": 0.0372,
    "n_for_t196": 306,
    "days_to_n": 51
  },
  "booked_at_leverage": 1,
  "leverage_view": [
    {
      "leverage": 1,
      "equity": 1.029745,
      "total_net_pct": 2.97,
      "ann_pct": 123.1,
      "vol_pct": 15.5,
      "max_drawdown_pct": 1.3,
      "worst_period_pct": -1.1,
      "t_stat": 1.0025527925922586
    },
    {
      "leverage": 2,
      "equity": 1.059432,
      "total_net_pct": 5.94,
      "ann_pct": 385.7,
      "vol_pct": 31.1,
      "max_drawdown_pct": 2.6,
      "worst_period_pct": -2.2,
      "t_stat": 1.0025527925922586
    },
    {
      "leverage": 3,
      "equity": 1.089007,
      "total_net_pct": 8.9,
      "ann_pct": 932.1,
      "vol_pct": 46.6,
      "max_drawdown_pct": 3.9,
      "worst_period_pct": -3.3,
      "t_stat": 1.0025527925922586
    }
  ],
  "verdict": "ACCUMULATING",
  "live_exposure_usdt": 0,
  "latest": null,
  "rebalanced_this_cycle": 0,
  "skipped": "no unbooked closed periods (latest booked 2026-08-30T04:00:00.000Z)",
  "errors": []
}
{
  "generated_at": "2026-08-30T10:43:41.482Z",
  "lane": "v7_positioning_paper",
  "signal": "top_ratio - retail_ratio, cross-sectional rank, dollar-neutral",
  "k": 6,
  "symbols": 24,
  "periods_booked": 80,
  "equity": 1.028185,
  "realised": {
    "total_net_pct": 2.8185,
    "mean_net_pct": 0.0372,
    "mean_gross_pct": 0.0465,
    "mean_cost_pct": 0.0093,
    "ann_pct": 114,
    "vol_pct": 15.5,
    "sharpe": 7.34,
    "t_stat": 1
  },
  "backtest_expectation": {
    "source": "banked v5 ledger, 24 symbols x 242 periods (40.5 days)",
    "ann_pct": 85.3,
    "vol_pct": 11.8,
    "t_stat": 1.77,
    "cross_sectional_ic": -0.0345,
    "cross_sectional_ic_t": -2.63,
    "caveat": "The BOOK's t is 1.77 — it does not reach 1.96, let alone the 2.73 that Bonferroni over 8 examined features would want. Only the raw cross-sectional IC (t=-2.63) is nominally significant; discretising it into a 6-a-side book and charging turnover costs gives most of that back. Sharpe 7.24 is an annualisation artefact of a 40-day window, not a property of the strategy."
  },
  "sample_requirement": {
    "observed_sd_pct": 0.3318,
    "observed_edge_pct": 0.0372,
    "n_for_t196": 306,
    "days_to_n": 51
  },
  "booked_at_leverage": 1,
  "leverage_view": [
    {
      "leverage": 1,
      "equity": 1.029745,
      "total_net_pct": 2.97,
      "ann_pct": 123.1,
      "vol_pct": 15.5,
      "max_drawdown_pct": 1.3,
      "worst_period_pct": -1.1,
      "t_stat": 1.0025527925922586
    },
    {
      "leverage": 2,
      "equity": 1.059432,
      "total_net_pct": 5.94,
      "ann_pct": 385.7,
      "vol_pct": 31.1,
      "max_drawdown_pct": 2.6,
      "worst_period_pct": -2.2,
      "t_stat": 1.0025527925922586
    },
    {
      "leverage": 3,
      "equity": 1.089007,
      "total_net_pct": 8.9,
      "ann_pct": 932.1,
      "vol_pct": 46.6,
      "max_drawdown_pct": 3.9,
      "worst_period_pct": -3.3,
      "t_stat": 1.0025527925922586
    }
  ],
  "verdict": "ACCUMULATING",
  "live_exposure_usdt": 0,
  "latest": null,
  "rebalanced_this_cycle": 0,
  "skipped": "no unbooked closed periods (latest booked 2026-08-30T04:00:00.000Z)",
  "errors": []
}
{
  "generated_at": "2026-08-30T11:43:45.034Z",
  "lane": "v7_positioning_paper",
  "signal": "top_ratio - retail_ratio, cross-sectional rank, dollar-neutral",
  "k": 6,
  "symbols": 24,
  "periods_booked": 80,
  "equity": 1.028185,
  "realised": {
    "total_net_pct": 2.8185,
    "mean_net_pct": 0.0372,
    "mean_gross_pct": 0.0465,
    "mean_cost_pct": 0.0093,
    "ann_pct": 114,
    "vol_pct": 15.5,
    "sharpe": 7.34,
    "t_stat": 1
  },
  "backtest_expectation": {
    "source": "banked v5 ledger, 24 symbols x 242 periods (40.5 days)",
    "ann_pct": 85.3,
    "vol_pct": 11.8,
    "t_stat": 1.77,
    "cross_sectional_ic": -0.0345,
    "cross_sectional_ic_t": -2.63,
    "caveat": "The BOOK's t is 1.77 — it does not reach 1.96, let alone the 2.73 that Bonferroni over 8 examined features would want. Only the raw cross-sectional IC (t=-2.63) is nominally significant; discretising it into a 6-a-side book and charging turnover costs gives most of that back. Sharpe 7.24 is an annualisation artefact of a 40-day window, not a property of the strategy."
  },
  "sample_requirement": {
    "observed_sd_pct": 0.3318,
    "observed_edge_pct": 0.0372,
    "n_for_t196": 306,
    "days_to_n": 51
  },
  "booked_at_leverage": 1,
  "leverage_view": [
    {
      "leverage": 1,
      "equity": 1.029745,
      "total_net_pct": 2.97,
      "ann_pct": 123.1,
      "vol_pct": 15.5,
      "max_drawdown_pct": 1.3,
      "worst_period_pct": -1.1,
      "t_stat": 1.0025527925922586
    },
    {
      "leverage": 2,
      "equity": 1.059432,
      "total_net_pct": 5.94,
      "ann_pct": 385.7,
      "vol_pct": 31.1,
      "max_drawdown_pct": 2.6,
      "worst_period_pct": -2.2,
      "t_stat": 1.0025527925922586
    },
    {
      "leverage": 3,
      "equity": 1.089007,
      "total_net_pct": 8.9,
      "ann_pct": 932.1,
      "vol_pct": 46.6,
      "max_drawdown_pct": 3.9,
      "worst_period_pct": -3.3,
      "t_stat": 1.0025527925922586
    }
  ],
  "verdict": "ACCUMULATING",
  "live_exposure_usdt": 0,
  "latest": null,
  "rebalanced_this_cycle": 0,
  "skipped": "no unbooked closed periods (latest booked 2026-08-30T04:00:00.000Z)",
  "errors": []
}
{
  "generated_at": "2026-08-30T12:43:48.551Z",
  "lane": "v7_positioning_paper",
  "signal": "top_ratio - retail_ratio, cross-sectional rank, dollar-neutral",
  "k": 6,
  "symbols": 24,
  "periods_booked": 81,
  "equity": 1.025601,
  "realised": {
    "total_net_pct": 2.5601,
    "mean_net_pct": 0.0336,
    "mean_gross_pct": 0.0431,
    "mean_cost_pct": 0.0095,
    "ann_pct": 98.1,
    "vol_pct": 15.5,
    "sharpe": 6.33,
    "t_stat": 0.91
  },
  "backtest_expectation": {
    "source": "banked v5 ledger, 24 symbols x 242 periods (40.5 days)",
    "ann_pct": 85.3,
    "vol_pct": 11.8,
    "t_stat": 1.77,
    "cross_sectional_ic": -0.0345,
    "cross_sectional_ic_t": -2.63,
    "caveat": "The BOOK's t is 1.77 — it does not reach 1.96, let alone the 2.73 that Bonferroni over 8 examined features would want. Only the raw cross-sectional IC (t=-2.63) is nominally significant; discretising it into a 6-a-side book and charging turnover costs gives most of that back. Sharpe 7.24 is an annualisation artefact of a 40-day window, not a property of the strategy."
  },
  "sample_requirement": {
    "observed_sd_pct": 0.3313,
    "observed_edge_pct": 0.0336,
    "n_for_t196": 373,
    "days_to_n": 62
  },
  "booked_at_leverage": 1,
  "leverage_view": [
    {
      "leverage": 1,
      "equity": 1.027157,
      "total_net_pct": 2.72,
      "ann_pct": 106.4,
      "vol_pct": 15.5,
      "max_drawdown_pct": 1.3,
      "worst_period_pct": -1.1,
      "t_stat": 0.9136338934869439
    },
    {
      "leverage": 2,
      "equity": 1.054107,
      "total_net_pct": 5.41,
      "ann_pct": 315.7,
      "vol_pct": 31,
      "max_drawdown_pct": 2.6,
      "worst_period_pct": -2.2,
      "t_stat": 0.9136338934869439
    },
    {
      "leverage": 3,
      "equity": 1.080797,
      "total_net_pct": 8.08,
      "ann_pct": 717.2,
      "vol_pct": 46.5,
      "max_drawdown_pct": 3.9,
      "worst_period_pct": -3.3,
      "t_stat": 0.9136338934869439
    }
  ],
  "verdict": "ACCUMULATING",
  "live_exposure_usdt": 0,
  "latest": {
    "ts": "2026-08-30T08:00:00.000Z",
    "longs": [
      "BNBUSDT",
      "ETHUSDT",
      "XRPUSDT",
      "SANDUSDT",
      "SUIUSDT",
      "SOLUSDT"
    ],
    "shorts": [
      "SEIUSDT",
      "ATOMUSDT",
      "TIAUSDT",
      "FILUSDT",
      "APTUSDT",
      "INJUSDT"
    ],
    "net_pct": -0.2513
  },
  "rebalanced_this_cycle": 1,
  "skipped": null,
  "errors": []
}
{
  "generated_at": "2026-08-30T13:43:52.013Z",
  "lane": "v7_positioning_paper",
  "signal": "top_ratio - retail_ratio, cross-sectional rank, dollar-neutral",
  "k": 6,
  "symbols": 24,
  "periods_booked": 81,
  "equity": 1.025601,
  "realised": {
    "total_net_pct": 2.5601,
    "mean_net_pct": 0.0336,
    "mean_gross_pct": 0.0431,
    "mean_cost_pct": 0.0095,
    "ann_pct": 98.1,
    "vol_pct": 15.5,
    "sharpe": 6.33,
    "t_stat": 0.91
  },
  "backtest_expectation": {
    "source": "banked v5 ledger, 24 symbols x 242 periods (40.5 days)",
    "ann_pct": 85.3,
    "vol_pct": 11.8,
    "t_stat": 1.77,
    "cross_sectional_ic": -0.0345,
    "cross_sectional_ic_t": -2.63,
    "caveat": "The BOOK's t is 1.77 — it does not reach 1.96, let alone the 2.73 that Bonferroni over 8 examined features would want. Only the raw cross-sectional IC (t=-2.63) is nominally significant; discretising it into a 6-a-side book and charging turnover costs gives most of that back. Sharpe 7.24 is an annualisation artefact of a 40-day window, not a property of the strategy."
  },
  "sample_requirement": {
    "observed_sd_pct": 0.3313,
    "observed_edge_pct": 0.0336,
    "n_for_t196": 373,
    "days_to_n": 62
  },
  "booked_at_leverage": 1,
  "leverage_view": [
    {
      "leverage": 1,
      "equity": 1.027157,
      "total_net_pct": 2.72,
      "ann_pct": 106.4,
      "vol_pct": 15.5,
      "max_drawdown_pct": 1.3,
      "worst_period_pct": -1.1,
      "t_stat": 0.9136338934869439
    },
    {
      "leverage": 2,
      "equity": 1.054107,
      "total_net_pct": 5.41,
      "ann_pct": 315.7,
      "vol_pct": 31,
      "max_drawdown_pct": 2.6,
      "worst_period_pct": -2.2,
      "t_stat": 0.9136338934869439
    },
    {
      "leverage": 3,
      "equity": 1.080797,
      "total_net_pct": 8.08,
      "ann_pct": 717.2,
      "vol_pct": 46.5,
      "max_drawdown_pct": 3.9,
      "worst_period_pct": -3.3,
      "t_stat": 0.9136338934869439
    }
  ],
  "verdict": "ACCUMULATING",
  "live_exposure_usdt": 0,
  "latest": null,
  "rebalanced_this_cycle": 0,
  "skipped": "no unbooked closed periods (latest booked 2026-08-30T08:00:00.000Z)",
  "errors": []
}
{
  "generated_at": "2026-08-30T14:43:55.341Z",
  "lane": "v7_positioning_paper",
  "signal": "top_ratio - retail_ratio, cross-sectional rank, dollar-neutral",
  "k": 6,
  "symbols": 24,
  "periods_booked": 81,
  "equity": 1.025601,
  "realised": {
    "total_net_pct": 2.5601,
    "mean_net_pct": 0.0336,
    "mean_gross_pct": 0.0431,
    "mean_cost_pct": 0.0095,
    "ann_pct": 98.1,
    "vol_pct": 15.5,
    "sharpe": 6.33,
    "t_stat": 0.91
  },
  "backtest_expectation": {
    "source": "banked v5 ledger, 24 symbols x 242 periods (40.5 days)",
    "ann_pct": 85.3,
    "vol_pct": 11.8,
    "t_stat": 1.77,
    "cross_sectional_ic": -0.0345,
    "cross_sectional_ic_t": -2.63,
    "caveat": "The BOOK's t is 1.77 — it does not reach 1.96, let alone the 2.73 that Bonferroni over 8 examined features would want. Only the raw cross-sectional IC (t=-2.63) is nominally significant; discretising it into a 6-a-side book and charging turnover costs gives most of that back. Sharpe 7.24 is an annualisation artefact of a 40-day window, not a property of the strategy."
  },
  "sample_requirement": {
    "observed_sd_pct": 0.3313,
    "observed_edge_pct": 0.0336,
    "n_for_t196": 373,
    "days_to_n": 62
  },
  "booked_at_leverage": 1,
  "leverage_view": [
    {
      "leverage": 1,
      "equity": 1.027157,
      "total_net_pct": 2.72,
      "ann_pct": 106.4,
      "vol_pct": 15.5,
      "max_drawdown_pct": 1.3,
      "worst_period_pct": -1.1,
      "t_stat": 0.9136338934869439
    },
    {
      "leverage": 2,
      "equity": 1.054107,
      "total_net_pct": 5.41,
      "ann_pct": 315.7,
      "vol_pct": 31,
      "max_drawdown_pct": 2.6,
      "worst_period_pct": -2.2,
      "t_stat": 0.9136338934869439
    },
    {
      "leverage": 3,
      "equity": 1.080797,
      "total_net_pct": 8.08,
      "ann_pct": 717.2,
      "vol_pct": 46.5,
      "max_drawdown_pct": 3.9,
      "worst_period_pct": -3.3,
      "t_stat": 0.9136338934869439
    }
  ],
  "verdict": "ACCUMULATING",
  "live_exposure_usdt": 0,
  "latest": null,
  "rebalanced_this_cycle": 0,
  "skipped": "no unbooked closed periods (latest booked 2026-08-30T08:00:00.000Z)",
  "errors": []
}
{
  "generated_at": "2026-08-30T15:43:56.806Z",
  "lane": "v7_positioning_paper",
  "signal": "top_ratio - retail_ratio, cross-sectional rank, dollar-neutral",
  "k": 6,
  "symbols": 24,
  "periods_booked": 81,
  "equity": 1.025601,
  "realised": {
    "total_net_pct": 2.5601,
    "mean_net_pct": 0.0336,
    "mean_gross_pct": 0.0431,
    "mean_cost_pct": 0.0095,
    "ann_pct": 98.1,
    "vol_pct": 15.5,
    "sharpe": 6.33,
    "t_stat": 0.91
  },
  "backtest_expectation": {
    "source": "banked v5 ledger, 24 symbols x 242 periods (40.5 days)",
    "ann_pct": 85.3,
    "vol_pct": 11.8,
    "t_stat": 1.77,
    "cross_sectional_ic": -0.0345,
    "cross_sectional_ic_t": -2.63,
    "caveat": "The BOOK's t is 1.77 — it does not reach 1.96, let alone the 2.73 that Bonferroni over 8 examined features would want. Only the raw cross-sectional IC (t=-2.63) is nominally significant; discretising it into a 6-a-side book and charging turnover costs gives most of that back. Sharpe 7.24 is an annualisation artefact of a 40-day window, not a property of the strategy."
  },
  "sample_requirement": {
    "observed_sd_pct": 0.3313,
    "observed_edge_pct": 0.0336,
    "n_for_t196": 373,
    "days_to_n": 62
  },
  "booked_at_leverage": 1,
  "leverage_view": [
    {
      "leverage": 1,
      "equity": 1.027157,
      "total_net_pct": 2.72,
      "ann_pct": 106.4,
      "vol_pct": 15.5,
      "max_drawdown_pct": 1.3,
      "worst_period_pct": -1.1,
      "t_stat": 0.9136338934869439
    },
    {
      "leverage": 2,
      "equity": 1.054107,
      "total_net_pct": 5.41,
      "ann_pct": 315.7,
      "vol_pct": 31,
      "max_drawdown_pct": 2.6,
      "worst_period_pct": -2.2,
      "t_stat": 0.9136338934869439
    },
    {
      "leverage": 3,
      "equity": 1.080797,
      "total_net_pct": 8.08,
      "ann_pct": 717.2,
      "vol_pct": 46.5,
      "max_drawdown_pct": 3.9,
      "worst_period_pct": -3.3,
      "t_stat": 0.9136338934869439
    }
  ],
  "verdict": "ACCUMULATING",
  "live_exposure_usdt": 0,
  "latest": null,
  "rebalanced_this_cycle": 0,
  "skipped": "no unbooked closed periods (latest booked 2026-08-30T08:00:00.000Z)",
  "errors": []
}
{
  "generated_at": "2026-08-30T16:44:02.302Z",
  "lane": "v7_positioning_paper",
  "signal": "top_ratio - retail_ratio, cross-sectional rank, dollar-neutral",
  "k": 6,
  "symbols": 24,
  "periods_booked": 82,
  "equity": 1.029521,
  "realised": {
    "total_net_pct": 2.9521,
    "mean_net_pct": 0.0379,
    "mean_gross_pct": 0.0473,
    "mean_cost_pct": 0.0094,
    "ann_pct": 117.5,
    "vol_pct": 15.5,
    "sharpe": 7.57,
    "t_stat": 1.03
  },
  "backtest_expectation": {
    "source": "banked v5 ledger, 24 symbols x 242 periods (40.5 days)",
    "ann_pct": 85.3,
    "vol_pct": 11.8,
    "t_stat": 1.77,
    "cross_sectional_ic": -0.0345,
    "cross_sectional_ic_t": -2.63,
    "caveat": "The BOOK's t is 1.77 — it does not reach 1.96, let alone the 2.73 that Bonferroni over 8 examined features would want. Only the raw cross-sectional IC (t=-2.63) is nominally significant; discretising it into a 6-a-side book and charging turnover costs gives most of that back. Sharpe 7.24 is an annualisation artefact of a 40-day window, not a property of the strategy."
  },
  "sample_requirement": {
    "observed_sd_pct": 0.3315,
    "observed_edge_pct": 0.0379,
    "n_for_t196": 295,
    "days_to_n": 49
  },
  "booked_at_leverage": 1,
  "leverage_view": [
    {
      "leverage": 1,
      "equity": 1.031083,
      "total_net_pct": 3.11,
      "ann_pct": 126.5,
      "vol_pct": 15.5,
      "max_drawdown_pct": 1.3,
      "worst_period_pct": -1.1,
      "t_stat": 1.034845225467285
    },
    {
      "leverage": 2,
      "equity": 1.062165,
      "total_net_pct": 6.22,
      "ann_pct": 400.6,
      "vol_pct": 31,
      "max_drawdown_pct": 2.6,
      "worst_period_pct": -2.2,
      "t_stat": 1.034845225467285
    },
    {
      "leverage": 3,
      "equity": 1.093189,
      "total_net_pct": 9.32,
      "ann_pct": 980.1,
      "vol_pct": 46.5,
      "max_drawdown_pct": 3.9,
      "worst_period_pct": -3.3,
      "t_stat": 1.034845225467285
    }
  ],
  "verdict": "ACCUMULATING",
  "live_exposure_usdt": 0,
  "latest": {
    "ts": "2026-08-30T12:00:00.000Z",
    "longs": [
      "BNBUSDT",
      "ETHUSDT",
      "XRPUSDT",
      "SANDUSDT",
      "SUIUSDT",
      "SOLUSDT"
    ],
    "shorts": [
      "SEIUSDT",
      "ATOMUSDT",
      "TIAUSDT",
      "FILUSDT",
      "APTUSDT",
      "INJUSDT"
    ],
    "net_pct": 0.3822
  },
  "rebalanced_this_cycle": 1,
  "skipped": null,
  "errors": []
}
{
  "generated_at": "2026-08-30T17:44:06.295Z",
  "lane": "v7_positioning_paper",
  "signal": "top_ratio - retail_ratio, cross-sectional rank, dollar-neutral",
  "k": 6,
  "symbols": 24,
  "periods_booked": 82,
  "equity": 1.029521,
  "realised": {
    "total_net_pct": 2.9521,
    "mean_net_pct": 0.0379,
    "mean_gross_pct": 0.0473,
    "mean_cost_pct": 0.0094,
    "ann_pct": 117.5,
    "vol_pct": 15.5,
    "sharpe": 7.57,
    "t_stat": 1.03
  },
  "backtest_expectation": {
    "source": "banked v5 ledger, 24 symbols x 242 periods (40.5 days)",
    "ann_pct": 85.3,
    "vol_pct": 11.8,
    "t_stat": 1.77,
    "cross_sectional_ic": -0.0345,
    "cross_sectional_ic_t": -2.63,
    "caveat": "The BOOK's t is 1.77 — it does not reach 1.96, let alone the 2.73 that Bonferroni over 8 examined features would want. Only the raw cross-sectional IC (t=-2.63) is nominally significant; discretising it into a 6-a-side book and charging turnover costs gives most of that back. Sharpe 7.24 is an annualisation artefact of a 40-day window, not a property of the strategy."
  },
  "sample_requirement": {
    "observed_sd_pct": 0.3315,
    "observed_edge_pct": 0.0379,
    "n_for_t196": 295,
    "days_to_n": 49
  },
  "booked_at_leverage": 1,
  "leverage_view": [
    {
      "leverage": 1,
      "equity": 1.031083,
      "total_net_pct": 3.11,
      "ann_pct": 126.5,
      "vol_pct": 15.5,
      "max_drawdown_pct": 1.3,
      "worst_period_pct": -1.1,
      "t_stat": 1.034845225467285
    },
    {
      "leverage": 2,
      "equity": 1.062165,
      "total_net_pct": 6.22,
      "ann_pct": 400.6,
      "vol_pct": 31,
      "max_drawdown_pct": 2.6,
      "worst_period_pct": -2.2,
      "t_stat": 1.034845225467285
    },
    {
      "leverage": 3,
      "equity": 1.093189,
      "total_net_pct": 9.32,
      "ann_pct": 980.1,
      "vol_pct": 46.5,
      "max_drawdown_pct": 3.9,
      "worst_period_pct": -3.3,
      "t_stat": 1.034845225467285
    }
  ],
  "verdict": "ACCUMULATING",
  "live_exposure_usdt": 0,
  "latest": null,
  "rebalanced_this_cycle": 0,
  "skipped": "no unbooked closed periods (latest booked 2026-08-30T12:00:00.000Z)",
  "errors": []
}
{
  "generated_at": "2026-08-30T18:44:09.802Z",
  "lane": "v7_positioning_paper",
  "signal": "top_ratio - retail_ratio, cross-sectional rank, dollar-neutral",
  "k": 6,
  "symbols": 24,
  "periods_booked": 82,
  "equity": 1.029521,
  "realised": {
    "total_net_pct": 2.9521,
    "mean_net_pct": 0.0379,
    "mean_gross_pct": 0.0473,
    "mean_cost_pct": 0.0094,
    "ann_pct": 117.5,
    "vol_pct": 15.5,
    "sharpe": 7.57,
    "t_stat": 1.03
  },
  "backtest_expectation": {
    "source": "banked v5 ledger, 24 symbols x 242 periods (40.5 days)",
    "ann_pct": 85.3,
    "vol_pct": 11.8,
    "t_stat": 1.77,
    "cross_sectional_ic": -0.0345,
    "cross_sectional_ic_t": -2.63,
    "caveat": "The BOOK's t is 1.77 — it does not reach 1.96, let alone the 2.73 that Bonferroni over 8 examined features would want. Only the raw cross-sectional IC (t=-2.63) is nominally significant; discretising it into a 6-a-side book and charging turnover costs gives most of that back. Sharpe 7.24 is an annualisation artefact of a 40-day window, not a property of the strategy."
  },
  "sample_requirement": {
    "observed_sd_pct": 0.3315,
    "observed_edge_pct": 0.0379,
    "n_for_t196": 295,
    "days_to_n": 49
  },
  "booked_at_leverage": 1,
  "leverage_view": [
    {
      "leverage": 1,
      "equity": 1.031083,
      "total_net_pct": 3.11,
      "ann_pct": 126.5,
      "vol_pct": 15.5,
      "max_drawdown_pct": 1.3,
      "worst_period_pct": -1.1,
      "t_stat": 1.034845225467285
    },
    {
      "leverage": 2,
      "equity": 1.062165,
      "total_net_pct": 6.22,
      "ann_pct": 400.6,
      "vol_pct": 31,
      "max_drawdown_pct": 2.6,
      "worst_period_pct": -2.2,
      "t_stat": 1.034845225467285
    },
    {
      "leverage": 3,
      "equity": 1.093189,
      "total_net_pct": 9.32,
      "ann_pct": 980.1,
      "vol_pct": 46.5,
      "max_drawdown_pct": 3.9,
      "worst_period_pct": -3.3,
      "t_stat": 1.034845225467285
    }
  ],
  "verdict": "ACCUMULATING",
  "live_exposure_usdt": 0,
  "latest": null,
  "rebalanced_this_cycle": 0,
  "skipped": "no unbooked closed periods (latest booked 2026-08-30T12:00:00.000Z)",
  "errors": []
}
{
  "generated_at": "2026-08-30T19:44:13.558Z",
  "lane": "v7_positioning_paper",
  "signal": "top_ratio - retail_ratio, cross-sectional rank, dollar-neutral",
  "k": 6,
  "symbols": 24,
  "periods_booked": 82,
  "equity": 1.029521,
  "realised": {
    "total_net_pct": 2.9521,
    "mean_net_pct": 0.0379,
    "mean_gross_pct": 0.0473,
    "mean_cost_pct": 0.0094,
    "ann_pct": 117.5,
    "vol_pct": 15.5,
    "sharpe": 7.57,
    "t_stat": 1.03
  },
  "backtest_expectation": {
    "source": "banked v5 ledger, 24 symbols x 242 periods (40.5 days)",
    "ann_pct": 85.3,
    "vol_pct": 11.8,
    "t_stat": 1.77,
    "cross_sectional_ic": -0.0345,
    "cross_sectional_ic_t": -2.63,
    "caveat": "The BOOK's t is 1.77 — it does not reach 1.96, let alone the 2.73 that Bonferroni over 8 examined features would want. Only the raw cross-sectional IC (t=-2.63) is nominally significant; discretising it into a 6-a-side book and charging turnover costs gives most of that back. Sharpe 7.24 is an annualisation artefact of a 40-day window, not a property of the strategy."
  },
  "sample_requirement": {
    "observed_sd_pct": 0.3315,
    "observed_edge_pct": 0.0379,
    "n_for_t196": 295,
    "days_to_n": 49
  },
  "booked_at_leverage": 1,
  "leverage_view": [
    {
      "leverage": 1,
      "equity": 1.031083,
      "total_net_pct": 3.11,
      "ann_pct": 126.5,
      "vol_pct": 15.5,
      "max_drawdown_pct": 1.3,
      "worst_period_pct": -1.1,
      "t_stat": 1.034845225467285
    },
    {
      "leverage": 2,
      "equity": 1.062165,
      "total_net_pct": 6.22,
      "ann_pct": 400.6,
      "vol_pct": 31,
      "max_drawdown_pct": 2.6,
      "worst_period_pct": -2.2,
      "t_stat": 1.034845225467285
    },
    {
      "leverage": 3,
      "equity": 1.093189,
      "total_net_pct": 9.32,
      "ann_pct": 980.1,
      "vol_pct": 46.5,
      "max_drawdown_pct": 3.9,
      "worst_period_pct": -3.3,
      "t_stat": 1.034845225467285
    }
  ],
  "verdict": "ACCUMULATING",
  "live_exposure_usdt": 0,
  "latest": null,
  "rebalanced_this_cycle": 0,
  "skipped": "no unbooked closed periods (latest booked 2026-08-30T12:00:00.000Z)",
  "errors": []
}
{
  "generated_at": "2026-08-30T20:44:16.982Z",
  "lane": "v7_positioning_paper",
  "signal": "top_ratio - retail_ratio, cross-sectional rank, dollar-neutral",
  "k": 6,
  "symbols": 24,
  "periods_booked": 83,
  "equity": 1.029607,
  "realised": {
    "total_net_pct": 2.9607,
    "mean_net_pct": 0.0375,
    "mean_gross_pct": 0.0468,
    "mean_cost_pct": 0.0093,
    "ann_pct": 115.9,
    "vol_pct": 15.4,
    "sharpe": 7.52,
    "t_stat": 1.04
  },
  "backtest_expectation": {
    "source": "banked v5 ledger, 24 symbols x 242 periods (40.5 days)",
    "ann_pct": 85.3,
    "vol_pct": 11.8,
    "t_stat": 1.77,
    "cross_sectional_ic": -0.0345,
    "cross_sectional_ic_t": -2.63,
    "caveat": "The BOOK's t is 1.77 — it does not reach 1.96, let alone the 2.73 that Bonferroni over 8 examined features would want. Only the raw cross-sectional IC (t=-2.63) is nominally significant; discretising it into a 6-a-side book and charging turnover costs gives most of that back. Sharpe 7.24 is an annualisation artefact of a 40-day window, not a property of the strategy."
  },
  "sample_requirement": {
    "observed_sd_pct": 0.3295,
    "observed_edge_pct": 0.0375,
    "n_for_t196": 297,
    "days_to_n": 50
  },
  "booked_at_leverage": 1,
  "leverage_view": [
    {
      "leverage": 1,
      "equity": 1.03117,
      "total_net_pct": 3.12,
      "ann_pct": 124.8,
      "vol_pct": 15.4,
      "max_drawdown_pct": 1.3,
      "worst_period_pct": -1.1,
      "t_stat": 1.0375939206045004
    },
    {
      "leverage": 2,
      "equity": 1.062343,
      "total_net_pct": 6.23,
      "ann_pct": 393.2,
      "vol_pct": 30.8,
      "max_drawdown_pct": 2.6,
      "worst_period_pct": -2.2,
      "t_stat": 1.0375939206045004
    },
    {
      "leverage": 3,
      "equity": 1.093464,
      "total_net_pct": 9.35,
      "ann_pct": 956.5,
      "vol_pct": 46.3,
      "max_drawdown_pct": 3.9,
      "worst_period_pct": -3.3,
      "t_stat": 1.0375939206045004
    }
  ],
  "verdict": "ACCUMULATING",
  "live_exposure_usdt": 0,
  "latest": {
    "ts": "2026-08-30T16:00:00.000Z",
    "longs": [
      "BNBUSDT",
      "ETHUSDT",
      "XRPUSDT",
      "SANDUSDT",
      "SUIUSDT",
      "SOLUSDT"
    ],
    "shorts": [
      "SEIUSDT",
      "ATOMUSDT",
      "TIAUSDT",
      "FILUSDT",
      "APTUSDT",
      "INJUSDT"
    ],
    "net_pct": 0.0084
  },
  "rebalanced_this_cycle": 1,
  "skipped": null,
  "errors": []
}
{
  "generated_at": "2026-08-30T21:44:20.372Z",
  "lane": "v7_positioning_paper",
  "signal": "top_ratio - retail_ratio, cross-sectional rank, dollar-neutral",
  "k": 6,
  "symbols": 24,
  "periods_booked": 83,
  "equity": 1.029607,
  "realised": {
    "total_net_pct": 2.9607,
    "mean_net_pct": 0.0375,
    "mean_gross_pct": 0.0468,
    "mean_cost_pct": 0.0093,
    "ann_pct": 115.9,
    "vol_pct": 15.4,
    "sharpe": 7.52,
    "t_stat": 1.04
  },
  "backtest_expectation": {
    "source": "banked v5 ledger, 24 symbols x 242 periods (40.5 days)",
    "ann_pct": 85.3,
    "vol_pct": 11.8,
    "t_stat": 1.77,
    "cross_sectional_ic": -0.0345,
    "cross_sectional_ic_t": -2.63,
    "caveat": "The BOOK's t is 1.77 — it does not reach 1.96, let alone the 2.73 that Bonferroni over 8 examined features would want. Only the raw cross-sectional IC (t=-2.63) is nominally significant; discretising it into a 6-a-side book and charging turnover costs gives most of that back. Sharpe 7.24 is an annualisation artefact of a 40-day window, not a property of the strategy."
  },
  "sample_requirement": {
    "observed_sd_pct": 0.3295,
    "observed_edge_pct": 0.0375,
    "n_for_t196": 297,
    "days_to_n": 50
  },
  "booked_at_leverage": 1,
  "leverage_view": [
    {
      "leverage": 1,
      "equity": 1.03117,
      "total_net_pct": 3.12,
      "ann_pct": 124.8,
      "vol_pct": 15.4,
      "max_drawdown_pct": 1.3,
      "worst_period_pct": -1.1,
      "t_stat": 1.0375939206045004
    },
    {
      "leverage": 2,
      "equity": 1.062343,
      "total_net_pct": 6.23,
      "ann_pct": 393.2,
      "vol_pct": 30.8,
      "max_drawdown_pct": 2.6,
      "worst_period_pct": -2.2,
      "t_stat": 1.0375939206045004
    },
    {
      "leverage": 3,
      "equity": 1.093464,
      "total_net_pct": 9.35,
      "ann_pct": 956.5,
      "vol_pct": 46.3,
      "max_drawdown_pct": 3.9,
      "worst_period_pct": -3.3,
      "t_stat": 1.0375939206045004
    }
  ],
  "verdict": "ACCUMULATING",
  "live_exposure_usdt": 0,
  "latest": null,
  "rebalanced_this_cycle": 0,
  "skipped": "no unbooked closed periods (latest booked 2026-08-30T16:00:00.000Z)",
  "errors": []
}
{
  "generated_at": "2026-08-30T22:44:23.872Z",
  "lane": "v7_positioning_paper",
  "signal": "top_ratio - retail_ratio, cross-sectional rank, dollar-neutral",
  "k": 6,
  "symbols": 24,
  "periods_booked": 83,
  "equity": 1.029607,
  "realised": {
    "total_net_pct": 2.9607,
    "mean_net_pct": 0.0375,
    "mean_gross_pct": 0.0468,
    "mean_cost_pct": 0.0093,
    "ann_pct": 115.9,
    "vol_pct": 15.4,
    "sharpe": 7.52,
    "t_stat": 1.04
  },
  "backtest_expectation": {
    "source": "banked v5 ledger, 24 symbols x 242 periods (40.5 days)",
    "ann_pct": 85.3,
    "vol_pct": 11.8,
    "t_stat": 1.77,
    "cross_sectional_ic": -0.0345,
    "cross_sectional_ic_t": -2.63,
    "caveat": "The BOOK's t is 1.77 — it does not reach 1.96, let alone the 2.73 that Bonferroni over 8 examined features would want. Only the raw cross-sectional IC (t=-2.63) is nominally significant; discretising it into a 6-a-side book and charging turnover costs gives most of that back. Sharpe 7.24 is an annualisation artefact of a 40-day window, not a property of the strategy."
  },
  "sample_requirement": {
    "observed_sd_pct": 0.3295,
    "observed_edge_pct": 0.0375,
    "n_for_t196": 297,
    "days_to_n": 50
  },
  "booked_at_leverage": 1,
  "leverage_view": [
    {
      "leverage": 1,
      "equity": 1.03117,
      "total_net_pct": 3.12,
      "ann_pct": 124.8,
      "vol_pct": 15.4,
      "max_drawdown_pct": 1.3,
      "worst_period_pct": -1.1,
      "t_stat": 1.0375939206045004
    },
    {
      "leverage": 2,
      "equity": 1.062343,
      "total_net_pct": 6.23,
      "ann_pct": 393.2,
      "vol_pct": 30.8,
      "max_drawdown_pct": 2.6,
      "worst_period_pct": -2.2,
      "t_stat": 1.0375939206045004
    },
    {
      "leverage": 3,
      "equity": 1.093464,
      "total_net_pct": 9.35,
      "ann_pct": 956.5,
      "vol_pct": 46.3,
      "max_drawdown_pct": 3.9,
      "worst_period_pct": -3.3,
      "t_stat": 1.0375939206045004
    }
  ],
  "verdict": "ACCUMULATING",
  "live_exposure_usdt": 0,
  "latest": null,
  "rebalanced_this_cycle": 0,
  "skipped": "no unbooked closed periods (latest booked 2026-08-30T16:00:00.000Z)",
  "errors": []
}
{
  "generated_at": "2026-08-30T23:44:27.240Z",
  "lane": "v7_positioning_paper",
  "signal": "top_ratio - retail_ratio, cross-sectional rank, dollar-neutral",
  "k": 6,
  "symbols": 24,
  "periods_booked": 83,
  "equity": 1.029607,
  "realised": {
    "total_net_pct": 2.9607,
    "mean_net_pct": 0.0375,
    "mean_gross_pct": 0.0468,
    "mean_cost_pct": 0.0093,
    "ann_pct": 115.9,
    "vol_pct": 15.4,
    "sharpe": 7.52,
    "t_stat": 1.04
  },
  "backtest_expectation": {
    "source": "banked v5 ledger, 24 symbols x 242 periods (40.5 days)",
    "ann_pct": 85.3,
    "vol_pct": 11.8,
    "t_stat": 1.77,
    "cross_sectional_ic": -0.0345,
    "cross_sectional_ic_t": -2.63,
    "caveat": "The BOOK's t is 1.77 — it does not reach 1.96, let alone the 2.73 that Bonferroni over 8 examined features would want. Only the raw cross-sectional IC (t=-2.63) is nominally significant; discretising it into a 6-a-side book and charging turnover costs gives most of that back. Sharpe 7.24 is an annualisation artefact of a 40-day window, not a property of the strategy."
  },
  "sample_requirement": {
    "observed_sd_pct": 0.3295,
    "observed_edge_pct": 0.0375,
    "n_for_t196": 297,
    "days_to_n": 50
  },
  "booked_at_leverage": 1,
  "leverage_view": [
    {
      "leverage": 1,
      "equity": 1.03117,
      "total_net_pct": 3.12,
      "ann_pct": 124.8,
      "vol_pct": 15.4,
      "max_drawdown_pct": 1.3,
      "worst_period_pct": -1.1,
      "t_stat": 1.0375939206045004
    },
    {
      "leverage": 2,
      "equity": 1.062343,
      "total_net_pct": 6.23,
      "ann_pct": 393.2,
      "vol_pct": 30.8,
      "max_drawdown_pct": 2.6,
      "worst_period_pct": -2.2,
      "t_stat": 1.0375939206045004
    },
    {
      "leverage": 3,
      "equity": 1.093464,
      "total_net_pct": 9.35,
      "ann_pct": 956.5,
      "vol_pct": 46.3,
      "max_drawdown_pct": 3.9,
      "worst_period_pct": -3.3,
      "t_stat": 1.0375939206045004
    }
  ],
  "verdict": "ACCUMULATING",
  "live_exposure_usdt": 0,
  "latest": null,
  "rebalanced_this_cycle": 0,
  "skipped": "no unbooked closed periods (latest booked 2026-08-30T16:00:00.000Z)",
  "errors": []
}
{
  "generated_at": "2026-08-31T00:44:31.163Z",
  "lane": "v7_positioning_paper",
  "signal": "top_ratio - retail_ratio, cross-sectional rank, dollar-neutral",
  "k": 6,
  "symbols": 24,
  "periods_booked": 84,
  "equity": 1.031355,
  "realised": {
    "total_net_pct": 3.1355,
    "mean_net_pct": 0.0391,
    "mean_gross_pct": 0.0483,
    "mean_cost_pct": 0.0092,
    "ann_pct": 123.7,
    "vol_pct": 15.3,
    "sharpe": 8.06,
    "t_stat": 1.09
  },
  "backtest_expectation": {
    "source": "banked v5 ledger, 24 symbols x 242 periods (40.5 days)",
    "ann_pct": 85.3,
    "vol_pct": 11.8,
    "t_stat": 1.77,
    "cross_sectional_ic": -0.0345,
    "cross_sectional_ic_t": -2.63,
    "caveat": "The BOOK's t is 1.77 — it does not reach 1.96, let alone the 2.73 that Bonferroni over 8 examined features would want. Only the raw cross-sectional IC (t=-2.63) is nominally significant; discretising it into a 6-a-side book and charging turnover costs gives most of that back. Sharpe 7.24 is an annualisation artefact of a 40-day window, not a property of the strategy."
  },
  "sample_requirement": {
    "observed_sd_pct": 0.3279,
    "observed_edge_pct": 0.0391,
    "n_for_t196": 271,
    "days_to_n": 45
  },
  "booked_at_leverage": 1,
  "leverage_view": [
    {
      "leverage": 1,
      "equity": 1.032921,
      "total_net_pct": 3.29,
      "ann_pct": 132.7,
      "vol_pct": 15.3,
      "max_drawdown_pct": 1.3,
      "worst_period_pct": -1.1,
      "t_stat": 1.0931058024292344
    },
    {
      "leverage": 2,
      "equity": 1.065951,
      "total_net_pct": 6.6,
      "ann_pct": 428.6,
      "vol_pct": 30.7,
      "max_drawdown_pct": 2.6,
      "worst_period_pct": -2.2,
      "t_stat": 1.0931058024292344
    },
    {
      "leverage": 3,
      "equity": 1.099035,
      "total_net_pct": 9.9,
      "ann_pct": 1072.8,
      "vol_pct": 46,
      "max_drawdown_pct": 3.9,
      "worst_period_pct": -3.3,
      "t_stat": 1.0931058024292344
    }
  ],
  "verdict": "ACCUMULATING",
  "live_exposure_usdt": 0,
  "latest": {
    "ts": "2026-08-30T20:00:00.000Z",
    "longs": [
      "BNBUSDT",
      "ETHUSDT",
      "XRPUSDT",
      "SANDUSDT",
      "SUIUSDT",
      "SOLUSDT"
    ],
    "shorts": [
      "SEIUSDT",
      "ATOMUSDT",
      "TIAUSDT",
      "FILUSDT",
      "APTUSDT",
      "INJUSDT"
    ],
    "net_pct": 0.1698
  },
  "rebalanced_this_cycle": 1,
  "skipped": null,
  "errors": []
}
{
  "generated_at": "2026-08-31T01:44:34.610Z",
  "lane": "v7_positioning_paper",
  "signal": "top_ratio - retail_ratio, cross-sectional rank, dollar-neutral",
  "k": 6,
  "symbols": 24,
  "periods_booked": 84,
  "equity": 1.031355,
  "realised": {
    "total_net_pct": 3.1355,
    "mean_net_pct": 0.0391,
    "mean_gross_pct": 0.0483,
    "mean_cost_pct": 0.0092,
    "ann_pct": 123.7,
    "vol_pct": 15.3,
    "sharpe": 8.06,
    "t_stat": 1.09
  },
  "backtest_expectation": {
    "source": "banked v5 ledger, 24 symbols x 242 periods (40.5 days)",
    "ann_pct": 85.3,
    "vol_pct": 11.8,
    "t_stat": 1.77,
    "cross_sectional_ic": -0.0345,
    "cross_sectional_ic_t": -2.63,
    "caveat": "The BOOK's t is 1.77 — it does not reach 1.96, let alone the 2.73 that Bonferroni over 8 examined features would want. Only the raw cross-sectional IC (t=-2.63) is nominally significant; discretising it into a 6-a-side book and charging turnover costs gives most of that back. Sharpe 7.24 is an annualisation artefact of a 40-day window, not a property of the strategy."
  },
  "sample_requirement": {
    "observed_sd_pct": 0.3279,
    "observed_edge_pct": 0.0391,
    "n_for_t196": 271,
    "days_to_n": 45
  },
  "booked_at_leverage": 1,
  "leverage_view": [
    {
      "leverage": 1,
      "equity": 1.032921,
      "total_net_pct": 3.29,
      "ann_pct": 132.7,
      "vol_pct": 15.3,
      "max_drawdown_pct": 1.3,
      "worst_period_pct": -1.1,
      "t_stat": 1.0931058024292344
    },
    {
      "leverage": 2,
      "equity": 1.065951,
      "total_net_pct": 6.6,
      "ann_pct": 428.6,
      "vol_pct": 30.7,
      "max_drawdown_pct": 2.6,
      "worst_period_pct": -2.2,
      "t_stat": 1.0931058024292344
    },
    {
      "leverage": 3,
      "equity": 1.099035,
      "total_net_pct": 9.9,
      "ann_pct": 1072.8,
      "vol_pct": 46,
      "max_drawdown_pct": 3.9,
      "worst_period_pct": -3.3,
      "t_stat": 1.0931058024292344
    }
  ],
  "verdict": "ACCUMULATING",
  "live_exposure_usdt": 0,
  "latest": null,
  "rebalanced_this_cycle": 0,
  "skipped": "no unbooked closed periods (latest booked 2026-08-30T20:00:00.000Z)",
  "errors": []
}
{
  "generated_at": "2026-08-31T02:44:38.366Z",
  "lane": "v7_positioning_paper",
  "signal": "top_ratio - retail_ratio, cross-sectional rank, dollar-neutral",
  "k": 6,
  "symbols": 24,
  "periods_booked": 84,
  "equity": 1.031355,
  "realised": {
    "total_net_pct": 3.1355,
    "mean_net_pct": 0.0391,
    "mean_gross_pct": 0.0483,
    "mean_cost_pct": 0.0092,
    "ann_pct": 123.7,
    "vol_pct": 15.3,
    "sharpe": 8.06,
    "t_stat": 1.09
  },
  "backtest_expectation": {
    "source": "banked v5 ledger, 24 symbols x 242 periods (40.5 days)",
    "ann_pct": 85.3,
    "vol_pct": 11.8,
    "t_stat": 1.77,
    "cross_sectional_ic": -0.0345,
    "cross_sectional_ic_t": -2.63,
    "caveat": "The BOOK's t is 1.77 — it does not reach 1.96, let alone the 2.73 that Bonferroni over 8 examined features would want. Only the raw cross-sectional IC (t=-2.63) is nominally significant; discretising it into a 6-a-side book and charging turnover costs gives most of that back. Sharpe 7.24 is an annualisation artefact of a 40-day window, not a property of the strategy."
  },
  "sample_requirement": {
    "observed_sd_pct": 0.3279,
    "observed_edge_pct": 0.0391,
    "n_for_t196": 271,
    "days_to_n": 45
  },
  "booked_at_leverage": 1,
  "leverage_view": [
    {
      "leverage": 1,
      "equity": 1.032921,
      "total_net_pct": 3.29,
      "ann_pct": 132.7,
      "vol_pct": 15.3,
      "max_drawdown_pct": 1.3,
      "worst_period_pct": -1.1,
      "t_stat": 1.0931058024292344
    },
    {
      "leverage": 2,
      "equity": 1.065951,
      "total_net_pct": 6.6,
      "ann_pct": 428.6,
      "vol_pct": 30.7,
      "max_drawdown_pct": 2.6,
      "worst_period_pct": -2.2,
      "t_stat": 1.0931058024292344
    },
    {
      "leverage": 3,
      "equity": 1.099035,
      "total_net_pct": 9.9,
      "ann_pct": 1072.8,
      "vol_pct": 46,
      "max_drawdown_pct": 3.9,
      "worst_period_pct": -3.3,
      "t_stat": 1.0931058024292344
    }
  ],
  "verdict": "ACCUMULATING",
  "live_exposure_usdt": 0,
  "latest": null,
  "rebalanced_this_cycle": 0,
  "skipped": "no unbooked closed periods (latest booked 2026-08-30T20:00:00.000Z)",
  "errors": []
}
{
  "generated_at": "2026-08-31T03:44:41.739Z",
  "lane": "v7_positioning_paper",
  "signal": "top_ratio - retail_ratio, cross-sectional rank, dollar-neutral",
  "k": 6,
  "symbols": 24,
  "periods_booked": 84,
  "equity": 1.031355,
  "realised": {
    "total_net_pct": 3.1355,
    "mean_net_pct": 0.0391,
    "mean_gross_pct": 0.0483,
    "mean_cost_pct": 0.0092,
    "ann_pct": 123.7,
    "vol_pct": 15.3,
    "sharpe": 8.06,
    "t_stat": 1.09
  },
  "backtest_expectation": {
    "source": "banked v5 ledger, 24 symbols x 242 periods (40.5 days)",
    "ann_pct": 85.3,
    "vol_pct": 11.8,
    "t_stat": 1.77,
    "cross_sectional_ic": -0.0345,
    "cross_sectional_ic_t": -2.63,
    "caveat": "The BOOK's t is 1.77 — it does not reach 1.96, let alone the 2.73 that Bonferroni over 8 examined features would want. Only the raw cross-sectional IC (t=-2.63) is nominally significant; discretising it into a 6-a-side book and charging turnover costs gives most of that back. Sharpe 7.24 is an annualisation artefact of a 40-day window, not a property of the strategy."
  },
  "sample_requirement": {
    "observed_sd_pct": 0.3279,
    "observed_edge_pct": 0.0391,
    "n_for_t196": 271,
    "days_to_n": 45
  },
  "booked_at_leverage": 1,
  "leverage_view": [
    {
      "leverage": 1,
      "equity": 1.032921,
      "total_net_pct": 3.29,
      "ann_pct": 132.7,
      "vol_pct": 15.3,
      "max_drawdown_pct": 1.3,
      "worst_period_pct": -1.1,
      "t_stat": 1.0931058024292344
    },
    {
      "leverage": 2,
      "equity": 1.065951,
      "total_net_pct": 6.6,
      "ann_pct": 428.6,
      "vol_pct": 30.7,
      "max_drawdown_pct": 2.6,
      "worst_period_pct": -2.2,
      "t_stat": 1.0931058024292344
    },
    {
      "leverage": 3,
      "equity": 1.099035,
      "total_net_pct": 9.9,
      "ann_pct": 1072.8,
      "vol_pct": 46,
      "max_drawdown_pct": 3.9,
      "worst_period_pct": -3.3,
      "t_stat": 1.0931058024292344
    }
  ],
  "verdict": "ACCUMULATING",
  "live_exposure_usdt": 0,
  "latest": null,
  "rebalanced_this_cycle": 0,
  "skipped": "no unbooked closed periods (latest booked 2026-08-30T20:00:00.000Z)",
  "errors": []
}
{
  "generated_at": "2026-08-31T04:44:45.393Z",
  "lane": "v7_positioning_paper",
  "signal": "top_ratio - retail_ratio, cross-sectional rank, dollar-neutral",
  "k": 6,
  "symbols": 24,
  "periods_booked": 85,
  "equity": 1.029213,
  "realised": {
    "total_net_pct": 2.9213,
    "mean_net_pct": 0.0362,
    "mean_gross_pct": 0.0453,
    "mean_cost_pct": 0.0091,
    "ann_pct": 110,
    "vol_pct": 15.3,
    "sharpe": 7.19,
    "t_stat": 1.02
  },
  "backtest_expectation": {
    "source": "banked v5 ledger, 24 symbols x 242 periods (40.5 days)",
    "ann_pct": 85.3,
    "vol_pct": 11.8,
    "t_stat": 1.77,
    "cross_sectional_ic": -0.0345,
    "cross_sectional_ic_t": -2.63,
    "caveat": "The BOOK's t is 1.77 — it does not reach 1.96, let alone the 2.73 that Bonferroni over 8 examined features would want. Only the raw cross-sectional IC (t=-2.63) is nominally significant; discretising it into a 6-a-side book and charging turnover costs gives most of that back. Sharpe 7.24 is an annualisation artefact of a 40-day window, not a property of the strategy."
  },
  "sample_requirement": {
    "observed_sd_pct": 0.327,
    "observed_edge_pct": 0.0362,
    "n_for_t196": 314,
    "days_to_n": 52
  },
  "booked_at_leverage": 1,
  "leverage_view": [
    {
      "leverage": 1,
      "equity": 1.030775,
      "total_net_pct": 3.08,
      "ann_pct": 118.4,
      "vol_pct": 15.3,
      "max_drawdown_pct": 1.3,
      "worst_period_pct": -1.1,
      "t_stat": 1.0205919744226897
    },
    {
      "leverage": 2,
      "equity": 1.061523,
      "total_net_pct": 6.15,
      "ann_pct": 365.7,
      "vol_pct": 30.6,
      "max_drawdown_pct": 2.6,
      "worst_period_pct": -2.2,
      "t_stat": 1.0205919744226897
    },
    {
      "leverage": 3,
      "equity": 1.092187,
      "total_net_pct": 9.22,
      "ann_pct": 869.9,
      "vol_pct": 45.9,
      "max_drawdown_pct": 3.9,
      "worst_period_pct": -3.3,
      "t_stat": 1.0205919744226897
    }
  ],
  "verdict": "ACCUMULATING",
  "live_exposure_usdt": 0,
  "latest": {
    "ts": "2026-08-31T00:00:00.000Z",
    "longs": [
      "ETHUSDT",
      "BNBUSDT",
      "XRPUSDT",
      "SANDUSDT",
      "SUIUSDT",
      "SOLUSDT"
    ],
    "shorts": [
      "SEIUSDT",
      "TIAUSDT",
      "ATOMUSDT",
      "FILUSDT",
      "APTUSDT",
      "INJUSDT"
    ],
    "net_pct": -0.2077
  },
  "rebalanced_this_cycle": 1,
  "skipped": null,
  "errors": []
}
{
  "generated_at": "2026-08-31T05:44:49.011Z",
  "lane": "v7_positioning_paper",
  "signal": "top_ratio - retail_ratio, cross-sectional rank, dollar-neutral",
  "k": 6,
  "symbols": 24,
  "periods_booked": 85,
  "equity": 1.029213,
  "realised": {
    "total_net_pct": 2.9213,
    "mean_net_pct": 0.0362,
    "mean_gross_pct": 0.0453,
    "mean_cost_pct": 0.0091,
    "ann_pct": 110,
    "vol_pct": 15.3,
    "sharpe": 7.19,
    "t_stat": 1.02
  },
  "backtest_expectation": {
    "source": "banked v5 ledger, 24 symbols x 242 periods (40.5 days)",
    "ann_pct": 85.3,
    "vol_pct": 11.8,
    "t_stat": 1.77,
    "cross_sectional_ic": -0.0345,
    "cross_sectional_ic_t": -2.63,
    "caveat": "The BOOK's t is 1.77 — it does not reach 1.96, let alone the 2.73 that Bonferroni over 8 examined features would want. Only the raw cross-sectional IC (t=-2.63) is nominally significant; discretising it into a 6-a-side book and charging turnover costs gives most of that back. Sharpe 7.24 is an annualisation artefact of a 40-day window, not a property of the strategy."
  },
  "sample_requirement": {
    "observed_sd_pct": 0.327,
    "observed_edge_pct": 0.0362,
    "n_for_t196": 314,
    "days_to_n": 52
  },
  "booked_at_leverage": 1,
  "leverage_view": [
    {
      "leverage": 1,
      "equity": 1.030775,
      "total_net_pct": 3.08,
      "ann_pct": 118.4,
      "vol_pct": 15.3,
      "max_drawdown_pct": 1.3,
      "worst_period_pct": -1.1,
      "t_stat": 1.0205919744226897
    },
    {
      "leverage": 2,
      "equity": 1.061523,
      "total_net_pct": 6.15,
      "ann_pct": 365.7,
      "vol_pct": 30.6,
      "max_drawdown_pct": 2.6,
      "worst_period_pct": -2.2,
      "t_stat": 1.0205919744226897
    },
    {
      "leverage": 3,
      "equity": 1.092187,
      "total_net_pct": 9.22,
      "ann_pct": 869.9,
      "vol_pct": 45.9,
      "max_drawdown_pct": 3.9,
      "worst_period_pct": -3.3,
      "t_stat": 1.0205919744226897
    }
  ],
  "verdict": "ACCUMULATING",
  "live_exposure_usdt": 0,
  "latest": null,
  "rebalanced_this_cycle": 0,
  "skipped": "no unbooked closed periods (latest booked 2026-08-31T00:00:00.000Z)",
  "errors": []
}
{
  "generated_at": "2026-08-31T06:44:52.633Z",
  "lane": "v7_positioning_paper",
  "signal": "top_ratio - retail_ratio, cross-sectional rank, dollar-neutral",
  "k": 6,
  "symbols": 24,
  "periods_booked": 85,
  "equity": 1.029213,
  "realised": {
    "total_net_pct": 2.9213,
    "mean_net_pct": 0.0362,
    "mean_gross_pct": 0.0453,
    "mean_cost_pct": 0.0091,
    "ann_pct": 110,
    "vol_pct": 15.3,
    "sharpe": 7.19,
    "t_stat": 1.02
  },
  "backtest_expectation": {
    "source": "banked v5 ledger, 24 symbols x 242 periods (40.5 days)",
    "ann_pct": 85.3,
    "vol_pct": 11.8,
    "t_stat": 1.77,
    "cross_sectional_ic": -0.0345,
    "cross_sectional_ic_t": -2.63,
    "caveat": "The BOOK's t is 1.77 — it does not reach 1.96, let alone the 2.73 that Bonferroni over 8 examined features would want. Only the raw cross-sectional IC (t=-2.63) is nominally significant; discretising it into a 6-a-side book and charging turnover costs gives most of that back. Sharpe 7.24 is an annualisation artefact of a 40-day window, not a property of the strategy."
  },
  "sample_requirement": {
    "observed_sd_pct": 0.327,
    "observed_edge_pct": 0.0362,
    "n_for_t196": 314,
    "days_to_n": 52
  },
  "booked_at_leverage": 1,
  "leverage_view": [
    {
      "leverage": 1,
      "equity": 1.030775,
      "total_net_pct": 3.08,
      "ann_pct": 118.4,
      "vol_pct": 15.3,
      "max_drawdown_pct": 1.3,
      "worst_period_pct": -1.1,
      "t_stat": 1.0205919744226897
    },
    {
      "leverage": 2,
      "equity": 1.061523,
      "total_net_pct": 6.15,
      "ann_pct": 365.7,
      "vol_pct": 30.6,
      "max_drawdown_pct": 2.6,
      "worst_period_pct": -2.2,
      "t_stat": 1.0205919744226897
    },
    {
      "leverage": 3,
      "equity": 1.092187,
      "total_net_pct": 9.22,
      "ann_pct": 869.9,
      "vol_pct": 45.9,
      "max_drawdown_pct": 3.9,
      "worst_period_pct": -3.3,
      "t_stat": 1.0205919744226897
    }
  ],
  "verdict": "ACCUMULATING",
  "live_exposure_usdt": 0,
  "latest": null,
  "rebalanced_this_cycle": 0,
  "skipped": "no unbooked closed periods (latest booked 2026-08-31T00:00:00.000Z)",
  "errors": []
}
{
  "generated_at": "2026-08-31T07:44:56.178Z",
  "lane": "v7_positioning_paper",
  "signal": "top_ratio - retail_ratio, cross-sectional rank, dollar-neutral",
  "k": 6,
  "symbols": 24,
  "periods_booked": 85,
  "equity": 1.029213,
  "realised": {
    "total_net_pct": 2.9213,
    "mean_net_pct": 0.0362,
    "mean_gross_pct": 0.0453,
    "mean_cost_pct": 0.0091,
    "ann_pct": 110,
    "vol_pct": 15.3,
    "sharpe": 7.19,
    "t_stat": 1.02
  },
  "backtest_expectation": {
    "source": "banked v5 ledger, 24 symbols x 242 periods (40.5 days)",
    "ann_pct": 85.3,
    "vol_pct": 11.8,
    "t_stat": 1.77,
    "cross_sectional_ic": -0.0345,
    "cross_sectional_ic_t": -2.63,
    "caveat": "The BOOK's t is 1.77 — it does not reach 1.96, let alone the 2.73 that Bonferroni over 8 examined features would want. Only the raw cross-sectional IC (t=-2.63) is nominally significant; discretising it into a 6-a-side book and charging turnover costs gives most of that back. Sharpe 7.24 is an annualisation artefact of a 40-day window, not a property of the strategy."
  },
  "sample_requirement": {
    "observed_sd_pct": 0.327,
    "observed_edge_pct": 0.0362,
    "n_for_t196": 314,
    "days_to_n": 52
  },
  "booked_at_leverage": 1,
  "leverage_view": [
    {
      "leverage": 1,
      "equity": 1.030775,
      "total_net_pct": 3.08,
      "ann_pct": 118.4,
      "vol_pct": 15.3,
      "max_drawdown_pct": 1.3,
      "worst_period_pct": -1.1,
      "t_stat": 1.0205919744226897
    },
    {
      "leverage": 2,
      "equity": 1.061523,
      "total_net_pct": 6.15,
      "ann_pct": 365.7,
      "vol_pct": 30.6,
      "max_drawdown_pct": 2.6,
      "worst_period_pct": -2.2,
      "t_stat": 1.0205919744226897
    },
    {
      "leverage": 3,
      "equity": 1.092187,
      "total_net_pct": 9.22,
      "ann_pct": 869.9,
      "vol_pct": 45.9,
      "max_drawdown_pct": 3.9,
      "worst_period_pct": -3.3,
      "t_stat": 1.0205919744226897
    }
  ],
  "verdict": "ACCUMULATING",
  "live_exposure_usdt": 0,
  "latest": null,
  "rebalanced_this_cycle": 0,
  "skipped": "no unbooked closed periods (latest booked 2026-08-31T00:00:00.000Z)",
  "errors": []
}
{
  "generated_at": "2026-08-31T08:44:59.584Z",
  "lane": "v7_positioning_paper",
  "signal": "top_ratio - retail_ratio, cross-sectional rank, dollar-neutral",
  "k": 6,
  "symbols": 24,
  "periods_booked": 86,
  "equity": 1.026542,
  "realised": {
    "total_net_pct": 2.6542,
    "mean_net_pct": 0.0328,
    "mean_gross_pct": 0.0419,
    "mean_cost_pct": 0.0091,
    "ann_pct": 94.9,
    "vol_pct": 15.3,
    "sharpe": 6.2,
    "t_stat": 0.93
  },
  "backtest_expectation": {
    "source": "banked v5 ledger, 24 symbols x 242 periods (40.5 days)",
    "ann_pct": 85.3,
    "vol_pct": 11.8,
    "t_stat": 1.77,
    "cross_sectional_ic": -0.0345,
    "cross_sectional_ic_t": -2.63,
    "caveat": "The BOOK's t is 1.77 — it does not reach 1.96, let alone the 2.73 that Bonferroni over 8 examined features would want. Only the raw cross-sectional IC (t=-2.63) is nominally significant; discretising it into a 6-a-side book and charging turnover costs gives most of that back. Sharpe 7.24 is an annualisation artefact of a 40-day window, not a property of the strategy."
  },
  "sample_requirement": {
    "observed_sd_pct": 0.3267,
    "observed_edge_pct": 0.0328,
    "n_for_t196": 382,
    "days_to_n": 64
  },
  "booked_at_leverage": 1,
  "leverage_view": [
    {
      "leverage": 1,
      "equity": 1.028099,
      "total_net_pct": 2.81,
      "ann_pct": 102.5,
      "vol_pct": 15.3,
      "max_drawdown_pct": 1.3,
      "worst_period_pct": -1.1,
      "t_stat": 0.9300759040029377
    },
    {
      "leverage": 2,
      "equity": 1.056011,
      "total_net_pct": 5.6,
      "ann_pct": 300.6,
      "vol_pct": 30.6,
      "max_drawdown_pct": 2.6,
      "worst_period_pct": -2.2,
      "t_stat": 0.9300759040029377
    },
    {
      "leverage": 3,
      "equity": 1.083681,
      "total_net_pct": 8.37,
      "ann_pct": 674,
      "vol_pct": 45.9,
      "max_drawdown_pct": 3.9,
      "worst_period_pct": -3.3,
      "t_stat": 0.9300759040029377
    }
  ],
  "verdict": "ACCUMULATING",
  "live_exposure_usdt": 0,
  "latest": {
    "ts": "2026-08-31T04:00:00.000Z",
    "longs": [
      "ETHUSDT",
      "BNBUSDT",
      "XRPUSDT",
      "SANDUSDT",
      "SUIUSDT",
      "SOLUSDT"
    ],
    "shorts": [
      "BTCUSDT",
      "TIAUSDT",
      "ATOMUSDT",
      "FILUSDT",
      "APTUSDT",
      "INJUSDT"
    ],
    "net_pct": -0.2596
  },
  "rebalanced_this_cycle": 1,
  "skipped": null,
  "errors": []
}
{
  "generated_at": "2026-08-31T09:45:03.890Z",
  "lane": "v7_positioning_paper",
  "signal": "top_ratio - retail_ratio, cross-sectional rank, dollar-neutral",
  "k": 6,
  "symbols": 24,
  "periods_booked": 86,
  "equity": 1.026542,
  "realised": {
    "total_net_pct": 2.6542,
    "mean_net_pct": 0.0328,
    "mean_gross_pct": 0.0419,
    "mean_cost_pct": 0.0091,
    "ann_pct": 94.9,
    "vol_pct": 15.3,
    "sharpe": 6.2,
    "t_stat": 0.93
  },
  "backtest_expectation": {
    "source": "banked v5 ledger, 24 symbols x 242 periods (40.5 days)",
    "ann_pct": 85.3,
    "vol_pct": 11.8,
    "t_stat": 1.77,
    "cross_sectional_ic": -0.0345,
    "cross_sectional_ic_t": -2.63,
    "caveat": "The BOOK's t is 1.77 — it does not reach 1.96, let alone the 2.73 that Bonferroni over 8 examined features would want. Only the raw cross-sectional IC (t=-2.63) is nominally significant; discretising it into a 6-a-side book and charging turnover costs gives most of that back. Sharpe 7.24 is an annualisation artefact of a 40-day window, not a property of the strategy."
  },
  "sample_requirement": {
    "observed_sd_pct": 0.3267,
    "observed_edge_pct": 0.0328,
    "n_for_t196": 382,
    "days_to_n": 64
  },
  "booked_at_leverage": 1,
  "leverage_view": [
    {
      "leverage": 1,
      "equity": 1.028099,
      "total_net_pct": 2.81,
      "ann_pct": 102.5,
      "vol_pct": 15.3,
      "max_drawdown_pct": 1.3,
      "worst_period_pct": -1.1,
      "t_stat": 0.9300759040029377
    },
    {
      "leverage": 2,
      "equity": 1.056011,
      "total_net_pct": 5.6,
      "ann_pct": 300.6,
      "vol_pct": 30.6,
      "max_drawdown_pct": 2.6,
      "worst_period_pct": -2.2,
      "t_stat": 0.9300759040029377
    },
    {
      "leverage": 3,
      "equity": 1.083681,
      "total_net_pct": 8.37,
      "ann_pct": 674,
      "vol_pct": 45.9,
      "max_drawdown_pct": 3.9,
      "worst_period_pct": -3.3,
      "t_stat": 0.9300759040029377
    }
  ],
  "verdict": "ACCUMULATING",
  "live_exposure_usdt": 0,
  "latest": null,
  "rebalanced_this_cycle": 0,
  "skipped": "no unbooked closed periods (latest booked 2026-08-31T04:00:00.000Z)",
  "errors": []
}
{
  "generated_at": "2026-08-31T10:45:07.329Z",
  "lane": "v7_positioning_paper",
  "signal": "top_ratio - retail_ratio, cross-sectional rank, dollar-neutral",
  "k": 6,
  "symbols": 24,
  "periods_booked": 86,
  "equity": 1.026542,
  "realised": {
    "total_net_pct": 2.6542,
    "mean_net_pct": 0.0328,
    "mean_gross_pct": 0.0419,
    "mean_cost_pct": 0.0091,
    "ann_pct": 94.9,
    "vol_pct": 15.3,
    "sharpe": 6.2,
    "t_stat": 0.93
  },
  "backtest_expectation": {
    "source": "banked v5 ledger, 24 symbols x 242 periods (40.5 days)",
    "ann_pct": 85.3,
    "vol_pct": 11.8,
    "t_stat": 1.77,
    "cross_sectional_ic": -0.0345,
    "cross_sectional_ic_t": -2.63,
    "caveat": "The BOOK's t is 1.77 — it does not reach 1.96, let alone the 2.73 that Bonferroni over 8 examined features would want. Only the raw cross-sectional IC (t=-2.63) is nominally significant; discretising it into a 6-a-side book and charging turnover costs gives most of that back. Sharpe 7.24 is an annualisation artefact of a 40-day window, not a property of the strategy."
  },
  "sample_requirement": {
    "observed_sd_pct": 0.3267,
    "observed_edge_pct": 0.0328,
    "n_for_t196": 382,
    "days_to_n": 64
  },
  "booked_at_leverage": 1,
  "leverage_view": [
    {
      "leverage": 1,
      "equity": 1.028099,
      "total_net_pct": 2.81,
      "ann_pct": 102.5,
      "vol_pct": 15.3,
      "max_drawdown_pct": 1.3,
      "worst_period_pct": -1.1,
      "t_stat": 0.9300759040029377
    },
    {
      "leverage": 2,
      "equity": 1.056011,
      "total_net_pct": 5.6,
      "ann_pct": 300.6,
      "vol_pct": 30.6,
      "max_drawdown_pct": 2.6,
      "worst_period_pct": -2.2,
      "t_stat": 0.9300759040029377
    },
    {
      "leverage": 3,
      "equity": 1.083681,
      "total_net_pct": 8.37,
      "ann_pct": 674,
      "vol_pct": 45.9,
      "max_drawdown_pct": 3.9,
      "worst_period_pct": -3.3,
      "t_stat": 0.9300759040029377
    }
  ],
  "verdict": "ACCUMULATING",
  "live_exposure_usdt": 0,
  "latest": null,
  "rebalanced_this_cycle": 0,
  "skipped": "no unbooked closed periods (latest booked 2026-08-31T04:00:00.000Z)",
  "errors": []
}
{
  "generated_at": "2026-08-31T11:45:10.880Z",
  "lane": "v7_positioning_paper",
  "signal": "top_ratio - retail_ratio, cross-sectional rank, dollar-neutral",
  "k": 6,
  "symbols": 24,
  "periods_booked": 86,
  "equity": 1.026542,
  "realised": {
    "total_net_pct": 2.6542,
    "mean_net_pct": 0.0328,
    "mean_gross_pct": 0.0419,
    "mean_cost_pct": 0.0091,
    "ann_pct": 94.9,
    "vol_pct": 15.3,
    "sharpe": 6.2,
    "t_stat": 0.93
  },
  "backtest_expectation": {
    "source": "banked v5 ledger, 24 symbols x 242 periods (40.5 days)",
    "ann_pct": 85.3,
    "vol_pct": 11.8,
    "t_stat": 1.77,
    "cross_sectional_ic": -0.0345,
    "cross_sectional_ic_t": -2.63,
    "caveat": "The BOOK's t is 1.77 — it does not reach 1.96, let alone the 2.73 that Bonferroni over 8 examined features would want. Only the raw cross-sectional IC (t=-2.63) is nominally significant; discretising it into a 6-a-side book and charging turnover costs gives most of that back. Sharpe 7.24 is an annualisation artefact of a 40-day window, not a property of the strategy."
  },
  "sample_requirement": {
    "observed_sd_pct": 0.3267,
    "observed_edge_pct": 0.0328,
    "n_for_t196": 382,
    "days_to_n": 64
  },
  "booked_at_leverage": 1,
  "leverage_view": [
    {
      "leverage": 1,
      "equity": 1.028099,
      "total_net_pct": 2.81,
      "ann_pct": 102.5,
      "vol_pct": 15.3,
      "max_drawdown_pct": 1.3,
      "worst_period_pct": -1.1,
      "t_stat": 0.9300759040029377
    },
    {
      "leverage": 2,
      "equity": 1.056011,
      "total_net_pct": 5.6,
      "ann_pct": 300.6,
      "vol_pct": 30.6,
      "max_drawdown_pct": 2.6,
      "worst_period_pct": -2.2,
      "t_stat": 0.9300759040029377
    },
    {
      "leverage": 3,
      "equity": 1.083681,
      "total_net_pct": 8.37,
      "ann_pct": 674,
      "vol_pct": 45.9,
      "max_drawdown_pct": 3.9,
      "worst_period_pct": -3.3,
      "t_stat": 0.9300759040029377
    }
  ],
  "verdict": "ACCUMULATING",
  "live_exposure_usdt": 0,
  "latest": null,
  "rebalanced_this_cycle": 0,
  "skipped": "no unbooked closed periods (latest booked 2026-08-31T04:00:00.000Z)",
  "errors": []
}
{
  "generated_at": "2026-08-31T12:45:14.605Z",
  "lane": "v7_positioning_paper",
  "signal": "top_ratio - retail_ratio, cross-sectional rank, dollar-neutral",
  "k": 6,
  "symbols": 24,
  "periods_booked": 87,
  "equity": 1.029954,
  "realised": {
    "total_net_pct": 2.9954,
    "mean_net_pct": 0.0362,
    "mean_gross_pct": 0.0453,
    "mean_cost_pct": 0.0091,
    "ann_pct": 110.2,
    "vol_pct": 15.3,
    "sharpe": 7.22,
    "t_stat": 1.03
  },
  "backtest_expectation": {
    "source": "banked v5 ledger, 24 symbols x 242 periods (40.5 days)",
    "ann_pct": 85.3,
    "vol_pct": 11.8,
    "t_stat": 1.77,
    "cross_sectional_ic": -0.0345,
    "cross_sectional_ic_t": -2.63,
    "caveat": "The BOOK's t is 1.77 — it does not reach 1.96, let alone the 2.73 that Bonferroni over 8 examined features would want. Only the raw cross-sectional IC (t=-2.63) is nominally significant; discretising it into a 6-a-side book and charging turnover costs gives most of that back. Sharpe 7.24 is an annualisation artefact of a 40-day window, not a property of the strategy."
  },
  "sample_requirement": {
    "observed_sd_pct": 0.3263,
    "observed_edge_pct": 0.0362,
    "n_for_t196": 313,
    "days_to_n": 52
  },
  "booked_at_leverage": 1,
  "leverage_view": [
    {
      "leverage": 1,
      "equity": 1.031517,
      "total_net_pct": 3.15,
      "ann_pct": 118.4,
      "vol_pct": 15.3,
      "max_drawdown_pct": 1.3,
      "worst_period_pct": -1.1,
      "t_stat": 1.0348114795630183
    },
    {
      "leverage": 2,
      "equity": 1.063032,
      "total_net_pct": 6.3,
      "ann_pct": 365.8,
      "vol_pct": 30.5,
      "max_drawdown_pct": 2.6,
      "worst_period_pct": -2.2,
      "t_stat": 1.0348114795630183
    },
    {
      "leverage": 3,
      "equity": 1.094487,
      "total_net_pct": 9.45,
      "ann_pct": 870.6,
      "vol_pct": 45.8,
      "max_drawdown_pct": 3.9,
      "worst_period_pct": -3.3,
      "t_stat": 1.0348114795630183
    }
  ],
  "verdict": "ACCUMULATING",
  "live_exposure_usdt": 0,
  "latest": {
    "ts": "2026-08-31T08:00:00.000Z",
    "longs": [
      "ETHUSDT",
      "BNBUSDT",
      "XRPUSDT",
      "SANDUSDT",
      "SUIUSDT",
      "SOLUSDT"
    ],
    "shorts": [
      "BTCUSDT",
      "SEIUSDT",
      "ATOMUSDT",
      "FILUSDT",
      "APTUSDT",
      "INJUSDT"
    ],
    "net_pct": 0.3324
  },
  "rebalanced_this_cycle": 1,
  "skipped": null,
  "errors": []
}
{
  "generated_at": "2026-08-31T13:45:18.034Z",
  "lane": "v7_positioning_paper",
  "signal": "top_ratio - retail_ratio, cross-sectional rank, dollar-neutral",
  "k": 6,
  "symbols": 24,
  "periods_booked": 87,
  "equity": 1.029954,
  "realised": {
    "total_net_pct": 2.9954,
    "mean_net_pct": 0.0362,
    "mean_gross_pct": 0.0453,
    "mean_cost_pct": 0.0091,
    "ann_pct": 110.2,
    "vol_pct": 15.3,
    "sharpe": 7.22,
    "t_stat": 1.03
  },
  "backtest_expectation": {
    "source": "banked v5 ledger, 24 symbols x 242 periods (40.5 days)",
    "ann_pct": 85.3,
    "vol_pct": 11.8,
    "t_stat": 1.77,
    "cross_sectional_ic": -0.0345,
    "cross_sectional_ic_t": -2.63,
    "caveat": "The BOOK's t is 1.77 — it does not reach 1.96, let alone the 2.73 that Bonferroni over 8 examined features would want. Only the raw cross-sectional IC (t=-2.63) is nominally significant; discretising it into a 6-a-side book and charging turnover costs gives most of that back. Sharpe 7.24 is an annualisation artefact of a 40-day window, not a property of the strategy."
  },
  "sample_requirement": {
    "observed_sd_pct": 0.3263,
    "observed_edge_pct": 0.0362,
    "n_for_t196": 313,
    "days_to_n": 52
  },
  "booked_at_leverage": 1,
  "leverage_view": [
    {
      "leverage": 1,
      "equity": 1.031517,
      "total_net_pct": 3.15,
      "ann_pct": 118.4,
      "vol_pct": 15.3,
      "max_drawdown_pct": 1.3,
      "worst_period_pct": -1.1,
      "t_stat": 1.0348114795630183
    },
    {
      "leverage": 2,
      "equity": 1.063032,
      "total_net_pct": 6.3,
      "ann_pct": 365.8,
      "vol_pct": 30.5,
      "max_drawdown_pct": 2.6,
      "worst_period_pct": -2.2,
      "t_stat": 1.0348114795630183
    },
    {
      "leverage": 3,
      "equity": 1.094487,
      "total_net_pct": 9.45,
      "ann_pct": 870.6,
      "vol_pct": 45.8,
      "max_drawdown_pct": 3.9,
      "worst_period_pct": -3.3,
      "t_stat": 1.0348114795630183
    }
  ],
  "verdict": "ACCUMULATING",
  "live_exposure_usdt": 0,
  "latest": null,
  "rebalanced_this_cycle": 0,
  "skipped": "no unbooked closed periods (latest booked 2026-08-31T08:00:00.000Z)",
  "errors": []
}
{
  "generated_at": "2026-08-31T14:45:21.412Z",
  "lane": "v7_positioning_paper",
  "signal": "top_ratio - retail_ratio, cross-sectional rank, dollar-neutral",
  "k": 6,
  "symbols": 24,
  "periods_booked": 87,
  "equity": 1.029954,
  "realised": {
    "total_net_pct": 2.9954,
    "mean_net_pct": 0.0362,
    "mean_gross_pct": 0.0453,
    "mean_cost_pct": 0.0091,
    "ann_pct": 110.2,
    "vol_pct": 15.3,
    "sharpe": 7.22,
    "t_stat": 1.03
  },
  "backtest_expectation": {
    "source": "banked v5 ledger, 24 symbols x 242 periods (40.5 days)",
    "ann_pct": 85.3,
    "vol_pct": 11.8,
    "t_stat": 1.77,
    "cross_sectional_ic": -0.0345,
    "cross_sectional_ic_t": -2.63,
    "caveat": "The BOOK's t is 1.77 — it does not reach 1.96, let alone the 2.73 that Bonferroni over 8 examined features would want. Only the raw cross-sectional IC (t=-2.63) is nominally significant; discretising it into a 6-a-side book and charging turnover costs gives most of that back. Sharpe 7.24 is an annualisation artefact of a 40-day window, not a property of the strategy."
  },
  "sample_requirement": {
    "observed_sd_pct": 0.3263,
    "observed_edge_pct": 0.0362,
    "n_for_t196": 313,
    "days_to_n": 52
  },
  "booked_at_leverage": 1,
  "leverage_view": [
    {
      "leverage": 1,
      "equity": 1.031517,
      "total_net_pct": 3.15,
      "ann_pct": 118.4,
      "vol_pct": 15.3,
      "max_drawdown_pct": 1.3,
      "worst_period_pct": -1.1,
      "t_stat": 1.0348114795630183
    },
    {
      "leverage": 2,
      "equity": 1.063032,
      "total_net_pct": 6.3,
      "ann_pct": 365.8,
      "vol_pct": 30.5,
      "max_drawdown_pct": 2.6,
      "worst_period_pct": -2.2,
      "t_stat": 1.0348114795630183
    },
    {
      "leverage": 3,
      "equity": 1.094487,
      "total_net_pct": 9.45,
      "ann_pct": 870.6,
      "vol_pct": 45.8,
      "max_drawdown_pct": 3.9,
      "worst_period_pct": -3.3,
      "t_stat": 1.0348114795630183
    }
  ],
  "verdict": "ACCUMULATING",
  "live_exposure_usdt": 0,
  "latest": null,
  "rebalanced_this_cycle": 0,
  "skipped": "no unbooked closed periods (latest booked 2026-08-31T08:00:00.000Z)",
  "errors": []
}
{
  "generated_at": "2026-08-31T15:45:24.933Z",
  "lane": "v7_positioning_paper",
  "signal": "top_ratio - retail_ratio, cross-sectional rank, dollar-neutral",
  "k": 6,
  "symbols": 24,
  "periods_booked": 87,
  "equity": 1.029954,
  "realised": {
    "total_net_pct": 2.9954,
    "mean_net_pct": 0.0362,
    "mean_gross_pct": 0.0453,
    "mean_cost_pct": 0.0091,
    "ann_pct": 110.2,
    "vol_pct": 15.3,
    "sharpe": 7.22,
    "t_stat": 1.03
  },
  "backtest_expectation": {
    "source": "banked v5 ledger, 24 symbols x 242 periods (40.5 days)",
    "ann_pct": 85.3,
    "vol_pct": 11.8,
    "t_stat": 1.77,
    "cross_sectional_ic": -0.0345,
    "cross_sectional_ic_t": -2.63,
    "caveat": "The BOOK's t is 1.77 — it does not reach 1.96, let alone the 2.73 that Bonferroni over 8 examined features would want. Only the raw cross-sectional IC (t=-2.63) is nominally significant; discretising it into a 6-a-side book and charging turnover costs gives most of that back. Sharpe 7.24 is an annualisation artefact of a 40-day window, not a property of the strategy."
  },
  "sample_requirement": {
    "observed_sd_pct": 0.3263,
    "observed_edge_pct": 0.0362,
    "n_for_t196": 313,
    "days_to_n": 52
  },
  "booked_at_leverage": 1,
  "leverage_view": [
    {
      "leverage": 1,
      "equity": 1.031517,
      "total_net_pct": 3.15,
      "ann_pct": 118.4,
      "vol_pct": 15.3,
      "max_drawdown_pct": 1.3,
      "worst_period_pct": -1.1,
      "t_stat": 1.0348114795630183
    },
    {
      "leverage": 2,
      "equity": 1.063032,
      "total_net_pct": 6.3,
      "ann_pct": 365.8,
      "vol_pct": 30.5,
      "max_drawdown_pct": 2.6,
      "worst_period_pct": -2.2,
      "t_stat": 1.0348114795630183
    },
    {
      "leverage": 3,
      "equity": 1.094487,
      "total_net_pct": 9.45,
      "ann_pct": 870.6,
      "vol_pct": 45.8,
      "max_drawdown_pct": 3.9,
      "worst_period_pct": -3.3,
      "t_stat": 1.0348114795630183
    }
  ],
  "verdict": "ACCUMULATING",
  "live_exposure_usdt": 0,
  "latest": null,
  "rebalanced_this_cycle": 0,
  "skipped": "no unbooked closed periods (latest booked 2026-08-31T08:00:00.000Z)",
  "errors": []
}
{
  "generated_at": "2026-08-31T16:45:28.506Z",
  "lane": "v7_positioning_paper",
  "signal": "top_ratio - retail_ratio, cross-sectional rank, dollar-neutral",
  "k": 6,
  "symbols": 24,
  "periods_booked": 88,
  "equity": 1.034912,
  "realised": {
    "total_net_pct": 3.4912,
    "mean_net_pct": 0.0413,
    "mean_gross_pct": 0.0504,
    "mean_cost_pct": 0.0092,
    "ann_pct": 134.9,
    "vol_pct": 15.3,
    "sharpe": 8.79,
    "t_stat": 1.18
  },
  "backtest_expectation": {
    "source": "banked v5 ledger, 24 symbols x 242 periods (40.5 days)",
    "ann_pct": 85.3,
    "vol_pct": 11.8,
    "t_stat": 1.77,
    "cross_sectional_ic": -0.0345,
    "cross_sectional_ic_t": -2.63,
    "caveat": "The BOOK's t is 1.77 — it does not reach 1.96, let alone the 2.73 that Bonferroni over 8 examined features would want. Only the raw cross-sectional IC (t=-2.63) is nominally significant; discretising it into a 6-a-side book and charging turnover costs gives most of that back. Sharpe 7.24 is an annualisation artefact of a 40-day window, not a property of the strategy."
  },
  "sample_requirement": {
    "observed_sd_pct": 0.3279,
    "observed_edge_pct": 0.0413,
    "n_for_t196": 243,
    "days_to_n": 41
  },
  "booked_at_leverage": 1,
  "leverage_view": [
    {
      "leverage": 1,
      "equity": 1.036483,
      "total_net_pct": 3.65,
      "ann_pct": 143.9,
      "vol_pct": 15.3,
      "max_drawdown_pct": 1.3,
      "worst_period_pct": -1.1,
      "t_stat": 1.1805443417106027
    },
    {
      "leverage": 2,
      "equity": 1.073267,
      "total_net_pct": 7.33,
      "ann_pct": 481,
      "vol_pct": 30.7,
      "max_drawdown_pct": 2.6,
      "worst_period_pct": -2.2,
      "t_stat": 1.1805443417106027
    },
    {
      "leverage": 3,
      "equity": 1.110294,
      "total_net_pct": 11.03,
      "ann_pct": 1251.4,
      "vol_pct": 46,
      "max_drawdown_pct": 3.9,
      "worst_period_pct": -3.3,
      "t_stat": 1.1805443417106027
    }
  ],
  "verdict": "ACCUMULATING",
  "live_exposure_usdt": 0,
  "latest": {
    "ts": "2026-08-31T12:00:00.000Z",
    "longs": [
      "ETHUSDT",
      "BNBUSDT",
      "XRPUSDT",
      "SANDUSDT",
      "SUIUSDT",
      "SOLUSDT"
    ],
    "shorts": [
      "BTCUSDT",
      "TIAUSDT",
      "ATOMUSDT",
      "FILUSDT",
      "APTUSDT",
      "INJUSDT"
    ],
    "net_pct": 0.4814
  },
  "rebalanced_this_cycle": 1,
  "skipped": null,
  "errors": []
}
{
  "generated_at": "2026-08-31T17:45:31.833Z",
  "lane": "v7_positioning_paper",
  "signal": "top_ratio - retail_ratio, cross-sectional rank, dollar-neutral",
  "k": 6,
  "symbols": 24,
  "periods_booked": 88,
  "equity": 1.034912,
  "realised": {
    "total_net_pct": 3.4912,
    "mean_net_pct": 0.0413,
    "mean_gross_pct": 0.0504,
    "mean_cost_pct": 0.0092,
    "ann_pct": 134.9,
    "vol_pct": 15.3,
    "sharpe": 8.79,
    "t_stat": 1.18
  },
  "backtest_expectation": {
    "source": "banked v5 ledger, 24 symbols x 242 periods (40.5 days)",
    "ann_pct": 85.3,
    "vol_pct": 11.8,
    "t_stat": 1.77,
    "cross_sectional_ic": -0.0345,
    "cross_sectional_ic_t": -2.63,
    "caveat": "The BOOK's t is 1.77 — it does not reach 1.96, let alone the 2.73 that Bonferroni over 8 examined features would want. Only the raw cross-sectional IC (t=-2.63) is nominally significant; discretising it into a 6-a-side book and charging turnover costs gives most of that back. Sharpe 7.24 is an annualisation artefact of a 40-day window, not a property of the strategy."
  },
  "sample_requirement": {
    "observed_sd_pct": 0.3279,
    "observed_edge_pct": 0.0413,
    "n_for_t196": 243,
    "days_to_n": 41
  },
  "booked_at_leverage": 1,
  "leverage_view": [
    {
      "leverage": 1,
      "equity": 1.036483,
      "total_net_pct": 3.65,
      "ann_pct": 143.9,
      "vol_pct": 15.3,
      "max_drawdown_pct": 1.3,
      "worst_period_pct": -1.1,
      "t_stat": 1.1805443417106027
    },
    {
      "leverage": 2,
      "equity": 1.073267,
      "total_net_pct": 7.33,
      "ann_pct": 481,
      "vol_pct": 30.7,
      "max_drawdown_pct": 2.6,
      "worst_period_pct": -2.2,
      "t_stat": 1.1805443417106027
    },
    {
      "leverage": 3,
      "equity": 1.110294,
      "total_net_pct": 11.03,
      "ann_pct": 1251.4,
      "vol_pct": 46,
      "max_drawdown_pct": 3.9,
      "worst_period_pct": -3.3,
      "t_stat": 1.1805443417106027
    }
  ],
  "verdict": "ACCUMULATING",
  "live_exposure_usdt": 0,
  "latest": null,
  "rebalanced_this_cycle": 0,
  "skipped": "no unbooked closed periods (latest booked 2026-08-31T12:00:00.000Z)",
  "errors": []
}
{
  "generated_at": "2026-08-31T18:45:35.141Z",
  "lane": "v7_positioning_paper",
  "signal": "top_ratio - retail_ratio, cross-sectional rank, dollar-neutral",
  "k": 6,
  "symbols": 24,
  "periods_booked": 88,
  "equity": 1.034912,
  "realised": {
    "total_net_pct": 3.4912,
    "mean_net_pct": 0.0413,
    "mean_gross_pct": 0.0504,
    "mean_cost_pct": 0.0092,
    "ann_pct": 134.9,
    "vol_pct": 15.3,
    "sharpe": 8.79,
    "t_stat": 1.18
  },
  "backtest_expectation": {
    "source": "banked v5 ledger, 24 symbols x 242 periods (40.5 days)",
    "ann_pct": 85.3,
    "vol_pct": 11.8,
    "t_stat": 1.77,
    "cross_sectional_ic": -0.0345,
    "cross_sectional_ic_t": -2.63,
    "caveat": "The BOOK's t is 1.77 — it does not reach 1.96, let alone the 2.73 that Bonferroni over 8 examined features would want. Only the raw cross-sectional IC (t=-2.63) is nominally significant; discretising it into a 6-a-side book and charging turnover costs gives most of that back. Sharpe 7.24 is an annualisation artefact of a 40-day window, not a property of the strategy."
  },
  "sample_requirement": {
    "observed_sd_pct": 0.3279,
    "observed_edge_pct": 0.0413,
    "n_for_t196": 243,
    "days_to_n": 41
  },
  "booked_at_leverage": 1,
  "leverage_view": [
    {
      "leverage": 1,
      "equity": 1.036483,
      "total_net_pct": 3.65,
      "ann_pct": 143.9,
      "vol_pct": 15.3,
      "max_drawdown_pct": 1.3,
      "worst_period_pct": -1.1,
      "t_stat": 1.1805443417106027
    },
    {
      "leverage": 2,
      "equity": 1.073267,
      "total_net_pct": 7.33,
      "ann_pct": 481,
      "vol_pct": 30.7,
      "max_drawdown_pct": 2.6,
      "worst_period_pct": -2.2,
      "t_stat": 1.1805443417106027
    },
    {
      "leverage": 3,
      "equity": 1.110294,
      "total_net_pct": 11.03,
      "ann_pct": 1251.4,
      "vol_pct": 46,
      "max_drawdown_pct": 3.9,
      "worst_period_pct": -3.3,
      "t_stat": 1.1805443417106027
    }
  ],
  "verdict": "ACCUMULATING",
  "live_exposure_usdt": 0,
  "latest": null,
  "rebalanced_this_cycle": 0,
  "skipped": "no unbooked closed periods (latest booked 2026-08-31T12:00:00.000Z)",
  "errors": []
}
{
  "generated_at": "2026-08-31T19:45:38.745Z",
  "lane": "v7_positioning_paper",
  "signal": "top_ratio - retail_ratio, cross-sectional rank, dollar-neutral",
  "k": 6,
  "symbols": 24,
  "periods_booked": 88,
  "equity": 1.034912,
  "realised": {
    "total_net_pct": 3.4912,
    "mean_net_pct": 0.0413,
    "mean_gross_pct": 0.0504,
    "mean_cost_pct": 0.0092,
    "ann_pct": 134.9,
    "vol_pct": 15.3,
    "sharpe": 8.79,
    "t_stat": 1.18
  },
  "backtest_expectation": {
    "source": "banked v5 ledger, 24 symbols x 242 periods (40.5 days)",
    "ann_pct": 85.3,
    "vol_pct": 11.8,
    "t_stat": 1.77,
    "cross_sectional_ic": -0.0345,
    "cross_sectional_ic_t": -2.63,
    "caveat": "The BOOK's t is 1.77 — it does not reach 1.96, let alone the 2.73 that Bonferroni over 8 examined features would want. Only the raw cross-sectional IC (t=-2.63) is nominally significant; discretising it into a 6-a-side book and charging turnover costs gives most of that back. Sharpe 7.24 is an annualisation artefact of a 40-day window, not a property of the strategy."
  },
  "sample_requirement": {
    "observed_sd_pct": 0.3279,
    "observed_edge_pct": 0.0413,
    "n_for_t196": 243,
    "days_to_n": 41
  },
  "booked_at_leverage": 1,
  "leverage_view": [
    {
      "leverage": 1,
      "equity": 1.036483,
      "total_net_pct": 3.65,
      "ann_pct": 143.9,
      "vol_pct": 15.3,
      "max_drawdown_pct": 1.3,
      "worst_period_pct": -1.1,
      "t_stat": 1.1805443417106027
    },
    {
      "leverage": 2,
      "equity": 1.073267,
      "total_net_pct": 7.33,
      "ann_pct": 481,
      "vol_pct": 30.7,
      "max_drawdown_pct": 2.6,
      "worst_period_pct": -2.2,
      "t_stat": 1.1805443417106027
    },
    {
      "leverage": 3,
      "equity": 1.110294,
      "total_net_pct": 11.03,
      "ann_pct": 1251.4,
      "vol_pct": 46,
      "max_drawdown_pct": 3.9,
      "worst_period_pct": -3.3,
      "t_stat": 1.1805443417106027
    }
  ],
  "verdict": "ACCUMULATING",
  "live_exposure_usdt": 0,
  "latest": null,
  "rebalanced_this_cycle": 0,
  "skipped": "no unbooked closed periods (latest booked 2026-08-31T12:00:00.000Z)",
  "errors": []
}
{
  "generated_at": "2026-08-31T20:45:42.196Z",
  "lane": "v7_positioning_paper",
  "signal": "top_ratio - retail_ratio, cross-sectional rank, dollar-neutral",
  "k": 6,
  "symbols": 24,
  "periods_booked": 89,
  "equity": 1.03246,
  "realised": {
    "total_net_pct": 3.246,
    "mean_net_pct": 0.0381,
    "mean_gross_pct": 0.0473,
    "mean_cost_pct": 0.0092,
    "ann_pct": 119.5,
    "vol_pct": 15.3,
    "sharpe": 7.8,
    "t_stat": 1.1
  },
  "backtest_expectation": {
    "source": "banked v5 ledger, 24 symbols x 242 periods (40.5 days)",
    "ann_pct": 85.3,
    "vol_pct": 11.8,
    "t_stat": 1.77,
    "cross_sectional_ic": -0.0345,
    "cross_sectional_ic_t": -2.63,
    "caveat": "The BOOK's t is 1.77 — it does not reach 1.96, let alone the 2.73 that Bonferroni over 8 examined features would want. Only the raw cross-sectional IC (t=-2.63) is nominally significant; discretising it into a 6-a-side book and charging turnover costs gives most of that back. Sharpe 7.24 is an annualisation artefact of a 40-day window, not a property of the strategy."
  },
  "sample_requirement": {
    "observed_sd_pct": 0.3274,
    "observed_edge_pct": 0.0381,
    "n_for_t196": 284,
    "days_to_n": 47
  },
  "booked_at_leverage": 1,
  "leverage_view": [
    {
      "leverage": 1,
      "equity": 1.034027,
      "total_net_pct": 3.4,
      "ann_pct": 127.8,
      "vol_pct": 15.3,
      "max_drawdown_pct": 1.3,
      "worst_period_pct": -1.1,
      "t_stat": 1.0990928615687665
    },
    {
      "leverage": 2,
      "equity": 1.068182,
      "total_net_pct": 6.82,
      "ann_pct": 406.8,
      "vol_pct": 30.6,
      "max_drawdown_pct": 2.6,
      "worst_period_pct": -2.2,
      "t_stat": 1.0990928615687665
    },
    {
      "leverage": 3,
      "equity": 1.102403,
      "total_net_pct": 10.24,
      "ann_pct": 1001.2,
      "vol_pct": 46,
      "max_drawdown_pct": 3.9,
      "worst_period_pct": -3.3,
      "t_stat": 1.0990928615687665
    }
  ],
  "verdict": "ACCUMULATING",
  "live_exposure_usdt": 0,
  "latest": {
    "ts": "2026-08-31T16:00:00.000Z",
    "longs": [
      "ETHUSDT",
      "BNBUSDT",
      "XRPUSDT",
      "SANDUSDT",
      "SUIUSDT",
      "SOLUSDT"
    ],
    "shorts": [
      "SEIUSDT",
      "TIAUSDT",
      "ATOMUSDT",
      "FILUSDT",
      "APTUSDT",
      "INJUSDT"
    ],
    "net_pct": -0.2369
  },
  "rebalanced_this_cycle": 1,
  "skipped": null,
  "errors": []
}
{
  "generated_at": "2026-08-31T21:45:45.562Z",
  "lane": "v7_positioning_paper",
  "signal": "top_ratio - retail_ratio, cross-sectional rank, dollar-neutral",
  "k": 6,
  "symbols": 24,
  "periods_booked": 89,
  "equity": 1.03246,
  "realised": {
    "total_net_pct": 3.246,
    "mean_net_pct": 0.0381,
    "mean_gross_pct": 0.0473,
    "mean_cost_pct": 0.0092,
    "ann_pct": 119.5,
    "vol_pct": 15.3,
    "sharpe": 7.8,
    "t_stat": 1.1
  },
  "backtest_expectation": {
    "source": "banked v5 ledger, 24 symbols x 242 periods (40.5 days)",
    "ann_pct": 85.3,
    "vol_pct": 11.8,
    "t_stat": 1.77,
    "cross_sectional_ic": -0.0345,
    "cross_sectional_ic_t": -2.63,
    "caveat": "The BOOK's t is 1.77 — it does not reach 1.96, let alone the 2.73 that Bonferroni over 8 examined features would want. Only the raw cross-sectional IC (t=-2.63) is nominally significant; discretising it into a 6-a-side book and charging turnover costs gives most of that back. Sharpe 7.24 is an annualisation artefact of a 40-day window, not a property of the strategy."
  },
  "sample_requirement": {
    "observed_sd_pct": 0.3274,
    "observed_edge_pct": 0.0381,
    "n_for_t196": 284,
    "days_to_n": 47
  },
  "booked_at_leverage": 1,
  "leverage_view": [
    {
      "leverage": 1,
      "equity": 1.034027,
      "total_net_pct": 3.4,
      "ann_pct": 127.8,
      "vol_pct": 15.3,
      "max_drawdown_pct": 1.3,
      "worst_period_pct": -1.1,
      "t_stat": 1.0990928615687665
    },
    {
      "leverage": 2,
      "equity": 1.068182,
      "total_net_pct": 6.82,
      "ann_pct": 406.8,
      "vol_pct": 30.6,
      "max_drawdown_pct": 2.6,
      "worst_period_pct": -2.2,
      "t_stat": 1.0990928615687665
    },
    {
      "leverage": 3,
      "equity": 1.102403,
      "total_net_pct": 10.24,
      "ann_pct": 1001.2,
      "vol_pct": 46,
      "max_drawdown_pct": 3.9,
      "worst_period_pct": -3.3,
      "t_stat": 1.0990928615687665
    }
  ],
  "verdict": "ACCUMULATING",
  "live_exposure_usdt": 0,
  "latest": null,
  "rebalanced_this_cycle": 0,
  "skipped": "no unbooked closed periods (latest booked 2026-08-31T16:00:00.000Z)",
  "errors": []
}
{
  "generated_at": "2026-08-31T22:45:48.983Z",
  "lane": "v7_positioning_paper",
  "signal": "top_ratio - retail_ratio, cross-sectional rank, dollar-neutral",
  "k": 6,
  "symbols": 24,
  "periods_booked": 89,
  "equity": 1.03246,
  "realised": {
    "total_net_pct": 3.246,
    "mean_net_pct": 0.0381,
    "mean_gross_pct": 0.0473,
    "mean_cost_pct": 0.0092,
    "ann_pct": 119.5,
    "vol_pct": 15.3,
    "sharpe": 7.8,
    "t_stat": 1.1
  },
  "backtest_expectation": {
    "source": "banked v5 ledger, 24 symbols x 242 periods (40.5 days)",
    "ann_pct": 85.3,
    "vol_pct": 11.8,
    "t_stat": 1.77,
    "cross_sectional_ic": -0.0345,
    "cross_sectional_ic_t": -2.63,
    "caveat": "The BOOK's t is 1.77 — it does not reach 1.96, let alone the 2.73 that Bonferroni over 8 examined features would want. Only the raw cross-sectional IC (t=-2.63) is nominally significant; discretising it into a 6-a-side book and charging turnover costs gives most of that back. Sharpe 7.24 is an annualisation artefact of a 40-day window, not a property of the strategy."
  },
  "sample_requirement": {
    "observed_sd_pct": 0.3274,
    "observed_edge_pct": 0.0381,
    "n_for_t196": 284,
    "days_to_n": 47
  },
  "booked_at_leverage": 1,
  "leverage_view": [
    {
      "leverage": 1,
      "equity": 1.034027,
      "total_net_pct": 3.4,
      "ann_pct": 127.8,
      "vol_pct": 15.3,
      "max_drawdown_pct": 1.3,
      "worst_period_pct": -1.1,
      "t_stat": 1.0990928615687665
    },
    {
      "leverage": 2,
      "equity": 1.068182,
      "total_net_pct": 6.82,
      "ann_pct": 406.8,
      "vol_pct": 30.6,
      "max_drawdown_pct": 2.6,
      "worst_period_pct": -2.2,
      "t_stat": 1.0990928615687665
    },
    {
      "leverage": 3,
      "equity": 1.102403,
      "total_net_pct": 10.24,
      "ann_pct": 1001.2,
      "vol_pct": 46,
      "max_drawdown_pct": 3.9,
      "worst_period_pct": -3.3,
      "t_stat": 1.0990928615687665
    }
  ],
  "verdict": "ACCUMULATING",
  "live_exposure_usdt": 0,
  "latest": null,
  "rebalanced_this_cycle": 0,
  "skipped": "no unbooked closed periods (latest booked 2026-08-31T16:00:00.000Z)",
  "errors": []
}
{
  "generated_at": "2026-08-31T23:45:52.352Z",
  "lane": "v7_positioning_paper",
  "signal": "top_ratio - retail_ratio, cross-sectional rank, dollar-neutral",
  "k": 6,
  "symbols": 24,
  "periods_booked": 89,
  "equity": 1.03246,
  "realised": {
    "total_net_pct": 3.246,
    "mean_net_pct": 0.0381,
    "mean_gross_pct": 0.0473,
    "mean_cost_pct": 0.0092,
    "ann_pct": 119.5,
    "vol_pct": 15.3,
    "sharpe": 7.8,
    "t_stat": 1.1
  },
  "backtest_expectation": {
    "source": "banked v5 ledger, 24 symbols x 242 periods (40.5 days)",
    "ann_pct": 85.3,
    "vol_pct": 11.8,
    "t_stat": 1.77,
    "cross_sectional_ic": -0.0345,
    "cross_sectional_ic_t": -2.63,
    "caveat": "The BOOK's t is 1.77 — it does not reach 1.96, let alone the 2.73 that Bonferroni over 8 examined features would want. Only the raw cross-sectional IC (t=-2.63) is nominally significant; discretising it into a 6-a-side book and charging turnover costs gives most of that back. Sharpe 7.24 is an annualisation artefact of a 40-day window, not a property of the strategy."
  },
  "sample_requirement": {
    "observed_sd_pct": 0.3274,
    "observed_edge_pct": 0.0381,
    "n_for_t196": 284,
    "days_to_n": 47
  },
  "booked_at_leverage": 1,
  "leverage_view": [
    {
      "leverage": 1,
      "equity": 1.034027,
      "total_net_pct": 3.4,
      "ann_pct": 127.8,
      "vol_pct": 15.3,
      "max_drawdown_pct": 1.3,
      "worst_period_pct": -1.1,
      "t_stat": 1.0990928615687665
    },
    {
      "leverage": 2,
      "equity": 1.068182,
      "total_net_pct": 6.82,
      "ann_pct": 406.8,
      "vol_pct": 30.6,
      "max_drawdown_pct": 2.6,
      "worst_period_pct": -2.2,
      "t_stat": 1.0990928615687665
    },
    {
      "leverage": 3,
      "equity": 1.102403,
      "total_net_pct": 10.24,
      "ann_pct": 1001.2,
      "vol_pct": 46,
      "max_drawdown_pct": 3.9,
      "worst_period_pct": -3.3,
      "t_stat": 1.0990928615687665
    }
  ],
  "verdict": "ACCUMULATING",
  "live_exposure_usdt": 0,
  "latest": null,
  "rebalanced_this_cycle": 0,
  "skipped": "no unbooked closed periods (latest booked 2026-08-31T16:00:00.000Z)",
  "errors": []
}
{
  "generated_at": "2026-09-01T00:45:55.998Z",
  "lane": "v7_positioning_paper",
  "signal": "top_ratio - retail_ratio, cross-sectional rank, dollar-neutral",
  "k": 6,
  "symbols": 24,
  "periods_booked": 90,
  "equity": 1.028343,
  "realised": {
    "total_net_pct": 2.8343,
    "mean_net_pct": 0.0333,
    "mean_gross_pct": 0.0425,
    "mean_cost_pct": 0.0092,
    "ann_pct": 97.4,
    "vol_pct": 15.4,
    "sharpe": 6.33,
    "t_stat": 0.96
  },
  "backtest_expectation": {
    "source": "banked v5 ledger, 24 symbols x 242 periods (40.5 days)",
    "ann_pct": 85.3,
    "vol_pct": 11.8,
    "t_stat": 1.77,
    "cross_sectional_ic": -0.0345,
    "cross_sectional_ic_t": -2.63,
    "caveat": "The BOOK's t is 1.77 — it does not reach 1.96, let alone the 2.73 that Bonferroni over 8 examined features would want. Only the raw cross-sectional IC (t=-2.63) is nominally significant; discretising it into a 6-a-side book and charging turnover costs gives most of that back. Sharpe 7.24 is an annualisation artefact of a 40-day window, not a property of the strategy."
  },
  "sample_requirement": {
    "observed_sd_pct": 0.3287,
    "observed_edge_pct": 0.0333,
    "n_for_t196": 375,
    "days_to_n": 63
  },
  "booked_at_leverage": 1,
  "leverage_view": [
    {
      "leverage": 1,
      "equity": 1.029903,
      "total_net_pct": 2.99,
      "ann_pct": 104.8,
      "vol_pct": 15.4,
      "max_drawdown_pct": 1.3,
      "worst_period_pct": -1.1,
      "t_stat": 0.9605035502438228
    },
    {
      "leverage": 2,
      "equity": 1.059662,
      "total_net_pct": 5.97,
      "ann_pct": 309.6,
      "vol_pct": 30.8,
      "max_drawdown_pct": 2.6,
      "worst_period_pct": -2.2,
      "t_stat": 0.9605035502438228
    },
    {
      "leverage": 3,
      "equity": 1.089214,
      "total_net_pct": 8.92,
      "ann_pct": 700,
      "vol_pct": 46.2,
      "max_drawdown_pct": 3.9,
      "worst_period_pct": -3.3,
      "t_stat": 0.9605035502438228
    }
  ],
  "verdict": "ACCUMULATING",
  "live_exposure_usdt": 0,
  "latest": {
    "ts": "2026-08-31T20:00:00.000Z",
    "longs": [
      "BNBUSDT",
      "ETHUSDT",
      "XRPUSDT",
      "SANDUSDT",
      "SUIUSDT",
      "SOLUSDT"
    ],
    "shorts": [
      "GALAUSDT",
      "TIAUSDT",
      "ATOMUSDT",
      "FILUSDT",
      "APTUSDT",
      "INJUSDT"
    ],
    "net_pct": -0.3988
  },
  "rebalanced_this_cycle": 1,
  "skipped": null,
  "errors": []
}
{
  "generated_at": "2026-09-01T01:45:59.457Z",
  "lane": "v7_positioning_paper",
  "signal": "top_ratio - retail_ratio, cross-sectional rank, dollar-neutral",
  "k": 6,
  "symbols": 24,
  "periods_booked": 90,
  "equity": 1.028343,
  "realised": {
    "total_net_pct": 2.8343,
    "mean_net_pct": 0.0333,
    "mean_gross_pct": 0.0425,
    "mean_cost_pct": 0.0092,
    "ann_pct": 97.4,
    "vol_pct": 15.4,
    "sharpe": 6.33,
    "t_stat": 0.96
  },
  "backtest_expectation": {
    "source": "banked v5 ledger, 24 symbols x 242 periods (40.5 days)",
    "ann_pct": 85.3,
    "vol_pct": 11.8,
    "t_stat": 1.77,
    "cross_sectional_ic": -0.0345,
    "cross_sectional_ic_t": -2.63,
    "caveat": "The BOOK's t is 1.77 — it does not reach 1.96, let alone the 2.73 that Bonferroni over 8 examined features would want. Only the raw cross-sectional IC (t=-2.63) is nominally significant; discretising it into a 6-a-side book and charging turnover costs gives most of that back. Sharpe 7.24 is an annualisation artefact of a 40-day window, not a property of the strategy."
  },
  "sample_requirement": {
    "observed_sd_pct": 0.3287,
    "observed_edge_pct": 0.0333,
    "n_for_t196": 375,
    "days_to_n": 63
  },
  "booked_at_leverage": 1,
  "leverage_view": [
    {
      "leverage": 1,
      "equity": 1.029903,
      "total_net_pct": 2.99,
      "ann_pct": 104.8,
      "vol_pct": 15.4,
      "max_drawdown_pct": 1.3,
      "worst_period_pct": -1.1,
      "t_stat": 0.9605035502438228
    },
    {
      "leverage": 2,
      "equity": 1.059662,
      "total_net_pct": 5.97,
      "ann_pct": 309.6,
      "vol_pct": 30.8,
      "max_drawdown_pct": 2.6,
      "worst_period_pct": -2.2,
      "t_stat": 0.9605035502438228
    },
    {
      "leverage": 3,
      "equity": 1.089214,
      "total_net_pct": 8.92,
      "ann_pct": 700,
      "vol_pct": 46.2,
      "max_drawdown_pct": 3.9,
      "worst_period_pct": -3.3,
      "t_stat": 0.9605035502438228
    }
  ],
  "verdict": "ACCUMULATING",
  "live_exposure_usdt": 0,
  "latest": null,
  "rebalanced_this_cycle": 0,
  "skipped": "no unbooked closed periods (latest booked 2026-08-31T20:00:00.000Z)",
  "errors": []
}
{
  "generated_at": "2026-09-01T02:46:02.830Z",
  "lane": "v7_positioning_paper",
  "signal": "top_ratio - retail_ratio, cross-sectional rank, dollar-neutral",
  "k": 6,
  "symbols": 24,
  "periods_booked": 90,
  "equity": 1.028343,
  "realised": {
    "total_net_pct": 2.8343,
    "mean_net_pct": 0.0333,
    "mean_gross_pct": 0.0425,
    "mean_cost_pct": 0.0092,
    "ann_pct": 97.4,
    "vol_pct": 15.4,
    "sharpe": 6.33,
    "t_stat": 0.96
  },
  "backtest_expectation": {
    "source": "banked v5 ledger, 24 symbols x 242 periods (40.5 days)",
    "ann_pct": 85.3,
    "vol_pct": 11.8,
    "t_stat": 1.77,
    "cross_sectional_ic": -0.0345,
    "cross_sectional_ic_t": -2.63,
    "caveat": "The BOOK's t is 1.77 — it does not reach 1.96, let alone the 2.73 that Bonferroni over 8 examined features would want. Only the raw cross-sectional IC (t=-2.63) is nominally significant; discretising it into a 6-a-side book and charging turnover costs gives most of that back. Sharpe 7.24 is an annualisation artefact of a 40-day window, not a property of the strategy."
  },
  "sample_requirement": {
    "observed_sd_pct": 0.3287,
    "observed_edge_pct": 0.0333,
    "n_for_t196": 375,
    "days_to_n": 63
  },
  "booked_at_leverage": 1,
  "leverage_view": [
    {
      "leverage": 1,
      "equity": 1.029903,
      "total_net_pct": 2.99,
      "ann_pct": 104.8,
      "vol_pct": 15.4,
      "max_drawdown_pct": 1.3,
      "worst_period_pct": -1.1,
      "t_stat": 0.9605035502438228
    },
    {
      "leverage": 2,
      "equity": 1.059662,
      "total_net_pct": 5.97,
      "ann_pct": 309.6,
      "vol_pct": 30.8,
      "max_drawdown_pct": 2.6,
      "worst_period_pct": -2.2,
      "t_stat": 0.9605035502438228
    },
    {
      "leverage": 3,
      "equity": 1.089214,
      "total_net_pct": 8.92,
      "ann_pct": 700,
      "vol_pct": 46.2,
      "max_drawdown_pct": 3.9,
      "worst_period_pct": -3.3,
      "t_stat": 0.9605035502438228
    }
  ],
  "verdict": "ACCUMULATING",
  "live_exposure_usdt": 0,
  "latest": null,
  "rebalanced_this_cycle": 0,
  "skipped": "no unbooked closed periods (latest booked 2026-08-31T20:00:00.000Z)",
  "errors": []
}
{
  "generated_at": "2026-09-01T03:46:06.306Z",
  "lane": "v7_positioning_paper",
  "signal": "top_ratio - retail_ratio, cross-sectional rank, dollar-neutral",
  "k": 6,
  "symbols": 24,
  "periods_booked": 90,
  "equity": 1.028343,
  "realised": {
    "total_net_pct": 2.8343,
    "mean_net_pct": 0.0333,
    "mean_gross_pct": 0.0425,
    "mean_cost_pct": 0.0092,
    "ann_pct": 97.4,
    "vol_pct": 15.4,
    "sharpe": 6.33,
    "t_stat": 0.96
  },
  "backtest_expectation": {
    "source": "banked v5 ledger, 24 symbols x 242 periods (40.5 days)",
    "ann_pct": 85.3,
    "vol_pct": 11.8,
    "t_stat": 1.77,
    "cross_sectional_ic": -0.0345,
    "cross_sectional_ic_t": -2.63,
    "caveat": "The BOOK's t is 1.77 — it does not reach 1.96, let alone the 2.73 that Bonferroni over 8 examined features would want. Only the raw cross-sectional IC (t=-2.63) is nominally significant; discretising it into a 6-a-side book and charging turnover costs gives most of that back. Sharpe 7.24 is an annualisation artefact of a 40-day window, not a property of the strategy."
  },
  "sample_requirement": {
    "observed_sd_pct": 0.3287,
    "observed_edge_pct": 0.0333,
    "n_for_t196": 375,
    "days_to_n": 63
  },
  "booked_at_leverage": 1,
  "leverage_view": [
    {
      "leverage": 1,
      "equity": 1.029903,
      "total_net_pct": 2.99,
      "ann_pct": 104.8,
      "vol_pct": 15.4,
      "max_drawdown_pct": 1.3,
      "worst_period_pct": -1.1,
      "t_stat": 0.9605035502438228
    },
    {
      "leverage": 2,
      "equity": 1.059662,
      "total_net_pct": 5.97,
      "ann_pct": 309.6,
      "vol_pct": 30.8,
      "max_drawdown_pct": 2.6,
      "worst_period_pct": -2.2,
      "t_stat": 0.9605035502438228
    },
    {
      "leverage": 3,
      "equity": 1.089214,
      "total_net_pct": 8.92,
      "ann_pct": 700,
      "vol_pct": 46.2,
      "max_drawdown_pct": 3.9,
      "worst_period_pct": -3.3,
      "t_stat": 0.9605035502438228
    }
  ],
  "verdict": "ACCUMULATING",
  "live_exposure_usdt": 0,
  "latest": null,
  "rebalanced_this_cycle": 0,
  "skipped": "no unbooked closed periods (latest booked 2026-08-31T20:00:00.000Z)",
  "errors": []
}
{
  "generated_at": "2026-09-01T04:46:07.688Z",
  "lane": "v7_positioning_paper",
  "signal": "top_ratio - retail_ratio, cross-sectional rank, dollar-neutral",
  "k": 6,
  "symbols": 24,
  "periods_booked": 91,
  "equity": 1.026851,
  "realised": {
    "total_net_pct": 2.6851,
    "mean_net_pct": 0.0313,
    "mean_gross_pct": 0.0404,
    "mean_cost_pct": 0.0091,
    "ann_pct": 89.2,
    "vol_pct": 15.3,
    "sharpe": 5.82,
    "t_stat": 0.91
  },
  "backtest_expectation": {
    "source": "banked v5 ledger, 24 symbols x 242 periods (40.5 days)",
    "ann_pct": 85.3,
    "vol_pct": 11.8,
    "t_stat": 1.77,
    "cross_sectional_ic": -0.0345,
    "cross_sectional_ic_t": -2.63,
    "caveat": "The BOOK's t is 1.77 — it does not reach 1.96, let alone the 2.73 that Bonferroni over 8 examined features would want. Only the raw cross-sectional IC (t=-2.63) is nominally significant; discretising it into a 6-a-side book and charging turnover costs gives most of that back. Sharpe 7.24 is an annualisation artefact of a 40-day window, not a property of the strategy."
  },
  "sample_requirement": {
    "observed_sd_pct": 0.3275,
    "observed_edge_pct": 0.0313,
    "n_for_t196": 420,
    "days_to_n": 70
  },
  "booked_at_leverage": 1,
  "leverage_view": [
    {
      "leverage": 1,
      "equity": 1.028409,
      "total_net_pct": 2.84,
      "ann_pct": 96.2,
      "vol_pct": 15.3,
      "max_drawdown_pct": 1.3,
      "worst_period_pct": -1.1,
      "t_stat": 0.9125039345250655
    },
    {
      "leverage": 2,
      "equity": 1.056587,
      "total_net_pct": 5.66,
      "ann_pct": 276.1,
      "vol_pct": 30.6,
      "max_drawdown_pct": 2.6,
      "worst_period_pct": -2.2,
      "t_stat": 0.9125039345250655
    },
    {
      "leverage": 3,
      "equity": 1.084472,
      "total_net_pct": 8.45,
      "ann_pct": 604,
      "vol_pct": 46,
      "max_drawdown_pct": 3.9,
      "worst_period_pct": -3.3,
      "t_stat": 0.9125039345250655
    }
  ],
  "verdict": "ACCUMULATING",
  "live_exposure_usdt": 0,
  "latest": {
    "ts": "2026-09-01T00:00:00.000Z",
    "longs": [
      "BNBUSDT",
      "ETHUSDT",
      "XRPUSDT",
      "SANDUSDT",
      "SUIUSDT",
      "SOLUSDT"
    ],
    "shorts": [
      "GALAUSDT",
      "TIAUSDT",
      "ATOMUSDT",
      "FILUSDT",
      "APTUSDT",
      "INJUSDT"
    ],
    "net_pct": -0.1451
  },
  "rebalanced_this_cycle": 1,
  "skipped": null,
  "errors": []
}
{
  "generated_at": "2026-09-01T05:46:13.492Z",
  "lane": "v7_positioning_paper",
  "signal": "top_ratio - retail_ratio, cross-sectional rank, dollar-neutral",
  "k": 6,
  "symbols": 24,
  "periods_booked": 91,
  "equity": 1.026851,
  "realised": {
    "total_net_pct": 2.6851,
    "mean_net_pct": 0.0313,
    "mean_gross_pct": 0.0404,
    "mean_cost_pct": 0.0091,
    "ann_pct": 89.2,
    "vol_pct": 15.3,
    "sharpe": 5.82,
    "t_stat": 0.91
  },
  "backtest_expectation": {
    "source": "banked v5 ledger, 24 symbols x 242 periods (40.5 days)",
    "ann_pct": 85.3,
    "vol_pct": 11.8,
    "t_stat": 1.77,
    "cross_sectional_ic": -0.0345,
    "cross_sectional_ic_t": -2.63,
    "caveat": "The BOOK's t is 1.77 — it does not reach 1.96, let alone the 2.73 that Bonferroni over 8 examined features would want. Only the raw cross-sectional IC (t=-2.63) is nominally significant; discretising it into a 6-a-side book and charging turnover costs gives most of that back. Sharpe 7.24 is an annualisation artefact of a 40-day window, not a property of the strategy."
  },
  "sample_requirement": {
    "observed_sd_pct": 0.3275,
    "observed_edge_pct": 0.0313,
    "n_for_t196": 420,
    "days_to_n": 70
  },
  "booked_at_leverage": 1,
  "leverage_view": [
    {
      "leverage": 1,
      "equity": 1.028409,
      "total_net_pct": 2.84,
      "ann_pct": 96.2,
      "vol_pct": 15.3,
      "max_drawdown_pct": 1.3,
      "worst_period_pct": -1.1,
      "t_stat": 0.9125039345250655
    },
    {
      "leverage": 2,
      "equity": 1.056587,
      "total_net_pct": 5.66,
      "ann_pct": 276.1,
      "vol_pct": 30.6,
      "max_drawdown_pct": 2.6,
      "worst_period_pct": -2.2,
      "t_stat": 0.9125039345250655
    },
    {
      "leverage": 3,
      "equity": 1.084472,
      "total_net_pct": 8.45,
      "ann_pct": 604,
      "vol_pct": 46,
      "max_drawdown_pct": 3.9,
      "worst_period_pct": -3.3,
      "t_stat": 0.9125039345250655
    }
  ],
  "verdict": "ACCUMULATING",
  "live_exposure_usdt": 0,
  "latest": null,
  "rebalanced_this_cycle": 0,
  "skipped": "no unbooked closed periods (latest booked 2026-09-01T00:00:00.000Z)",
  "errors": []
}
{
  "generated_at": "2026-09-01T06:46:17.111Z",
  "lane": "v7_positioning_paper",
  "signal": "top_ratio - retail_ratio, cross-sectional rank, dollar-neutral",
  "k": 6,
  "symbols": 24,
  "periods_booked": 91,
  "equity": 1.026851,
  "realised": {
    "total_net_pct": 2.6851,
    "mean_net_pct": 0.0313,
    "mean_gross_pct": 0.0404,
    "mean_cost_pct": 0.0091,
    "ann_pct": 89.2,
    "vol_pct": 15.3,
    "sharpe": 5.82,
    "t_stat": 0.91
  },
  "backtest_expectation": {
    "source": "banked v5 ledger, 24 symbols x 242 periods (40.5 days)",
    "ann_pct": 85.3,
    "vol_pct": 11.8,
    "t_stat": 1.77,
    "cross_sectional_ic": -0.0345,
    "cross_sectional_ic_t": -2.63,
    "caveat": "The BOOK's t is 1.77 — it does not reach 1.96, let alone the 2.73 that Bonferroni over 8 examined features would want. Only the raw cross-sectional IC (t=-2.63) is nominally significant; discretising it into a 6-a-side book and charging turnover costs gives most of that back. Sharpe 7.24 is an annualisation artefact of a 40-day window, not a property of the strategy."
  },
  "sample_requirement": {
    "observed_sd_pct": 0.3275,
    "observed_edge_pct": 0.0313,
    "n_for_t196": 420,
    "days_to_n": 70
  },
  "booked_at_leverage": 1,
  "leverage_view": [
    {
      "leverage": 1,
      "equity": 1.028409,
      "total_net_pct": 2.84,
      "ann_pct": 96.2,
      "vol_pct": 15.3,
      "max_drawdown_pct": 1.3,
      "worst_period_pct": -1.1,
      "t_stat": 0.9125039345250655
    },
    {
      "leverage": 2,
      "equity": 1.056587,
      "total_net_pct": 5.66,
      "ann_pct": 276.1,
      "vol_pct": 30.6,
      "max_drawdown_pct": 2.6,
      "worst_period_pct": -2.2,
      "t_stat": 0.9125039345250655
    },
    {
      "leverage": 3,
      "equity": 1.084472,
      "total_net_pct": 8.45,
      "ann_pct": 604,
      "vol_pct": 46,
      "max_drawdown_pct": 3.9,
      "worst_period_pct": -3.3,
      "t_stat": 0.9125039345250655
    }
  ],
  "verdict": "ACCUMULATING",
  "live_exposure_usdt": 0,
  "latest": null,
  "rebalanced_this_cycle": 0,
  "skipped": "no unbooked closed periods (latest booked 2026-09-01T00:00:00.000Z)",
  "errors": []
}
{
  "generated_at": "2026-09-01T07:46:20.507Z",
  "lane": "v7_positioning_paper",
  "signal": "top_ratio - retail_ratio, cross-sectional rank, dollar-neutral",
  "k": 6,
  "symbols": 24,
  "periods_booked": 91,
  "equity": 1.026851,
  "realised": {
    "total_net_pct": 2.6851,
    "mean_net_pct": 0.0313,
    "mean_gross_pct": 0.0404,
    "mean_cost_pct": 0.0091,
    "ann_pct": 89.2,
    "vol_pct": 15.3,
    "sharpe": 5.82,
    "t_stat": 0.91
  },
  "backtest_expectation": {
    "source": "banked v5 ledger, 24 symbols x 242 periods (40.5 days)",
    "ann_pct": 85.3,
    "vol_pct": 11.8,
    "t_stat": 1.77,
    "cross_sectional_ic": -0.0345,
    "cross_sectional_ic_t": -2.63,
    "caveat": "The BOOK's t is 1.77 — it does not reach 1.96, let alone the 2.73 that Bonferroni over 8 examined features would want. Only the raw cross-sectional IC (t=-2.63) is nominally significant; discretising it into a 6-a-side book and charging turnover costs gives most of that back. Sharpe 7.24 is an annualisation artefact of a 40-day window, not a property of the strategy."
  },
  "sample_requirement": {
    "observed_sd_pct": 0.3275,
    "observed_edge_pct": 0.0313,
    "n_for_t196": 420,
    "days_to_n": 70
  },
  "booked_at_leverage": 1,
  "leverage_view": [
    {
      "leverage": 1,
      "equity": 1.028409,
      "total_net_pct": 2.84,
      "ann_pct": 96.2,
      "vol_pct": 15.3,
      "max_drawdown_pct": 1.3,
      "worst_period_pct": -1.1,
      "t_stat": 0.9125039345250655
    },
    {
      "leverage": 2,
      "equity": 1.056587,
      "total_net_pct": 5.66,
      "ann_pct": 276.1,
      "vol_pct": 30.6,
      "max_drawdown_pct": 2.6,
      "worst_period_pct": -2.2,
      "t_stat": 0.9125039345250655
    },
    {
      "leverage": 3,
      "equity": 1.084472,
      "total_net_pct": 8.45,
      "ann_pct": 604,
      "vol_pct": 46,
      "max_drawdown_pct": 3.9,
      "worst_period_pct": -3.3,
      "t_stat": 0.9125039345250655
    }
  ],
  "verdict": "ACCUMULATING",
  "live_exposure_usdt": 0,
  "latest": null,
  "rebalanced_this_cycle": 0,
  "skipped": "no unbooked closed periods (latest booked 2026-09-01T00:00:00.000Z)",
  "errors": []
}
{
  "generated_at": "2026-09-01T08:46:24.182Z",
  "lane": "v7_positioning_paper",
  "signal": "top_ratio - retail_ratio, cross-sectional rank, dollar-neutral",
  "k": 6,
  "symbols": 24,
  "periods_booked": 92,
  "equity": 1.02249,
  "realised": {
    "total_net_pct": 2.249,
    "mean_net_pct": 0.0264,
    "mean_gross_pct": 0.0354,
    "mean_cost_pct": 0.009,
    "ann_pct": 69.8,
    "vol_pct": 15.4,
    "sharpe": 4.53,
    "t_stat": 0.77
  },
  "backtest_expectation": {
    "source": "banked v5 ledger, 24 symbols x 242 periods (40.5 days)",
    "ann_pct": 85.3,
    "vol_pct": 11.8,
    "t_stat": 1.77,
    "cross_sectional_ic": -0.0345,
    "cross_sectional_ic_t": -2.63,
    "caveat": "The BOOK's t is 1.77 — it does not reach 1.96, let alone the 2.73 that Bonferroni over 8 examined features would want. Only the raw cross-sectional IC (t=-2.63) is nominally significant; discretising it into a 6-a-side book and charging turnover costs gives most of that back. Sharpe 7.24 is an annualisation artefact of a 40-day window, not a property of the strategy."
  },
  "sample_requirement": {
    "observed_sd_pct": 0.3291,
    "observed_edge_pct": 0.0264,
    "n_for_t196": 599,
    "days_to_n": 100
  },
  "booked_at_leverage": 1,
  "leverage_view": [
    {
      "leverage": 1,
      "equity": 1.024041,
      "total_net_pct": 2.4,
      "ann_pct": 76,
      "vol_pct": 15.4,
      "max_drawdown_pct": 1.3,
      "worst_period_pct": -1.1,
      "t_stat": 0.7684912920804283
    },
    {
      "leverage": 2,
      "equity": 1.047612,
      "total_net_pct": 4.76,
      "ann_pct": 202.6,
      "vol_pct": 30.8,
      "max_drawdown_pct": 2.6,
      "worst_period_pct": -2.2,
      "t_stat": 0.7684912920804283
    },
    {
      "leverage": 3,
      "equity": 1.070655,
      "total_net_pct": 7.07,
      "ann_pct": 407.9,
      "vol_pct": 46.2,
      "max_drawdown_pct": 3.9,
      "worst_period_pct": -3.3,
      "t_stat": 0.7684912920804283
    }
  ],
  "verdict": "ACCUMULATING",
  "live_exposure_usdt": 0,
  "latest": {
    "ts": "2026-09-01T04:00:00.000Z",
    "longs": [
      "BNBUSDT",
      "ETHUSDT",
      "XRPUSDT",
      "SANDUSDT",
      "SOLUSDT",
      "SUIUSDT"
    ],
    "shorts": [
      "GALAUSDT",
      "TIAUSDT",
      "FILUSDT",
      "ATOMUSDT",
      "APTUSDT",
      "INJUSDT"
    ],
    "net_pct": -0.4247
  },
  "rebalanced_this_cycle": 1,
  "skipped": null,
  "errors": []
}
{
  "generated_at": "2026-09-01T09:46:27.757Z",
  "lane": "v7_positioning_paper",
  "signal": "top_ratio - retail_ratio, cross-sectional rank, dollar-neutral",
  "k": 6,
  "symbols": 24,
  "periods_booked": 92,
  "equity": 1.02249,
  "realised": {
    "total_net_pct": 2.249,
    "mean_net_pct": 0.0264,
    "mean_gross_pct": 0.0354,
    "mean_cost_pct": 0.009,
    "ann_pct": 69.8,
    "vol_pct": 15.4,
    "sharpe": 4.53,
    "t_stat": 0.77
  },
  "backtest_expectation": {
    "source": "banked v5 ledger, 24 symbols x 242 periods (40.5 days)",
    "ann_pct": 85.3,
    "vol_pct": 11.8,
    "t_stat": 1.77,
    "cross_sectional_ic": -0.0345,
    "cross_sectional_ic_t": -2.63,
    "caveat": "The BOOK's t is 1.77 — it does not reach 1.96, let alone the 2.73 that Bonferroni over 8 examined features would want. Only the raw cross-sectional IC (t=-2.63) is nominally significant; discretising it into a 6-a-side book and charging turnover costs gives most of that back. Sharpe 7.24 is an annualisation artefact of a 40-day window, not a property of the strategy."
  },
  "sample_requirement": {
    "observed_sd_pct": 0.3291,
    "observed_edge_pct": 0.0264,
    "n_for_t196": 599,
    "days_to_n": 100
  },
  "booked_at_leverage": 1,
  "leverage_view": [
    {
      "leverage": 1,
      "equity": 1.024041,
      "total_net_pct": 2.4,
      "ann_pct": 76,
      "vol_pct": 15.4,
      "max_drawdown_pct": 1.3,
      "worst_period_pct": -1.1,
      "t_stat": 0.7684912920804283
    },
    {
      "leverage": 2,
      "equity": 1.047612,
      "total_net_pct": 4.76,
      "ann_pct": 202.6,
      "vol_pct": 30.8,
      "max_drawdown_pct": 2.6,
      "worst_period_pct": -2.2,
      "t_stat": 0.7684912920804283
    },
    {
      "leverage": 3,
      "equity": 1.070655,
      "total_net_pct": 7.07,
      "ann_pct": 407.9,
      "vol_pct": 46.2,
      "max_drawdown_pct": 3.9,
      "worst_period_pct": -3.3,
      "t_stat": 0.7684912920804283
    }
  ],
  "verdict": "ACCUMULATING",
  "live_exposure_usdt": 0,
  "latest": null,
  "rebalanced_this_cycle": 0,
  "skipped": "no unbooked closed periods (latest booked 2026-09-01T04:00:00.000Z)",
  "errors": []
}
{
  "generated_at": "2026-09-01T10:46:31.641Z",
  "lane": "v7_positioning_paper",
  "signal": "top_ratio - retail_ratio, cross-sectional rank, dollar-neutral",
  "k": 6,
  "symbols": 24,
  "periods_booked": 92,
  "equity": 1.02249,
  "realised": {
    "total_net_pct": 2.249,
    "mean_net_pct": 0.0264,
    "mean_gross_pct": 0.0354,
    "mean_cost_pct": 0.009,
    "ann_pct": 69.8,
    "vol_pct": 15.4,
    "sharpe": 4.53,
    "t_stat": 0.77
  },
  "backtest_expectation": {
    "source": "banked v5 ledger, 24 symbols x 242 periods (40.5 days)",
    "ann_pct": 85.3,
    "vol_pct": 11.8,
    "t_stat": 1.77,
    "cross_sectional_ic": -0.0345,
    "cross_sectional_ic_t": -2.63,
    "caveat": "The BOOK's t is 1.77 — it does not reach 1.96, let alone the 2.73 that Bonferroni over 8 examined features would want. Only the raw cross-sectional IC (t=-2.63) is nominally significant; discretising it into a 6-a-side book and charging turnover costs gives most of that back. Sharpe 7.24 is an annualisation artefact of a 40-day window, not a property of the strategy."
  },
  "sample_requirement": {
    "observed_sd_pct": 0.3291,
    "observed_edge_pct": 0.0264,
    "n_for_t196": 599,
    "days_to_n": 100
  },
  "booked_at_leverage": 1,
  "leverage_view": [
    {
      "leverage": 1,
      "equity": 1.024041,
      "total_net_pct": 2.4,
      "ann_pct": 76,
      "vol_pct": 15.4,
      "max_drawdown_pct": 1.3,
      "worst_period_pct": -1.1,
      "t_stat": 0.7684912920804283
    },
    {
      "leverage": 2,
      "equity": 1.047612,
      "total_net_pct": 4.76,
      "ann_pct": 202.6,
      "vol_pct": 30.8,
      "max_drawdown_pct": 2.6,
      "worst_period_pct": -2.2,
      "t_stat": 0.7684912920804283
    },
    {
      "leverage": 3,
      "equity": 1.070655,
      "total_net_pct": 7.07,
      "ann_pct": 407.9,
      "vol_pct": 46.2,
      "max_drawdown_pct": 3.9,
      "worst_period_pct": -3.3,
      "t_stat": 0.7684912920804283
    }
  ],
  "verdict": "ACCUMULATING",
  "live_exposure_usdt": 0,
  "latest": null,
  "rebalanced_this_cycle": 0,
  "skipped": "no unbooked closed periods (latest booked 2026-09-01T04:00:00.000Z)",
  "errors": []
}
{
  "generated_at": "2026-09-01T11:46:35.514Z",
  "lane": "v7_positioning_paper",
  "signal": "top_ratio - retail_ratio, cross-sectional rank, dollar-neutral",
  "k": 6,
  "symbols": 24,
  "periods_booked": 92,
  "equity": 1.02249,
  "realised": {
    "total_net_pct": 2.249,
    "mean_net_pct": 0.0264,
    "mean_gross_pct": 0.0354,
    "mean_cost_pct": 0.009,
    "ann_pct": 69.8,
    "vol_pct": 15.4,
    "sharpe": 4.53,
    "t_stat": 0.77
  },
  "backtest_expectation": {
    "source": "banked v5 ledger, 24 symbols x 242 periods (40.5 days)",
    "ann_pct": 85.3,
    "vol_pct": 11.8,
    "t_stat": 1.77,
    "cross_sectional_ic": -0.0345,
    "cross_sectional_ic_t": -2.63,
    "caveat": "The BOOK's t is 1.77 — it does not reach 1.96, let alone the 2.73 that Bonferroni over 8 examined features would want. Only the raw cross-sectional IC (t=-2.63) is nominally significant; discretising it into a 6-a-side book and charging turnover costs gives most of that back. Sharpe 7.24 is an annualisation artefact of a 40-day window, not a property of the strategy."
  },
  "sample_requirement": {
    "observed_sd_pct": 0.3291,
    "observed_edge_pct": 0.0264,
    "n_for_t196": 599,
    "days_to_n": 100
  },
  "booked_at_leverage": 1,
  "leverage_view": [
    {
      "leverage": 1,
      "equity": 1.024041,
      "total_net_pct": 2.4,
      "ann_pct": 76,
      "vol_pct": 15.4,
      "max_drawdown_pct": 1.3,
      "worst_period_pct": -1.1,
      "t_stat": 0.7684912920804283
    },
    {
      "leverage": 2,
      "equity": 1.047612,
      "total_net_pct": 4.76,
      "ann_pct": 202.6,
      "vol_pct": 30.8,
      "max_drawdown_pct": 2.6,
      "worst_period_pct": -2.2,
      "t_stat": 0.7684912920804283
    },
    {
      "leverage": 3,
      "equity": 1.070655,
      "total_net_pct": 7.07,
      "ann_pct": 407.9,
      "vol_pct": 46.2,
      "max_drawdown_pct": 3.9,
      "worst_period_pct": -3.3,
      "t_stat": 0.7684912920804283
    }
  ],
  "verdict": "ACCUMULATING",
  "live_exposure_usdt": 0,
  "latest": null,
  "rebalanced_this_cycle": 0,
  "skipped": "no unbooked closed periods (latest booked 2026-09-01T04:00:00.000Z)",
  "errors": []
}
{
  "generated_at": "2026-09-01T12:46:38.926Z",
  "lane": "v7_positioning_paper",
  "signal": "top_ratio - retail_ratio, cross-sectional rank, dollar-neutral",
  "k": 6,
  "symbols": 24,
  "periods_booked": 93,
  "equity": 1.016673,
  "realised": {
    "total_net_pct": 1.6673,
    "mean_net_pct": 0.02,
    "mean_gross_pct": 0.0289,
    "mean_cost_pct": 0.0089,
    "ann_pct": 47.6,
    "vol_pct": 15.6,
    "sharpe": 3.05,
    "t_stat": 0.58
  },
  "backtest_expectation": {
    "source": "banked v5 ledger, 24 symbols x 242 periods (40.5 days)",
    "ann_pct": 85.3,
    "vol_pct": 11.8,
    "t_stat": 1.77,
    "cross_sectional_ic": -0.0345,
    "cross_sectional_ic_t": -2.63,
    "caveat": "The BOOK's t is 1.77 — it does not reach 1.96, let alone the 2.73 that Bonferroni over 8 examined features would want. Only the raw cross-sectional IC (t=-2.63) is nominally significant; discretising it into a 6-a-side book and charging turnover costs gives most of that back. Sharpe 7.24 is an annualisation artefact of a 40-day window, not a property of the strategy."
  },
  "sample_requirement": {
    "observed_sd_pct": 0.333,
    "observed_edge_pct": 0.02,
    "n_for_t196": 1069,
    "days_to_n": 178
  },
  "booked_at_leverage": 1,
  "leverage_view": [
    {
      "leverage": 1,
      "equity": 1.018216,
      "total_net_pct": 1.82,
      "ann_pct": 53,
      "vol_pct": 15.6,
      "max_drawdown_pct": 1.8,
      "worst_period_pct": -1.1,
      "t_stat": 0.5781819366241981
    },
    {
      "leverage": 2,
      "equity": 1.035692,
      "total_net_pct": 3.57,
      "ann_pct": 128.4,
      "vol_pct": 31.2,
      "max_drawdown_pct": 3.5,
      "worst_period_pct": -2.2,
      "t_stat": 0.5781819366241981
    },
    {
      "leverage": 3,
      "equity": 1.052382,
      "total_net_pct": 5.24,
      "ann_pct": 232.8,
      "vol_pct": 46.8,
      "max_drawdown_pct": 5.2,
      "worst_period_pct": -3.3,
      "t_stat": 0.5781819366241981
    }
  ],
  "verdict": "ACCUMULATING",
  "live_exposure_usdt": 0,
  "latest": {
    "ts": "2026-09-01T08:00:00.000Z",
    "longs": [
      "BNBUSDT",
      "ETHUSDT",
      "XRPUSDT",
      "SANDUSDT",
      "SOLUSDT",
      "SUIUSDT"
    ],
    "shorts": [
      "GALAUSDT",
      "TIAUSDT",
      "FILUSDT",
      "ATOMUSDT",
      "APTUSDT",
      "INJUSDT"
    ],
    "net_pct": -0.5689
  },
  "rebalanced_this_cycle": 1,
  "skipped": null,
  "errors": []
}
{
  "generated_at": "2026-09-01T13:46:42.383Z",
  "lane": "v7_positioning_paper",
  "signal": "top_ratio - retail_ratio, cross-sectional rank, dollar-neutral",
  "k": 6,
  "symbols": 24,
  "periods_booked": 93,
  "equity": 1.016673,
  "realised": {
    "total_net_pct": 1.6673,
    "mean_net_pct": 0.02,
    "mean_gross_pct": 0.0289,
    "mean_cost_pct": 0.0089,
    "ann_pct": 47.6,
    "vol_pct": 15.6,
    "sharpe": 3.05,
    "t_stat": 0.58
  },
  "backtest_expectation": {
    "source": "banked v5 ledger, 24 symbols x 242 periods (40.5 days)",
    "ann_pct": 85.3,
    "vol_pct": 11.8,
    "t_stat": 1.77,
    "cross_sectional_ic": -0.0345,
    "cross_sectional_ic_t": -2.63,
    "caveat": "The BOOK's t is 1.77 — it does not reach 1.96, let alone the 2.73 that Bonferroni over 8 examined features would want. Only the raw cross-sectional IC (t=-2.63) is nominally significant; discretising it into a 6-a-side book and charging turnover costs gives most of that back. Sharpe 7.24 is an annualisation artefact of a 40-day window, not a property of the strategy."
  },
  "sample_requirement": {
    "observed_sd_pct": 0.333,
    "observed_edge_pct": 0.02,
    "n_for_t196": 1069,
    "days_to_n": 178
  },
  "booked_at_leverage": 1,
  "leverage_view": [
    {
      "leverage": 1,
      "equity": 1.018216,
      "total_net_pct": 1.82,
      "ann_pct": 53,
      "vol_pct": 15.6,
      "max_drawdown_pct": 1.8,
      "worst_period_pct": -1.1,
      "t_stat": 0.5781819366241981
    },
    {
      "leverage": 2,
      "equity": 1.035692,
      "total_net_pct": 3.57,
      "ann_pct": 128.4,
      "vol_pct": 31.2,
      "max_drawdown_pct": 3.5,
      "worst_period_pct": -2.2,
      "t_stat": 0.5781819366241981
    },
    {
      "leverage": 3,
      "equity": 1.052382,
      "total_net_pct": 5.24,
      "ann_pct": 232.8,
      "vol_pct": 46.8,
      "max_drawdown_pct": 5.2,
      "worst_period_pct": -3.3,
      "t_stat": 0.5781819366241981
    }
  ],
  "verdict": "ACCUMULATING",
  "live_exposure_usdt": 0,
  "latest": null,
  "rebalanced_this_cycle": 0,
  "skipped": "no unbooked closed periods (latest booked 2026-09-01T08:00:00.000Z)",
  "errors": []
}
{
  "generated_at": "2026-09-01T14:46:45.787Z",
  "lane": "v7_positioning_paper",
  "signal": "top_ratio - retail_ratio, cross-sectional rank, dollar-neutral",
  "k": 6,
  "symbols": 24,
  "periods_booked": 93,
  "equity": 1.016673,
  "realised": {
    "total_net_pct": 1.6673,
    "mean_net_pct": 0.02,
    "mean_gross_pct": 0.0289,
    "mean_cost_pct": 0.0089,
    "ann_pct": 47.6,
    "vol_pct": 15.6,
    "sharpe": 3.05,
    "t_stat": 0.58
  },
  "backtest_expectation": {
    "source": "banked v5 ledger, 24 symbols x 242 periods (40.5 days)",
    "ann_pct": 85.3,
    "vol_pct": 11.8,
    "t_stat": 1.77,
    "cross_sectional_ic": -0.0345,
    "cross_sectional_ic_t": -2.63,
    "caveat": "The BOOK's t is 1.77 — it does not reach 1.96, let alone the 2.73 that Bonferroni over 8 examined features would want. Only the raw cross-sectional IC (t=-2.63) is nominally significant; discretising it into a 6-a-side book and charging turnover costs gives most of that back. Sharpe 7.24 is an annualisation artefact of a 40-day window, not a property of the strategy."
  },
  "sample_requirement": {
    "observed_sd_pct": 0.333,
    "observed_edge_pct": 0.02,
    "n_for_t196": 1069,
    "days_to_n": 178
  },
  "booked_at_leverage": 1,
  "leverage_view": [
    {
      "leverage": 1,
      "equity": 1.018216,
      "total_net_pct": 1.82,
      "ann_pct": 53,
      "vol_pct": 15.6,
      "max_drawdown_pct": 1.8,
      "worst_period_pct": -1.1,
      "t_stat": 0.5781819366241981
    },
    {
      "leverage": 2,
      "equity": 1.035692,
      "total_net_pct": 3.57,
      "ann_pct": 128.4,
      "vol_pct": 31.2,
      "max_drawdown_pct": 3.5,
      "worst_period_pct": -2.2,
      "t_stat": 0.5781819366241981
    },
    {
      "leverage": 3,
      "equity": 1.052382,
      "total_net_pct": 5.24,
      "ann_pct": 232.8,
      "vol_pct": 46.8,
      "max_drawdown_pct": 5.2,
      "worst_period_pct": -3.3,
      "t_stat": 0.5781819366241981
    }
  ],
  "verdict": "ACCUMULATING",
  "live_exposure_usdt": 0,
  "latest": null,
  "rebalanced_this_cycle": 0,
  "skipped": "no unbooked closed periods (latest booked 2026-09-01T08:00:00.000Z)",
  "errors": []
}
{
  "generated_at": "2026-09-01T15:46:51.255Z",
  "lane": "v7_positioning_paper",
  "signal": "top_ratio - retail_ratio, cross-sectional rank, dollar-neutral",
  "k": 6,
  "symbols": 24,
  "periods_booked": 93,
  "equity": 1.016673,
  "realised": {
    "total_net_pct": 1.6673,
    "mean_net_pct": 0.02,
    "mean_gross_pct": 0.0289,
    "mean_cost_pct": 0.0089,
    "ann_pct": 47.6,
    "vol_pct": 15.6,
    "sharpe": 3.05,
    "t_stat": 0.58
  },
  "backtest_expectation": {
    "source": "banked v5 ledger, 24 symbols x 242 periods (40.5 days)",
    "ann_pct": 85.3,
    "vol_pct": 11.8,
    "t_stat": 1.77,
    "cross_sectional_ic": -0.0345,
    "cross_sectional_ic_t": -2.63,
    "caveat": "The BOOK's t is 1.77 — it does not reach 1.96, let alone the 2.73 that Bonferroni over 8 examined features would want. Only the raw cross-sectional IC (t=-2.63) is nominally significant; discretising it into a 6-a-side book and charging turnover costs gives most of that back. Sharpe 7.24 is an annualisation artefact of a 40-day window, not a property of the strategy."
  },
  "sample_requirement": {
    "observed_sd_pct": 0.333,
    "observed_edge_pct": 0.02,
    "n_for_t196": 1069,
    "days_to_n": 178
  },
  "booked_at_leverage": 1,
  "leverage_view": [
    {
      "leverage": 1,
      "equity": 1.018216,
      "total_net_pct": 1.82,
      "ann_pct": 53,
      "vol_pct": 15.6,
      "max_drawdown_pct": 1.8,
      "worst_period_pct": -1.1,
      "t_stat": 0.5781819366241981
    },
    {
      "leverage": 2,
      "equity": 1.035692,
      "total_net_pct": 3.57,
      "ann_pct": 128.4,
      "vol_pct": 31.2,
      "max_drawdown_pct": 3.5,
      "worst_period_pct": -2.2,
      "t_stat": 0.5781819366241981
    },
    {
      "leverage": 3,
      "equity": 1.052382,
      "total_net_pct": 5.24,
      "ann_pct": 232.8,
      "vol_pct": 46.8,
      "max_drawdown_pct": 5.2,
      "worst_period_pct": -3.3,
      "t_stat": 0.5781819366241981
    }
  ],
  "verdict": "ACCUMULATING",
  "live_exposure_usdt": 0,
  "latest": null,
  "rebalanced_this_cycle": 0,
  "skipped": "no unbooked closed periods (latest booked 2026-09-01T08:00:00.000Z)",
  "errors": []
}
{
  "generated_at": "2026-09-01T16:46:54.862Z",
  "lane": "v7_positioning_paper",
  "signal": "top_ratio - retail_ratio, cross-sectional rank, dollar-neutral",
  "k": 6,
  "symbols": 24,
  "periods_booked": 94,
  "equity": 1.013807,
  "realised": {
    "total_net_pct": 1.3807,
    "mean_net_pct": 0.0168,
    "mean_gross_pct": 0.0256,
    "mean_cost_pct": 0.0088,
    "ann_pct": 37.6,
    "vol_pct": 15.6,
    "sharpe": 2.42,
    "t_stat": 0.49
  },
  "backtest_expectation": {
    "source": "banked v5 ledger, 24 symbols x 242 periods (40.5 days)",
    "ann_pct": 85.3,
    "vol_pct": 11.8,
    "t_stat": 1.77,
    "cross_sectional_ic": -0.0345,
    "cross_sectional_ic_t": -2.63,
    "caveat": "The BOOK's t is 1.77 — it does not reach 1.96, let alone the 2.73 that Bonferroni over 8 examined features would want. Only the raw cross-sectional IC (t=-2.63) is nominally significant; discretising it into a 6-a-side book and charging turnover costs gives most of that back. Sharpe 7.24 is an annualisation artefact of a 40-day window, not a property of the strategy."
  },
  "sample_requirement": {
    "observed_sd_pct": 0.3327,
    "observed_edge_pct": 0.0168,
    "n_for_t196": 1515,
    "days_to_n": 253
  },
  "booked_at_leverage": 1,
  "leverage_view": [
    {
      "leverage": 1,
      "equity": 1.015345,
      "total_net_pct": 1.53,
      "ann_pct": 42.6,
      "vol_pct": 15.6,
      "max_drawdown_pct": 2,
      "worst_period_pct": -1.1,
      "t_stat": 0.4882776295832314
    },
    {
      "leverage": 2,
      "equity": 1.029853,
      "total_net_pct": 2.99,
      "ann_pct": 98.4,
      "vol_pct": 31.1,
      "max_drawdown_pct": 4,
      "worst_period_pct": -2.2,
      "t_stat": 0.4882776295832314
    },
    {
      "leverage": 3,
      "equity": 1.043482,
      "total_net_pct": 4.35,
      "ann_pct": 169.6,
      "vol_pct": 46.7,
      "max_drawdown_pct": 6,
      "worst_period_pct": -3.3,
      "t_stat": 0.4882776295832314
    }
  ],
  "verdict": "ACCUMULATING",
  "live_exposure_usdt": 0,
  "latest": {
    "ts": "2026-09-01T12:00:00.000Z",
    "longs": [
      "ETHUSDT",
      "BNBUSDT",
      "XRPUSDT",
      "SOLUSDT",
      "SANDUSDT",
      "SUIUSDT"
    ],
    "shorts": [
      "GALAUSDT",
      "TIAUSDT",
      "APTUSDT",
      "ATOMUSDT",
      "FILUSDT",
      "INJUSDT"
    ],
    "net_pct": -0.2819
  },
  "rebalanced_this_cycle": 1,
  "skipped": null,
  "errors": []
}
{
  "generated_at": "2026-09-01T17:46:58.276Z",
  "lane": "v7_positioning_paper",
  "signal": "top_ratio - retail_ratio, cross-sectional rank, dollar-neutral",
  "k": 6,
  "symbols": 24,
  "periods_booked": 94,
  "equity": 1.013807,
  "realised": {
    "total_net_pct": 1.3807,
    "mean_net_pct": 0.0168,
    "mean_gross_pct": 0.0256,
    "mean_cost_pct": 0.0088,
    "ann_pct": 37.6,
    "vol_pct": 15.6,
    "sharpe": 2.42,
    "t_stat": 0.49
  },
  "backtest_expectation": {
    "source": "banked v5 ledger, 24 symbols x 242 periods (40.5 days)",
    "ann_pct": 85.3,
    "vol_pct": 11.8,
    "t_stat": 1.77,
    "cross_sectional_ic": -0.0345,
    "cross_sectional_ic_t": -2.63,
    "caveat": "The BOOK's t is 1.77 — it does not reach 1.96, let alone the 2.73 that Bonferroni over 8 examined features would want. Only the raw cross-sectional IC (t=-2.63) is nominally significant; discretising it into a 6-a-side book and charging turnover costs gives most of that back. Sharpe 7.24 is an annualisation artefact of a 40-day window, not a property of the strategy."
  },
  "sample_requirement": {
    "observed_sd_pct": 0.3327,
    "observed_edge_pct": 0.0168,
    "n_for_t196": 1515,
    "days_to_n": 253
  },
  "booked_at_leverage": 1,
  "leverage_view": [
    {
      "leverage": 1,
      "equity": 1.015345,
      "total_net_pct": 1.53,
      "ann_pct": 42.6,
      "vol_pct": 15.6,
      "max_drawdown_pct": 2,
      "worst_period_pct": -1.1,
      "t_stat": 0.4882776295832314
    },
    {
      "leverage": 2,
      "equity": 1.029853,
      "total_net_pct": 2.99,
      "ann_pct": 98.4,
      "vol_pct": 31.1,
      "max_drawdown_pct": 4,
      "worst_period_pct": -2.2,
      "t_stat": 0.4882776295832314
    },
    {
      "leverage": 3,
      "equity": 1.043482,
      "total_net_pct": 4.35,
      "ann_pct": 169.6,
      "vol_pct": 46.7,
      "max_drawdown_pct": 6,
      "worst_period_pct": -3.3,
      "t_stat": 0.4882776295832314
    }
  ],
  "verdict": "ACCUMULATING",
  "live_exposure_usdt": 0,
  "latest": null,
  "rebalanced_this_cycle": 0,
  "skipped": "no unbooked closed periods (latest booked 2026-09-01T12:00:00.000Z)",
  "errors": []
}
{
  "generated_at": "2026-09-01T18:47:01.744Z",
  "lane": "v7_positioning_paper",
  "signal": "top_ratio - retail_ratio, cross-sectional rank, dollar-neutral",
  "k": 6,
  "symbols": 24,
  "periods_booked": 94,
  "equity": 1.013807,
  "realised": {
    "total_net_pct": 1.3807,
    "mean_net_pct": 0.0168,
    "mean_gross_pct": 0.0256,
    "mean_cost_pct": 0.0088,
    "ann_pct": 37.6,
    "vol_pct": 15.6,
    "sharpe": 2.42,
    "t_stat": 0.49
  },
  "backtest_expectation": {
    "source": "banked v5 ledger, 24 symbols x 242 periods (40.5 days)",
    "ann_pct": 85.3,
    "vol_pct": 11.8,
    "t_stat": 1.77,
    "cross_sectional_ic": -0.0345,
    "cross_sectional_ic_t": -2.63,
    "caveat": "The BOOK's t is 1.77 — it does not reach 1.96, let alone the 2.73 that Bonferroni over 8 examined features would want. Only the raw cross-sectional IC (t=-2.63) is nominally significant; discretising it into a 6-a-side book and charging turnover costs gives most of that back. Sharpe 7.24 is an annualisation artefact of a 40-day window, not a property of the strategy."
  },
  "sample_requirement": {
    "observed_sd_pct": 0.3327,
    "observed_edge_pct": 0.0168,
    "n_for_t196": 1515,
    "days_to_n": 253
  },
  "booked_at_leverage": 1,
  "leverage_view": [
    {
      "leverage": 1,
      "equity": 1.015345,
      "total_net_pct": 1.53,
      "ann_pct": 42.6,
      "vol_pct": 15.6,
      "max_drawdown_pct": 2,
      "worst_period_pct": -1.1,
      "t_stat": 0.4882776295832314
    },
    {
      "leverage": 2,
      "equity": 1.029853,
      "total_net_pct": 2.99,
      "ann_pct": 98.4,
      "vol_pct": 31.1,
      "max_drawdown_pct": 4,
      "worst_period_pct": -2.2,
      "t_stat": 0.4882776295832314
    },
    {
      "leverage": 3,
      "equity": 1.043482,
      "total_net_pct": 4.35,
      "ann_pct": 169.6,
      "vol_pct": 46.7,
      "max_drawdown_pct": 6,
      "worst_period_pct": -3.3,
      "t_stat": 0.4882776295832314
    }
  ],
  "verdict": "ACCUMULATING",
  "live_exposure_usdt": 0,
  "latest": null,
  "rebalanced_this_cycle": 0,
  "skipped": "no unbooked closed periods (latest booked 2026-09-01T12:00:00.000Z)",
  "errors": []
}
{
  "generated_at": "2026-09-01T19:47:05.140Z",
  "lane": "v7_positioning_paper",
  "signal": "top_ratio - retail_ratio, cross-sectional rank, dollar-neutral",
  "k": 6,
  "symbols": 24,
  "periods_booked": 94,
  "equity": 1.013807,
  "realised": {
    "total_net_pct": 1.3807,
    "mean_net_pct": 0.0168,
    "mean_gross_pct": 0.0256,
    "mean_cost_pct": 0.0088,
    "ann_pct": 37.6,
    "vol_pct": 15.6,
    "sharpe": 2.42,
    "t_stat": 0.49
  },
  "backtest_expectation": {
    "source": "banked v5 ledger, 24 symbols x 242 periods (40.5 days)",
    "ann_pct": 85.3,
    "vol_pct": 11.8,
    "t_stat": 1.77,
    "cross_sectional_ic": -0.0345,
    "cross_sectional_ic_t": -2.63,
    "caveat": "The BOOK's t is 1.77 — it does not reach 1.96, let alone the 2.73 that Bonferroni over 8 examined features would want. Only the raw cross-sectional IC (t=-2.63) is nominally significant; discretising it into a 6-a-side book and charging turnover costs gives most of that back. Sharpe 7.24 is an annualisation artefact of a 40-day window, not a property of the strategy."
  },
  "sample_requirement": {
    "observed_sd_pct": 0.3327,
    "observed_edge_pct": 0.0168,
    "n_for_t196": 1515,
    "days_to_n": 253
  },
  "booked_at_leverage": 1,
  "leverage_view": [
    {
      "leverage": 1,
      "equity": 1.015345,
      "total_net_pct": 1.53,
      "ann_pct": 42.6,
      "vol_pct": 15.6,
      "max_drawdown_pct": 2,
      "worst_period_pct": -1.1,
      "t_stat": 0.4882776295832314
    },
    {
      "leverage": 2,
      "equity": 1.029853,
      "total_net_pct": 2.99,
      "ann_pct": 98.4,
      "vol_pct": 31.1,
      "max_drawdown_pct": 4,
      "worst_period_pct": -2.2,
      "t_stat": 0.4882776295832314
    },
    {
      "leverage": 3,
      "equity": 1.043482,
      "total_net_pct": 4.35,
      "ann_pct": 169.6,
      "vol_pct": 46.7,
      "max_drawdown_pct": 6,
      "worst_period_pct": -3.3,
      "t_stat": 0.4882776295832314
    }
  ],
  "verdict": "ACCUMULATING",
  "live_exposure_usdt": 0,
  "latest": null,
  "rebalanced_this_cycle": 0,
  "skipped": "no unbooked closed periods (latest booked 2026-09-01T12:00:00.000Z)",
  "errors": []
}
{
  "generated_at": "2026-09-01T20:47:08.633Z",
  "lane": "v7_positioning_paper",
  "signal": "top_ratio - retail_ratio, cross-sectional rank, dollar-neutral",
  "k": 6,
  "symbols": 24,
  "periods_booked": 95,
  "equity": 0.998223,
  "realised": {
    "total_net_pct": -0.1777,
    "mean_net_pct": 0.0004,
    "mean_gross_pct": 0.0092,
    "mean_cost_pct": 0.0088,
    "ann_pct": -4,
    "vol_pct": 17.2,
    "sharpe": -0.23,
    "t_stat": 0.01
  },
  "backtest_expectation": {
    "source": "banked v5 ledger, 24 symbols x 242 periods (40.5 days)",
    "ann_pct": 85.3,
    "vol_pct": 11.8,
    "t_stat": 1.77,
    "cross_sectional_ic": -0.0345,
    "cross_sectional_ic_t": -2.63,
    "caveat": "The BOOK's t is 1.77 — it does not reach 1.96, let alone the 2.73 that Bonferroni over 8 examined features would want. Only the raw cross-sectional IC (t=-2.63) is nominally significant; discretising it into a 6-a-side book and charging turnover costs gives most of that back. Sharpe 7.24 is an annualisation artefact of a 40-day window, not a property of the strategy."
  },
  "sample_requirement": {
    "observed_sd_pct": 0.367,
    "observed_edge_pct": 0.0004,
    "n_for_t196": 3267825,
    "days_to_n": 544638
  },
  "booked_at_leverage": 1,
  "leverage_view": [
    {
      "leverage": 1,
      "equity": 0.999737,
      "total_net_pct": -0.03,
      "ann_pct": -0.6,
      "vol_pct": 17.2,
      "max_drawdown_pct": 3.5,
      "worst_period_pct": -1.5,
      "t_stat": 0.01056789499830132
    },
    {
      "leverage": 2,
      "equity": 0.998191,
      "total_net_pct": -0.18,
      "ann_pct": -4.1,
      "vol_pct": 34.3,
      "max_drawdown_pct": 7,
      "worst_period_pct": -3.1,
      "t_stat": 0.01056789499830132
    },
    {
      "leverage": 3,
      "equity": 0.995361,
      "total_net_pct": -0.46,
      "ann_pct": -10.2,
      "vol_pct": 51.5,
      "max_drawdown_pct": 10.4,
      "worst_period_pct": -4.6,
      "t_stat": 0.01056789499830132
    }
  ],
  "verdict": "ACCUMULATING",
  "live_exposure_usdt": 0,
  "latest": {
    "ts": "2026-09-01T16:00:00.000Z",
    "longs": [
      "ETHUSDT",
      "BNBUSDT",
      "XRPUSDT",
      "SOLUSDT",
      "SANDUSDT",
      "ARBUSDT"
    ],
    "shorts": [
      "GALAUSDT",
      "TIAUSDT",
      "APTUSDT",
      "ATOMUSDT",
      "FILUSDT",
      "INJUSDT"
    ],
    "net_pct": -1.5372
  },
  "rebalanced_this_cycle": 1,
  "skipped": null,
  "errors": []
}
{
  "generated_at": "2026-09-01T21:47:12.153Z",
  "lane": "v7_positioning_paper",
  "signal": "top_ratio - retail_ratio, cross-sectional rank, dollar-neutral",
  "k": 6,
  "symbols": 24,
  "periods_booked": 95,
  "equity": 0.998223,
  "realised": {
    "total_net_pct": -0.1777,
    "mean_net_pct": 0.0004,
    "mean_gross_pct": 0.0092,
    "mean_cost_pct": 0.0088,
    "ann_pct": -4,
    "vol_pct": 17.2,
    "sharpe": -0.23,
    "t_stat": 0.01
  },
  "backtest_expectation": {
    "source": "banked v5 ledger, 24 symbols x 242 periods (40.5 days)",
    "ann_pct": 85.3,
    "vol_pct": 11.8,
    "t_stat": 1.77,
    "cross_sectional_ic": -0.0345,
    "cross_sectional_ic_t": -2.63,
    "caveat": "The BOOK's t is 1.77 — it does not reach 1.96, let alone the 2.73 that Bonferroni over 8 examined features would want. Only the raw cross-sectional IC (t=-2.63) is nominally significant; discretising it into a 6-a-side book and charging turnover costs gives most of that back. Sharpe 7.24 is an annualisation artefact of a 40-day window, not a property of the strategy."
  },
  "sample_requirement": {
    "observed_sd_pct": 0.367,
    "observed_edge_pct": 0.0004,
    "n_for_t196": 3267825,
    "days_to_n": 544638
  },
  "booked_at_leverage": 1,
  "leverage_view": [
    {
      "leverage": 1,
      "equity": 0.999737,
      "total_net_pct": -0.03,
      "ann_pct": -0.6,
      "vol_pct": 17.2,
      "max_drawdown_pct": 3.5,
      "worst_period_pct": -1.5,
      "t_stat": 0.01056789499830132
    },
    {
      "leverage": 2,
      "equity": 0.998191,
      "total_net_pct": -0.18,
      "ann_pct": -4.1,
      "vol_pct": 34.3,
      "max_drawdown_pct": 7,
      "worst_period_pct": -3.1,
      "t_stat": 0.01056789499830132
    },
    {
      "leverage": 3,
      "equity": 0.995361,
      "total_net_pct": -0.46,
      "ann_pct": -10.2,
      "vol_pct": 51.5,
      "max_drawdown_pct": 10.4,
      "worst_period_pct": -4.6,
      "t_stat": 0.01056789499830132
    }
  ],
  "verdict": "ACCUMULATING",
  "live_exposure_usdt": 0,
  "latest": null,
  "rebalanced_this_cycle": 0,
  "skipped": "no unbooked closed periods (latest booked 2026-09-01T16:00:00.000Z)",
  "errors": []
}
{
  "generated_at": "2026-09-01T22:47:15.658Z",
  "lane": "v7_positioning_paper",
  "signal": "top_ratio - retail_ratio, cross-sectional rank, dollar-neutral",
  "k": 6,
  "symbols": 24,
  "periods_booked": 95,
  "equity": 0.998223,
  "realised": {
    "total_net_pct": -0.1777,
    "mean_net_pct": 0.0004,
    "mean_gross_pct": 0.0092,
    "mean_cost_pct": 0.0088,
    "ann_pct": -4,
    "vol_pct": 17.2,
    "sharpe": -0.23,
    "t_stat": 0.01
  },
  "backtest_expectation": {
    "source": "banked v5 ledger, 24 symbols x 242 periods (40.5 days)",
    "ann_pct": 85.3,
    "vol_pct": 11.8,
    "t_stat": 1.77,
    "cross_sectional_ic": -0.0345,
    "cross_sectional_ic_t": -2.63,
    "caveat": "The BOOK's t is 1.77 — it does not reach 1.96, let alone the 2.73 that Bonferroni over 8 examined features would want. Only the raw cross-sectional IC (t=-2.63) is nominally significant; discretising it into a 6-a-side book and charging turnover costs gives most of that back. Sharpe 7.24 is an annualisation artefact of a 40-day window, not a property of the strategy."
  },
  "sample_requirement": {
    "observed_sd_pct": 0.367,
    "observed_edge_pct": 0.0004,
    "n_for_t196": 3267825,
    "days_to_n": 544638
  },
  "booked_at_leverage": 1,
  "leverage_view": [
    {
      "leverage": 1,
      "equity": 0.999737,
      "total_net_pct": -0.03,
      "ann_pct": -0.6,
      "vol_pct": 17.2,
      "max_drawdown_pct": 3.5,
      "worst_period_pct": -1.5,
      "t_stat": 0.01056789499830132
    },
    {
      "leverage": 2,
      "equity": 0.998191,
      "total_net_pct": -0.18,
      "ann_pct": -4.1,
      "vol_pct": 34.3,
      "max_drawdown_pct": 7,
      "worst_period_pct": -3.1,
      "t_stat": 0.01056789499830132
    },
    {
      "leverage": 3,
      "equity": 0.995361,
      "total_net_pct": -0.46,
      "ann_pct": -10.2,
      "vol_pct": 51.5,
      "max_drawdown_pct": 10.4,
      "worst_period_pct": -4.6,
      "t_stat": 0.01056789499830132
    }
  ],
  "verdict": "ACCUMULATING",
  "live_exposure_usdt": 0,
  "latest": null,
  "rebalanced_this_cycle": 0,
  "skipped": "no unbooked closed periods (latest booked 2026-09-01T16:00:00.000Z)",
  "errors": []
}
{
  "generated_at": "2026-09-01T23:47:19.152Z",
  "lane": "v7_positioning_paper",
  "signal": "top_ratio - retail_ratio, cross-sectional rank, dollar-neutral",
  "k": 6,
  "symbols": 24,
  "periods_booked": 95,
  "equity": 0.998223,
  "realised": {
    "total_net_pct": -0.1777,
    "mean_net_pct": 0.0004,
    "mean_gross_pct": 0.0092,
    "mean_cost_pct": 0.0088,
    "ann_pct": -4,
    "vol_pct": 17.2,
    "sharpe": -0.23,
    "t_stat": 0.01
  },
  "backtest_expectation": {
    "source": "banked v5 ledger, 24 symbols x 242 periods (40.5 days)",
    "ann_pct": 85.3,
    "vol_pct": 11.8,
    "t_stat": 1.77,
    "cross_sectional_ic": -0.0345,
    "cross_sectional_ic_t": -2.63,
    "caveat": "The BOOK's t is 1.77 — it does not reach 1.96, let alone the 2.73 that Bonferroni over 8 examined features would want. Only the raw cross-sectional IC (t=-2.63) is nominally significant; discretising it into a 6-a-side book and charging turnover costs gives most of that back. Sharpe 7.24 is an annualisation artefact of a 40-day window, not a property of the strategy."
  },
  "sample_requirement": {
    "observed_sd_pct": 0.367,
    "observed_edge_pct": 0.0004,
    "n_for_t196": 3267825,
    "days_to_n": 544638
  },
  "booked_at_leverage": 1,
  "leverage_view": [
    {
      "leverage": 1,
      "equity": 0.999737,
      "total_net_pct": -0.03,
      "ann_pct": -0.6,
      "vol_pct": 17.2,
      "max_drawdown_pct": 3.5,
      "worst_period_pct": -1.5,
      "t_stat": 0.01056789499830132
    },
    {
      "leverage": 2,
      "equity": 0.998191,
      "total_net_pct": -0.18,
      "ann_pct": -4.1,
      "vol_pct": 34.3,
      "max_drawdown_pct": 7,
      "worst_period_pct": -3.1,
      "t_stat": 0.01056789499830132
    },
    {
      "leverage": 3,
      "equity": 0.995361,
      "total_net_pct": -0.46,
      "ann_pct": -10.2,
      "vol_pct": 51.5,
      "max_drawdown_pct": 10.4,
      "worst_period_pct": -4.6,
      "t_stat": 0.01056789499830132
    }
  ],
  "verdict": "ACCUMULATING",
  "live_exposure_usdt": 0,
  "latest": null,
  "rebalanced_this_cycle": 0,
  "skipped": "no unbooked closed periods (latest booked 2026-09-01T16:00:00.000Z)",
  "errors": []
}
{
  "generated_at": "2026-09-02T00:47:22.566Z",
  "lane": "v7_positioning_paper",
  "signal": "top_ratio - retail_ratio, cross-sectional rank, dollar-neutral",
  "k": 6,
  "symbols": 24,
  "periods_booked": 96,
  "equity": 1.001915,
  "realised": {
    "total_net_pct": 0.1915,
    "mean_net_pct": 0.0042,
    "mean_gross_pct": 0.0132,
    "mean_cost_pct": 0.009,
    "ann_pct": 4.5,
    "vol_pct": 17.2,
    "sharpe": 0.26,
    "t_stat": 0.11
  },
  "backtest_expectation": {
    "source": "banked v5 ledger, 24 symbols x 242 periods (40.5 days)",
    "ann_pct": 85.3,
    "vol_pct": 11.8,
    "t_stat": 1.77,
    "cross_sectional_ic": -0.0345,
    "cross_sectional_ic_t": -2.63,
    "caveat": "The BOOK's t is 1.77 — it does not reach 1.96, let alone the 2.73 that Bonferroni over 8 examined features would want. Only the raw cross-sectional IC (t=-2.63) is nominally significant; discretising it into a 6-a-side book and charging turnover costs gives most of that back. Sharpe 7.24 is an annualisation artefact of a 40-day window, not a property of the strategy."
  },
  "sample_requirement": {
    "observed_sd_pct": 0.367,
    "observed_edge_pct": 0.0042,
    "n_for_t196": 28700,
    "days_to_n": 4783
  },
  "booked_at_leverage": 1,
  "leverage_view": [
    {
      "leverage": 1,
      "equity": 1.003434,
      "total_net_pct": 0.34,
      "ann_pct": 8.1,
      "vol_pct": 17.2,
      "max_drawdown_pct": 3.5,
      "worst_period_pct": -1.5,
      "t_stat": 0.11335768267770742
    },
    {
      "leverage": 2,
      "equity": 1.005574,
      "total_net_pct": 0.56,
      "ann_pct": 13.5,
      "vol_pct": 34.3,
      "max_drawdown_pct": 7,
      "worst_period_pct": -3.1,
      "t_stat": 0.11335768267770742
    },
    {
      "leverage": 3,
      "equity": 1.006403,
      "total_net_pct": 0.64,
      "ann_pct": 15.7,
      "vol_pct": 51.5,
      "max_drawdown_pct": 10.4,
      "worst_period_pct": -4.6,
      "t_stat": 0.11335768267770742
    }
  ],
  "verdict": "ACCUMULATING",
  "live_exposure_usdt": 0,
  "latest": {
    "ts": "2026-09-01T20:00:00.000Z",
    "longs": [
      "ETHUSDT",
      "BNBUSDT",
      "XRPUSDT",
      "SOLUSDT",
      "SANDUSDT",
      "NEARUSDT"
    ],
    "shorts": [
      "GALAUSDT",
      "DOGEUSDT",
      "APTUSDT",
      "TIAUSDT",
      "ATOMUSDT",
      "INJUSDT"
    ],
    "net_pct": 0.3698
  },
  "rebalanced_this_cycle": 1,
  "skipped": null,
  "errors": []
}
{
  "generated_at": "2026-09-02T01:47:26.092Z",
  "lane": "v7_positioning_paper",
  "signal": "top_ratio - retail_ratio, cross-sectional rank, dollar-neutral",
  "k": 6,
  "symbols": 24,
  "periods_booked": 96,
  "equity": 1.001915,
  "realised": {
    "total_net_pct": 0.1915,
    "mean_net_pct": 0.0042,
    "mean_gross_pct": 0.0132,
    "mean_cost_pct": 0.009,
    "ann_pct": 4.5,
    "vol_pct": 17.2,
    "sharpe": 0.26,
    "t_stat": 0.11
  },
  "backtest_expectation": {
    "source": "banked v5 ledger, 24 symbols x 242 periods (40.5 days)",
    "ann_pct": 85.3,
    "vol_pct": 11.8,
    "t_stat": 1.77,
    "cross_sectional_ic": -0.0345,
    "cross_sectional_ic_t": -2.63,
    "caveat": "The BOOK's t is 1.77 — it does not reach 1.96, let alone the 2.73 that Bonferroni over 8 examined features would want. Only the raw cross-sectional IC (t=-2.63) is nominally significant; discretising it into a 6-a-side book and charging turnover costs gives most of that back. Sharpe 7.24 is an annualisation artefact of a 40-day window, not a property of the strategy."
  },
  "sample_requirement": {
    "observed_sd_pct": 0.367,
    "observed_edge_pct": 0.0042,
    "n_for_t196": 28700,
    "days_to_n": 4783
  },
  "booked_at_leverage": 1,
  "leverage_view": [
    {
      "leverage": 1,
      "equity": 1.003434,
      "total_net_pct": 0.34,
      "ann_pct": 8.1,
      "vol_pct": 17.2,
      "max_drawdown_pct": 3.5,
      "worst_period_pct": -1.5,
      "t_stat": 0.11335768267770742
    },
    {
      "leverage": 2,
      "equity": 1.005574,
      "total_net_pct": 0.56,
      "ann_pct": 13.5,
      "vol_pct": 34.3,
      "max_drawdown_pct": 7,
      "worst_period_pct": -3.1,
      "t_stat": 0.11335768267770742
    },
    {
      "leverage": 3,
      "equity": 1.006403,
      "total_net_pct": 0.64,
      "ann_pct": 15.7,
      "vol_pct": 51.5,
      "max_drawdown_pct": 10.4,
      "worst_period_pct": -4.6,
      "t_stat": 0.11335768267770742
    }
  ],
  "verdict": "ACCUMULATING",
  "live_exposure_usdt": 0,
  "latest": null,
  "rebalanced_this_cycle": 0,
  "skipped": "no unbooked closed periods (latest booked 2026-09-01T20:00:00.000Z)",
  "errors": []
}
{
  "generated_at": "2026-09-02T02:47:29.531Z",
  "lane": "v7_positioning_paper",
  "signal": "top_ratio - retail_ratio, cross-sectional rank, dollar-neutral",
  "k": 6,
  "symbols": 24,
  "periods_booked": 96,
  "equity": 1.001915,
  "realised": {
    "total_net_pct": 0.1915,
    "mean_net_pct": 0.0042,
    "mean_gross_pct": 0.0132,
    "mean_cost_pct": 0.009,
    "ann_pct": 4.5,
    "vol_pct": 17.2,
    "sharpe": 0.26,
    "t_stat": 0.11
  },
  "backtest_expectation": {
    "source": "banked v5 ledger, 24 symbols x 242 periods (40.5 days)",
    "ann_pct": 85.3,
    "vol_pct": 11.8,
    "t_stat": 1.77,
    "cross_sectional_ic": -0.0345,
    "cross_sectional_ic_t": -2.63,
    "caveat": "The BOOK's t is 1.77 — it does not reach 1.96, let alone the 2.73 that Bonferroni over 8 examined features would want. Only the raw cross-sectional IC (t=-2.63) is nominally significant; discretising it into a 6-a-side book and charging turnover costs gives most of that back. Sharpe 7.24 is an annualisation artefact of a 40-day window, not a property of the strategy."
  },
  "sample_requirement": {
    "observed_sd_pct": 0.367,
    "observed_edge_pct": 0.0042,
    "n_for_t196": 28700,
    "days_to_n": 4783
  },
  "booked_at_leverage": 1,
  "leverage_view": [
    {
      "leverage": 1,
      "equity": 1.003434,
      "total_net_pct": 0.34,
      "ann_pct": 8.1,
      "vol_pct": 17.2,
      "max_drawdown_pct": 3.5,
      "worst_period_pct": -1.5,
      "t_stat": 0.11335768267770742
    },
    {
      "leverage": 2,
      "equity": 1.005574,
      "total_net_pct": 0.56,
      "ann_pct": 13.5,
      "vol_pct": 34.3,
      "max_drawdown_pct": 7,
      "worst_period_pct": -3.1,
      "t_stat": 0.11335768267770742
    },
    {
      "leverage": 3,
      "equity": 1.006403,
      "total_net_pct": 0.64,
      "ann_pct": 15.7,
      "vol_pct": 51.5,
      "max_drawdown_pct": 10.4,
      "worst_period_pct": -4.6,
      "t_stat": 0.11335768267770742
    }
  ],
  "verdict": "ACCUMULATING",
  "live_exposure_usdt": 0,
  "latest": null,
  "rebalanced_this_cycle": 0,
  "skipped": "no unbooked closed periods (latest booked 2026-09-01T20:00:00.000Z)",
  "errors": []
}
{
  "generated_at": "2026-09-02T03:47:33.058Z",
  "lane": "v7_positioning_paper",
  "signal": "top_ratio - retail_ratio, cross-sectional rank, dollar-neutral",
  "k": 6,
  "symbols": 24,
  "periods_booked": 96,
  "equity": 1.001915,
  "realised": {
    "total_net_pct": 0.1915,
    "mean_net_pct": 0.0042,
    "mean_gross_pct": 0.0132,
    "mean_cost_pct": 0.009,
    "ann_pct": 4.5,
    "vol_pct": 17.2,
    "sharpe": 0.26,
    "t_stat": 0.11
  },
  "backtest_expectation": {
    "source": "banked v5 ledger, 24 symbols x 242 periods (40.5 days)",
    "ann_pct": 85.3,
    "vol_pct": 11.8,
    "t_stat": 1.77,
    "cross_sectional_ic": -0.0345,
    "cross_sectional_ic_t": -2.63,
    "caveat": "The BOOK's t is 1.77 — it does not reach 1.96, let alone the 2.73 that Bonferroni over 8 examined features would want. Only the raw cross-sectional IC (t=-2.63) is nominally significant; discretising it into a 6-a-side book and charging turnover costs gives most of that back. Sharpe 7.24 is an annualisation artefact of a 40-day window, not a property of the strategy."
  },
  "sample_requirement": {
    "observed_sd_pct": 0.367,
    "observed_edge_pct": 0.0042,
    "n_for_t196": 28700,
    "days_to_n": 4783
  },
  "booked_at_leverage": 1,
  "leverage_view": [
    {
      "leverage": 1,
      "equity": 1.003434,
      "total_net_pct": 0.34,
      "ann_pct": 8.1,
      "vol_pct": 17.2,
      "max_drawdown_pct": 3.5,
      "worst_period_pct": -1.5,
      "t_stat": 0.11335768267770742
    },
    {
      "leverage": 2,
      "equity": 1.005574,
      "total_net_pct": 0.56,
      "ann_pct": 13.5,
      "vol_pct": 34.3,
      "max_drawdown_pct": 7,
      "worst_period_pct": -3.1,
      "t_stat": 0.11335768267770742
    },
    {
      "leverage": 3,
      "equity": 1.006403,
      "total_net_pct": 0.64,
      "ann_pct": 15.7,
      "vol_pct": 51.5,
      "max_drawdown_pct": 10.4,
      "worst_period_pct": -4.6,
      "t_stat": 0.11335768267770742
    }
  ],
  "verdict": "ACCUMULATING",
  "live_exposure_usdt": 0,
  "latest": null,
  "rebalanced_this_cycle": 0,
  "skipped": "no unbooked closed periods (latest booked 2026-09-01T20:00:00.000Z)",
  "errors": []
}
{
  "generated_at": "2026-09-02T04:47:36.523Z",
  "lane": "v7_positioning_paper",
  "signal": "top_ratio - retail_ratio, cross-sectional rank, dollar-neutral",
  "k": 6,
  "symbols": 24,
  "periods_booked": 97,
  "equity": 0.998026,
  "realised": {
    "total_net_pct": -0.1974,
    "mean_net_pct": 0.0002,
    "mean_gross_pct": 0.0092,
    "mean_cost_pct": 0.009,
    "ann_pct": -4.4,
    "vol_pct": 17.2,
    "sharpe": -0.25,
    "t_stat": 0.01
  },
  "backtest_expectation": {
    "source": "banked v5 ledger, 24 symbols x 242 periods (40.5 days)",
    "ann_pct": 85.3,
    "vol_pct": 11.8,
    "t_stat": 1.77,
    "cross_sectional_ic": -0.0345,
    "cross_sectional_ic_t": -2.63,
    "caveat": "The BOOK's t is 1.77 — it does not reach 1.96, let alone the 2.73 that Bonferroni over 8 examined features would want. Only the raw cross-sectional IC (t=-2.63) is nominally significant; discretising it into a 6-a-side book and charging turnover costs gives most of that back. Sharpe 7.24 is an annualisation artefact of a 40-day window, not a property of the strategy."
  },
  "sample_requirement": {
    "observed_sd_pct": 0.3672,
    "observed_edge_pct": 0.0002,
    "n_for_t196": 12952005,
    "days_to_n": 2158668
  },
  "booked_at_leverage": 1,
  "leverage_view": [
    {
      "leverage": 1,
      "equity": 0.999539,
      "total_net_pct": -0.05,
      "ann_pct": -1,
      "vol_pct": 17.2,
      "max_drawdown_pct": 3.6,
      "worst_period_pct": -1.5,
      "t_stat": 0.005363810752067647
    },
    {
      "leverage": 2,
      "equity": 0.997767,
      "total_net_pct": -0.22,
      "ann_pct": -4.9,
      "vol_pct": 34.4,
      "max_drawdown_pct": 7,
      "worst_period_pct": -3.1,
      "t_stat": 0.005363810752067647
    },
    {
      "leverage": 3,
      "equity": 0.994683,
      "total_net_pct": -0.53,
      "ann_pct": -11.3,
      "vol_pct": 51.6,
      "max_drawdown_pct": 10.4,
      "worst_period_pct": -4.6,
      "t_stat": 0.005363810752067647
    }
  ],
  "verdict": "ACCUMULATING",
  "live_exposure_usdt": 0,
  "latest": {
    "ts": "2026-09-02T00:00:00.000Z",
    "longs": [
      "ETHUSDT",
      "BNBUSDT",
      "XRPUSDT",
      "SOLUSDT",
      "ARBUSDT",
      "SANDUSDT"
    ],
    "shorts": [
      "DOGEUSDT",
      "GALAUSDT",
      "TIAUSDT",
      "APTUSDT",
      "INJUSDT",
      "ATOMUSDT"
    ],
    "net_pct": -0.3882
  },
  "rebalanced_this_cycle": 1,
  "skipped": null,
  "errors": []
}
{
  "generated_at": "2026-09-02T05:47:40.114Z",
  "lane": "v7_positioning_paper",
  "signal": "top_ratio - retail_ratio, cross-sectional rank, dollar-neutral",
  "k": 6,
  "symbols": 24,
  "periods_booked": 97,
  "equity": 0.998026,
  "realised": {
    "total_net_pct": -0.1974,
    "mean_net_pct": 0.0002,
    "mean_gross_pct": 0.0092,
    "mean_cost_pct": 0.009,
    "ann_pct": -4.4,
    "vol_pct": 17.2,
    "sharpe": -0.25,
    "t_stat": 0.01
  },
  "backtest_expectation": {
    "source": "banked v5 ledger, 24 symbols x 242 periods (40.5 days)",
    "ann_pct": 85.3,
    "vol_pct": 11.8,
    "t_stat": 1.77,
    "cross_sectional_ic": -0.0345,
    "cross_sectional_ic_t": -2.63,
    "caveat": "The BOOK's t is 1.77 — it does not reach 1.96, let alone the 2.73 that Bonferroni over 8 examined features would want. Only the raw cross-sectional IC (t=-2.63) is nominally significant; discretising it into a 6-a-side book and charging turnover costs gives most of that back. Sharpe 7.24 is an annualisation artefact of a 40-day window, not a property of the strategy."
  },
  "sample_requirement": {
    "observed_sd_pct": 0.3672,
    "observed_edge_pct": 0.0002,
    "n_for_t196": 12952005,
    "days_to_n": 2158668
  },
  "booked_at_leverage": 1,
  "leverage_view": [
    {
      "leverage": 1,
      "equity": 0.999539,
      "total_net_pct": -0.05,
      "ann_pct": -1,
      "vol_pct": 17.2,
      "max_drawdown_pct": 3.6,
      "worst_period_pct": -1.5,
      "t_stat": 0.005363810752067647
    },
    {
      "leverage": 2,
      "equity": 0.997767,
      "total_net_pct": -0.22,
      "ann_pct": -4.9,
      "vol_pct": 34.4,
      "max_drawdown_pct": 7,
      "worst_period_pct": -3.1,
      "t_stat": 0.005363810752067647
    },
    {
      "leverage": 3,
      "equity": 0.994683,
      "total_net_pct": -0.53,
      "ann_pct": -11.3,
      "vol_pct": 51.6,
      "max_drawdown_pct": 10.4,
      "worst_period_pct": -4.6,
      "t_stat": 0.005363810752067647
    }
  ],
  "verdict": "ACCUMULATING",
  "live_exposure_usdt": 0,
  "latest": null,
  "rebalanced_this_cycle": 0,
  "skipped": "no unbooked closed periods (latest booked 2026-09-02T00:00:00.000Z)",
  "errors": []
}
{
  "generated_at": "2026-09-02T06:47:43.597Z",
  "lane": "v7_positioning_paper",
  "signal": "top_ratio - retail_ratio, cross-sectional rank, dollar-neutral",
  "k": 6,
  "symbols": 24,
  "periods_booked": 97,
  "equity": 0.998026,
  "realised": {
    "total_net_pct": -0.1974,
    "mean_net_pct": 0.0002,
    "mean_gross_pct": 0.0092,
    "mean_cost_pct": 0.009,
    "ann_pct": -4.4,
    "vol_pct": 17.2,
    "sharpe": -0.25,
    "t_stat": 0.01
  },
  "backtest_expectation": {
    "source": "banked v5 ledger, 24 symbols x 242 periods (40.5 days)",
    "ann_pct": 85.3,
    "vol_pct": 11.8,
    "t_stat": 1.77,
    "cross_sectional_ic": -0.0345,
    "cross_sectional_ic_t": -2.63,
    "caveat": "The BOOK's t is 1.77 — it does not reach 1.96, let alone the 2.73 that Bonferroni over 8 examined features would want. Only the raw cross-sectional IC (t=-2.63) is nominally significant; discretising it into a 6-a-side book and charging turnover costs gives most of that back. Sharpe 7.24 is an annualisation artefact of a 40-day window, not a property of the strategy."
  },
  "sample_requirement": {
    "observed_sd_pct": 0.3672,
    "observed_edge_pct": 0.0002,
    "n_for_t196": 12952005,
    "days_to_n": 2158668
  },
  "booked_at_leverage": 1,
  "leverage_view": [
    {
      "leverage": 1,
      "equity": 0.999539,
      "total_net_pct": -0.05,
      "ann_pct": -1,
      "vol_pct": 17.2,
      "max_drawdown_pct": 3.6,
      "worst_period_pct": -1.5,
      "t_stat": 0.005363810752067647
    },
    {
      "leverage": 2,
      "equity": 0.997767,
      "total_net_pct": -0.22,
      "ann_pct": -4.9,
      "vol_pct": 34.4,
      "max_drawdown_pct": 7,
      "worst_period_pct": -3.1,
      "t_stat": 0.005363810752067647
    },
    {
      "leverage": 3,
      "equity": 0.994683,
      "total_net_pct": -0.53,
      "ann_pct": -11.3,
      "vol_pct": 51.6,
      "max_drawdown_pct": 10.4,
      "worst_period_pct": -4.6,
      "t_stat": 0.005363810752067647
    }
  ],
  "verdict": "ACCUMULATING",
  "live_exposure_usdt": 0,
  "latest": null,
  "rebalanced_this_cycle": 0,
  "skipped": "no unbooked closed periods (latest booked 2026-09-02T00:00:00.000Z)",
  "errors": []
}
{
  "generated_at": "2026-09-02T07:47:47.201Z",
  "lane": "v7_positioning_paper",
  "signal": "top_ratio - retail_ratio, cross-sectional rank, dollar-neutral",
  "k": 6,
  "symbols": 24,
  "periods_booked": 97,
  "equity": 0.998026,
  "realised": {
    "total_net_pct": -0.1974,
    "mean_net_pct": 0.0002,
    "mean_gross_pct": 0.0092,
    "mean_cost_pct": 0.009,
    "ann_pct": -4.4,
    "vol_pct": 17.2,
    "sharpe": -0.25,
    "t_stat": 0.01
  },
  "backtest_expectation": {
    "source": "banked v5 ledger, 24 symbols x 242 periods (40.5 days)",
    "ann_pct": 85.3,
    "vol_pct": 11.8,
    "t_stat": 1.77,
    "cross_sectional_ic": -0.0345,
    "cross_sectional_ic_t": -2.63,
    "caveat": "The BOOK's t is 1.77 — it does not reach 1.96, let alone the 2.73 that Bonferroni over 8 examined features would want. Only the raw cross-sectional IC (t=-2.63) is nominally significant; discretising it into a 6-a-side book and charging turnover costs gives most of that back. Sharpe 7.24 is an annualisation artefact of a 40-day window, not a property of the strategy."
  },
  "sample_requirement": {
    "observed_sd_pct": 0.3672,
    "observed_edge_pct": 0.0002,
    "n_for_t196": 12952005,
    "days_to_n": 2158668
  },
  "booked_at_leverage": 1,
  "leverage_view": [
    {
      "leverage": 1,
      "equity": 0.999539,
      "total_net_pct": -0.05,
      "ann_pct": -1,
      "vol_pct": 17.2,
      "max_drawdown_pct": 3.6,
      "worst_period_pct": -1.5,
      "t_stat": 0.005363810752067647
    },
    {
      "leverage": 2,
      "equity": 0.997767,
      "total_net_pct": -0.22,
      "ann_pct": -4.9,
      "vol_pct": 34.4,
      "max_drawdown_pct": 7,
      "worst_period_pct": -3.1,
      "t_stat": 0.005363810752067647
    },
    {
      "leverage": 3,
      "equity": 0.994683,
      "total_net_pct": -0.53,
      "ann_pct": -11.3,
      "vol_pct": 51.6,
      "max_drawdown_pct": 10.4,
      "worst_period_pct": -4.6,
      "t_stat": 0.005363810752067647
    }
  ],
  "verdict": "ACCUMULATING",
  "live_exposure_usdt": 0,
  "latest": null,
  "rebalanced_this_cycle": 0,
  "skipped": "no unbooked closed periods (latest booked 2026-09-02T00:00:00.000Z)",
  "errors": []
}
{
  "generated_at": "2026-09-02T08:47:50.726Z",
  "lane": "v7_positioning_paper",
  "signal": "top_ratio - retail_ratio, cross-sectional rank, dollar-neutral",
  "k": 6,
  "symbols": 24,
  "periods_booked": 98,
  "equity": 0.998813,
  "realised": {
    "total_net_pct": -0.1187,
    "mean_net_pct": 0.001,
    "mean_gross_pct": 0.0099,
    "mean_cost_pct": 0.0089,
    "ann_pct": -2.6,
    "vol_pct": 17.1,
    "sharpe": -0.15,
    "t_stat": 0.03
  },
  "backtest_expectation": {
    "source": "banked v5 ledger, 24 symbols x 242 periods (40.5 days)",
    "ann_pct": 85.3,
    "vol_pct": 11.8,
    "t_stat": 1.77,
    "cross_sectional_ic": -0.0345,
    "cross_sectional_ic_t": -2.63,
    "caveat": "The BOOK's t is 1.77 — it does not reach 1.96, let alone the 2.73 that Bonferroni over 8 examined features would want. Only the raw cross-sectional IC (t=-2.63) is nominally significant; discretising it into a 6-a-side book and charging turnover costs gives most of that back. Sharpe 7.24 is an annualisation artefact of a 40-day window, not a property of the strategy."
  },
  "sample_requirement": {
    "observed_sd_pct": 0.3654,
    "observed_edge_pct": 0.001,
    "n_for_t196": 510946,
    "days_to_n": 85158
  },
  "booked_at_leverage": 1,
  "leverage_view": [
    {
      "leverage": 1,
      "equity": 1.000327,
      "total_net_pct": 0.03,
      "ann_pct": 0.7,
      "vol_pct": 17.1,
      "max_drawdown_pct": 3.6,
      "worst_period_pct": -1.5,
      "t_stat": 0.02714449227781556
    },
    {
      "leverage": 2,
      "equity": 0.999339,
      "total_net_pct": -0.07,
      "ann_pct": -1.5,
      "vol_pct": 34.2,
      "max_drawdown_pct": 7,
      "worst_period_pct": -3.1,
      "t_stat": 0.02714449227781556
    },
    {
      "leverage": 3,
      "equity": 0.997034,
      "total_net_pct": -0.3,
      "ann_pct": -6.4,
      "vol_pct": 51.3,
      "max_drawdown_pct": 10.4,
      "worst_period_pct": -4.6,
      "t_stat": 0.02714449227781556
    }
  ],
  "verdict": "ACCUMULATING",
  "live_exposure_usdt": 0,
  "latest": {
    "ts": "2026-09-02T04:00:00.000Z",
    "longs": [
      "ETHUSDT",
      "BNBUSDT",
      "XRPUSDT",
      "ARBUSDT",
      "SANDUSDT",
      "SOLUSDT"
    ],
    "shorts": [
      "DOGEUSDT",
      "GALAUSDT",
      "TIAUSDT",
      "APTUSDT",
      "INJUSDT",
      "ATOMUSDT"
    ],
    "net_pct": 0.0788
  },
  "rebalanced_this_cycle": 1,
  "skipped": null,
  "errors": []
}
{
  "generated_at": "2026-09-02T09:47:54.109Z",
  "lane": "v7_positioning_paper",
  "signal": "top_ratio - retail_ratio, cross-sectional rank, dollar-neutral",
  "k": 6,
  "symbols": 24,
  "periods_booked": 98,
  "equity": 0.998813,
  "realised": {
    "total_net_pct": -0.1187,
    "mean_net_pct": 0.001,
    "mean_gross_pct": 0.0099,
    "mean_cost_pct": 0.0089,
    "ann_pct": -2.6,
    "vol_pct": 17.1,
    "sharpe": -0.15,
    "t_stat": 0.03
  },
  "backtest_expectation": {
    "source": "banked v5 ledger, 24 symbols x 242 periods (40.5 days)",
    "ann_pct": 85.3,
    "vol_pct": 11.8,
    "t_stat": 1.77,
    "cross_sectional_ic": -0.0345,
    "cross_sectional_ic_t": -2.63,
    "caveat": "The BOOK's t is 1.77 — it does not reach 1.96, let alone the 2.73 that Bonferroni over 8 examined features would want. Only the raw cross-sectional IC (t=-2.63) is nominally significant; discretising it into a 6-a-side book and charging turnover costs gives most of that back. Sharpe 7.24 is an annualisation artefact of a 40-day window, not a property of the strategy."
  },
  "sample_requirement": {
    "observed_sd_pct": 0.3654,
    "observed_edge_pct": 0.001,
    "n_for_t196": 510946,
    "days_to_n": 85158
  },
  "booked_at_leverage": 1,
  "leverage_view": [
    {
      "leverage": 1,
      "equity": 1.000327,
      "total_net_pct": 0.03,
      "ann_pct": 0.7,
      "vol_pct": 17.1,
      "max_drawdown_pct": 3.6,
      "worst_period_pct": -1.5,
      "t_stat": 0.02714449227781556
    },
    {
      "leverage": 2,
      "equity": 0.999339,
      "total_net_pct": -0.07,
      "ann_pct": -1.5,
      "vol_pct": 34.2,
      "max_drawdown_pct": 7,
      "worst_period_pct": -3.1,
      "t_stat": 0.02714449227781556
    },
    {
      "leverage": 3,
      "equity": 0.997034,
      "total_net_pct": -0.3,
      "ann_pct": -6.4,
      "vol_pct": 51.3,
      "max_drawdown_pct": 10.4,
      "worst_period_pct": -4.6,
      "t_stat": 0.02714449227781556
    }
  ],
  "verdict": "ACCUMULATING",
  "live_exposure_usdt": 0,
  "latest": null,
  "rebalanced_this_cycle": 0,
  "skipped": "no unbooked closed periods (latest booked 2026-09-02T04:00:00.000Z)",
  "errors": []
}
{
  "generated_at": "2026-09-02T10:47:57.770Z",
  "lane": "v7_positioning_paper",
  "signal": "top_ratio - retail_ratio, cross-sectional rank, dollar-neutral",
  "k": 6,
  "symbols": 24,
  "periods_booked": 98,
  "equity": 0.998813,
  "realised": {
    "total_net_pct": -0.1187,
    "mean_net_pct": 0.001,
    "mean_gross_pct": 0.0099,
    "mean_cost_pct": 0.0089,
    "ann_pct": -2.6,
    "vol_pct": 17.1,
    "sharpe": -0.15,
    "t_stat": 0.03
  },
  "backtest_expectation": {
    "source": "banked v5 ledger, 24 symbols x 242 periods (40.5 days)",
    "ann_pct": 85.3,
    "vol_pct": 11.8,
    "t_stat": 1.77,
    "cross_sectional_ic": -0.0345,
    "cross_sectional_ic_t": -2.63,
    "caveat": "The BOOK's t is 1.77 — it does not reach 1.96, let alone the 2.73 that Bonferroni over 8 examined features would want. Only the raw cross-sectional IC (t=-2.63) is nominally significant; discretising it into a 6-a-side book and charging turnover costs gives most of that back. Sharpe 7.24 is an annualisation artefact of a 40-day window, not a property of the strategy."
  },
  "sample_requirement": {
    "observed_sd_pct": 0.3654,
    "observed_edge_pct": 0.001,
    "n_for_t196": 510946,
    "days_to_n": 85158
  },
  "booked_at_leverage": 1,
  "leverage_view": [
    {
      "leverage": 1,
      "equity": 1.000327,
      "total_net_pct": 0.03,
      "ann_pct": 0.7,
      "vol_pct": 17.1,
      "max_drawdown_pct": 3.6,
      "worst_period_pct": -1.5,
      "t_stat": 0.02714449227781556
    },
    {
      "leverage": 2,
      "equity": 0.999339,
      "total_net_pct": -0.07,
      "ann_pct": -1.5,
      "vol_pct": 34.2,
      "max_drawdown_pct": 7,
      "worst_period_pct": -3.1,
      "t_stat": 0.02714449227781556
    },
    {
      "leverage": 3,
      "equity": 0.997034,
      "total_net_pct": -0.3,
      "ann_pct": -6.4,
      "vol_pct": 51.3,
      "max_drawdown_pct": 10.4,
      "worst_period_pct": -4.6,
      "t_stat": 0.02714449227781556
    }
  ],
  "verdict": "ACCUMULATING",
  "live_exposure_usdt": 0,
  "latest": null,
  "rebalanced_this_cycle": 0,
  "skipped": "no unbooked closed periods (latest booked 2026-09-02T04:00:00.000Z)",
  "errors": []
}
{
  "generated_at": "2026-09-02T11:48:01.325Z",
  "lane": "v7_positioning_paper",
  "signal": "top_ratio - retail_ratio, cross-sectional rank, dollar-neutral",
  "k": 6,
  "symbols": 24,
  "periods_booked": 98,
  "equity": 0.998813,
  "realised": {
    "total_net_pct": -0.1187,
    "mean_net_pct": 0.001,
    "mean_gross_pct": 0.0099,
    "mean_cost_pct": 0.0089,
    "ann_pct": -2.6,
    "vol_pct": 17.1,
    "sharpe": -0.15,
    "t_stat": 0.03
  },
  "backtest_expectation": {
    "source": "banked v5 ledger, 24 symbols x 242 periods (40.5 days)",
    "ann_pct": 85.3,
    "vol_pct": 11.8,
    "t_stat": 1.77,
    "cross_sectional_ic": -0.0345,
    "cross_sectional_ic_t": -2.63,
    "caveat": "The BOOK's t is 1.77 — it does not reach 1.96, let alone the 2.73 that Bonferroni over 8 examined features would want. Only the raw cross-sectional IC (t=-2.63) is nominally significant; discretising it into a 6-a-side book and charging turnover costs gives most of that back. Sharpe 7.24 is an annualisation artefact of a 40-day window, not a property of the strategy."
  },
  "sample_requirement": {
    "observed_sd_pct": 0.3654,
    "observed_edge_pct": 0.001,
    "n_for_t196": 510946,
    "days_to_n": 85158
  },
  "booked_at_leverage": 1,
  "leverage_view": [
    {
      "leverage": 1,
      "equity": 1.000327,
      "total_net_pct": 0.03,
      "ann_pct": 0.7,
      "vol_pct": 17.1,
      "max_drawdown_pct": 3.6,
      "worst_period_pct": -1.5,
      "t_stat": 0.02714449227781556
    },
    {
      "leverage": 2,
      "equity": 0.999339,
      "total_net_pct": -0.07,
      "ann_pct": -1.5,
      "vol_pct": 34.2,
      "max_drawdown_pct": 7,
      "worst_period_pct": -3.1,
      "t_stat": 0.02714449227781556
    },
    {
      "leverage": 3,
      "equity": 0.997034,
      "total_net_pct": -0.3,
      "ann_pct": -6.4,
      "vol_pct": 51.3,
      "max_drawdown_pct": 10.4,
      "worst_period_pct": -4.6,
      "t_stat": 0.02714449227781556
    }
  ],
  "verdict": "ACCUMULATING",
  "live_exposure_usdt": 0,
  "latest": null,
  "rebalanced_this_cycle": 0,
  "skipped": "no unbooked closed periods (latest booked 2026-09-02T04:00:00.000Z)",
  "errors": []
}
{
  "generated_at": "2026-09-02T12:48:05.593Z",
  "lane": "v7_positioning_paper",
  "signal": "top_ratio - retail_ratio, cross-sectional rank, dollar-neutral",
  "k": 6,
  "symbols": 24,
  "periods_booked": 99,
  "equity": 0.99638,
  "realised": {
    "total_net_pct": -0.362,
    "mean_net_pct": -0.0015,
    "mean_gross_pct": 0.0074,
    "mean_cost_pct": 0.0088,
    "ann_pct": -7.7,
    "vol_pct": 17.1,
    "sharpe": -0.45,
    "t_stat": -0.04
  },
  "backtest_expectation": {
    "source": "banked v5 ledger, 24 symbols x 242 periods (40.5 days)",
    "ann_pct": 85.3,
    "vol_pct": 11.8,
    "t_stat": 1.77,
    "cross_sectional_ic": -0.0345,
    "cross_sectional_ic_t": -2.63,
    "caveat": "The BOOK's t is 1.77 — it does not reach 1.96, let alone the 2.73 that Bonferroni over 8 examined features would want. Only the raw cross-sectional IC (t=-2.63) is nominally significant; discretising it into a 6-a-side book and charging turnover costs gives most of that back. Sharpe 7.24 is an annualisation artefact of a 40-day window, not a property of the strategy."
  },
  "sample_requirement": {
    "observed_sd_pct": 0.3644,
    "observed_edge_pct": -0.0015,
    "n_for_t196": 236505,
    "days_to_n": 39418
  },
  "booked_at_leverage": 1,
  "leverage_view": [
    {
      "leverage": 1,
      "equity": 0.99789,
      "total_net_pct": -0.21,
      "ann_pct": -4.6,
      "vol_pct": 17.1,
      "max_drawdown_pct": 3.7,
      "worst_period_pct": -1.5,
      "t_stat": -0.040100906723923774
    },
    {
      "leverage": 2,
      "equity": 0.99447,
      "total_net_pct": -0.55,
      "ann_pct": -11.5,
      "vol_pct": 34.1,
      "max_drawdown_pct": 7.3,
      "worst_period_pct": -3.1,
      "t_stat": -0.040100906723923774
    },
    {
      "leverage": 3,
      "equity": 0.989748,
      "total_net_pct": -1.03,
      "ann_pct": -20.4,
      "vol_pct": 51.2,
      "max_drawdown_pct": 10.9,
      "worst_period_pct": -4.6,
      "t_stat": -0.040100906723923774
    }
  ],
  "verdict": "ACCUMULATING",
  "live_exposure_usdt": 0,
  "latest": {
    "ts": "2026-09-02T08:00:00.000Z",
    "longs": [
      "ETHUSDT",
      "BNBUSDT",
      "XRPUSDT",
      "ARBUSDT",
      "SANDUSDT",
      "SOLUSDT"
    ],
    "shorts": [
      "DOGEUSDT",
      "GALAUSDT",
      "TIAUSDT",
      "APTUSDT",
      "ATOMUSDT",
      "INJUSDT"
    ],
    "net_pct": -0.2436
  },
  "rebalanced_this_cycle": 1,
  "skipped": null,
  "errors": []
}
{
  "generated_at": "2026-09-02T13:48:09.124Z",
  "lane": "v7_positioning_paper",
  "signal": "top_ratio - retail_ratio, cross-sectional rank, dollar-neutral",
  "k": 6,
  "symbols": 24,
  "periods_booked": 99,
  "equity": 0.99638,
  "realised": {
    "total_net_pct": -0.362,
    "mean_net_pct": -0.0015,
    "mean_gross_pct": 0.0074,
    "mean_cost_pct": 0.0088,
    "ann_pct": -7.7,
    "vol_pct": 17.1,
    "sharpe": -0.45,
    "t_stat": -0.04
  },
  "backtest_expectation": {
    "source": "banked v5 ledger, 24 symbols x 242 periods (40.5 days)",
    "ann_pct": 85.3,
    "vol_pct": 11.8,
    "t_stat": 1.77,
    "cross_sectional_ic": -0.0345,
    "cross_sectional_ic_t": -2.63,
    "caveat": "The BOOK's t is 1.77 — it does not reach 1.96, let alone the 2.73 that Bonferroni over 8 examined features would want. Only the raw cross-sectional IC (t=-2.63) is nominally significant; discretising it into a 6-a-side book and charging turnover costs gives most of that back. Sharpe 7.24 is an annualisation artefact of a 40-day window, not a property of the strategy."
  },
  "sample_requirement": {
    "observed_sd_pct": 0.3644,
    "observed_edge_pct": -0.0015,
    "n_for_t196": 236505,
    "days_to_n": 39418
  },
  "booked_at_leverage": 1,
  "leverage_view": [
    {
      "leverage": 1,
      "equity": 0.99789,
      "total_net_pct": -0.21,
      "ann_pct": -4.6,
      "vol_pct": 17.1,
      "max_drawdown_pct": 3.7,
      "worst_period_pct": -1.5,
      "t_stat": -0.040100906723923774
    },
    {
      "leverage": 2,
      "equity": 0.99447,
      "total_net_pct": -0.55,
      "ann_pct": -11.5,
      "vol_pct": 34.1,
      "max_drawdown_pct": 7.3,
      "worst_period_pct": -3.1,
      "t_stat": -0.040100906723923774
    },
    {
      "leverage": 3,
      "equity": 0.989748,
      "total_net_pct": -1.03,
      "ann_pct": -20.4,
      "vol_pct": 51.2,
      "max_drawdown_pct": 10.9,
      "worst_period_pct": -4.6,
      "t_stat": -0.040100906723923774
    }
  ],
  "verdict": "ACCUMULATING",
  "live_exposure_usdt": 0,
  "latest": null,
  "rebalanced_this_cycle": 0,
  "skipped": "no unbooked closed periods (latest booked 2026-09-02T08:00:00.000Z)",
  "errors": []
}
{
  "generated_at": "2026-09-02T14:48:12.527Z",
  "lane": "v7_positioning_paper",
  "signal": "top_ratio - retail_ratio, cross-sectional rank, dollar-neutral",
  "k": 6,
  "symbols": 24,
  "periods_booked": 99,
  "equity": 0.99638,
  "realised": {
    "total_net_pct": -0.362,
    "mean_net_pct": -0.0015,
    "mean_gross_pct": 0.0074,
    "mean_cost_pct": 0.0088,
    "ann_pct": -7.7,
    "vol_pct": 17.1,
    "sharpe": -0.45,
    "t_stat": -0.04
  },
  "backtest_expectation": {
    "source": "banked v5 ledger, 24 symbols x 242 periods (40.5 days)",
    "ann_pct": 85.3,
    "vol_pct": 11.8,
    "t_stat": 1.77,
    "cross_sectional_ic": -0.0345,
    "cross_sectional_ic_t": -2.63,
    "caveat": "The BOOK's t is 1.77 — it does not reach 1.96, let alone the 2.73 that Bonferroni over 8 examined features would want. Only the raw cross-sectional IC (t=-2.63) is nominally significant; discretising it into a 6-a-side book and charging turnover costs gives most of that back. Sharpe 7.24 is an annualisation artefact of a 40-day window, not a property of the strategy."
  },
  "sample_requirement": {
    "observed_sd_pct": 0.3644,
    "observed_edge_pct": -0.0015,
    "n_for_t196": 236505,
    "days_to_n": 39418
  },
  "booked_at_leverage": 1,
  "leverage_view": [
    {
      "leverage": 1,
      "equity": 0.99789,
      "total_net_pct": -0.21,
      "ann_pct": -4.6,
      "vol_pct": 17.1,
      "max_drawdown_pct": 3.7,
      "worst_period_pct": -1.5,
      "t_stat": -0.040100906723923774
    },
    {
      "leverage": 2,
      "equity": 0.99447,
      "total_net_pct": -0.55,
      "ann_pct": -11.5,
      "vol_pct": 34.1,
      "max_drawdown_pct": 7.3,
      "worst_period_pct": -3.1,
      "t_stat": -0.040100906723923774
    },
    {
      "leverage": 3,
      "equity": 0.989748,
      "total_net_pct": -1.03,
      "ann_pct": -20.4,
      "vol_pct": 51.2,
      "max_drawdown_pct": 10.9,
      "worst_period_pct": -4.6,
      "t_stat": -0.040100906723923774
    }
  ],
  "verdict": "ACCUMULATING",
  "live_exposure_usdt": 0,
  "latest": null,
  "rebalanced_this_cycle": 0,
  "skipped": "no unbooked closed periods (latest booked 2026-09-02T08:00:00.000Z)",
  "errors": []
}
{
  "generated_at": "2026-09-02T15:48:12.138Z",
  "lane": "v7_positioning_paper",
  "signal": "top_ratio - retail_ratio, cross-sectional rank, dollar-neutral",
  "k": 6,
  "symbols": 24,
  "periods_booked": 99,
  "equity": 0.99638,
  "realised": {
    "total_net_pct": -0.362,
    "mean_net_pct": -0.0015,
    "mean_gross_pct": 0.0074,
    "mean_cost_pct": 0.0088,
    "ann_pct": -7.7,
    "vol_pct": 17.1,
    "sharpe": -0.45,
    "t_stat": -0.04
  },
  "backtest_expectation": {
    "source": "banked v5 ledger, 24 symbols x 242 periods (40.5 days)",
    "ann_pct": 85.3,
    "vol_pct": 11.8,
    "t_stat": 1.77,
    "cross_sectional_ic": -0.0345,
    "cross_sectional_ic_t": -2.63,
    "caveat": "The BOOK's t is 1.77 — it does not reach 1.96, let alone the 2.73 that Bonferroni over 8 examined features would want. Only the raw cross-sectional IC (t=-2.63) is nominally significant; discretising it into a 6-a-side book and charging turnover costs gives most of that back. Sharpe 7.24 is an annualisation artefact of a 40-day window, not a property of the strategy."
  },
  "sample_requirement": {
    "observed_sd_pct": 0.3644,
    "observed_edge_pct": -0.0015,
    "n_for_t196": 236505,
    "days_to_n": 39418
  },
  "booked_at_leverage": 1,
  "leverage_view": [
    {
      "leverage": 1,
      "equity": 0.99789,
      "total_net_pct": -0.21,
      "ann_pct": -4.6,
      "vol_pct": 17.1,
      "max_drawdown_pct": 3.7,
      "worst_period_pct": -1.5,
      "t_stat": -0.040100906723923774
    },
    {
      "leverage": 2,
      "equity": 0.99447,
      "total_net_pct": -0.55,
      "ann_pct": -11.5,
      "vol_pct": 34.1,
      "max_drawdown_pct": 7.3,
      "worst_period_pct": -3.1,
      "t_stat": -0.040100906723923774
    },
    {
      "leverage": 3,
      "equity": 0.989748,
      "total_net_pct": -1.03,
      "ann_pct": -20.4,
      "vol_pct": 51.2,
      "max_drawdown_pct": 10.9,
      "worst_period_pct": -4.6,
      "t_stat": -0.040100906723923774
    }
  ],
  "verdict": "ACCUMULATING",
  "live_exposure_usdt": 0,
  "latest": null,
  "rebalanced_this_cycle": 0,
  "skipped": "no unbooked closed periods (latest booked 2026-09-02T08:00:00.000Z)",
  "errors": []
}
{
  "generated_at": "2026-09-02T16:48:15.630Z",
  "lane": "v7_positioning_paper",
  "signal": "top_ratio - retail_ratio, cross-sectional rank, dollar-neutral",
  "k": 6,
  "symbols": 24,
  "periods_booked": 100,
  "equity": 1.00743,
  "realised": {
    "total_net_pct": 0.743,
    "mean_net_pct": 0.0096,
    "mean_gross_pct": 0.0185,
    "mean_cost_pct": 0.0089,
    "ann_pct": 17.6,
    "vol_pct": 17.7,
    "sharpe": 0.99,
    "t_stat": 0.25
  },
  "backtest_expectation": {
    "source": "banked v5 ledger, 24 symbols x 242 periods (40.5 days)",
    "ann_pct": 85.3,
    "vol_pct": 11.8,
    "t_stat": 1.77,
    "cross_sectional_ic": -0.0345,
    "cross_sectional_ic_t": -2.63,
    "caveat": "The BOOK's t is 1.77 — it does not reach 1.96, let alone the 2.73 that Bonferroni over 8 examined features would want. Only the raw cross-sectional IC (t=-2.63) is nominally significant; discretising it into a 6-a-side book and charging turnover costs gives most of that back. Sharpe 7.24 is an annualisation artefact of a 40-day window, not a property of the strategy."
  },
  "sample_requirement": {
    "observed_sd_pct": 0.379,
    "observed_edge_pct": 0.0096,
    "n_for_t196": 5945,
    "days_to_n": 991
  },
  "booked_at_leverage": 1,
  "leverage_view": [
    {
      "leverage": 1,
      "equity": 1.008957,
      "total_net_pct": 0.9,
      "ann_pct": 21.6,
      "vol_pct": 17.7,
      "max_drawdown_pct": 3.7,
      "worst_period_pct": -1.5,
      "t_stat": 0.25421686954038986
    },
    {
      "leverage": 2,
      "equity": 1.016528,
      "total_net_pct": 1.65,
      "ann_pct": 43.2,
      "vol_pct": 35.5,
      "max_drawdown_pct": 7.3,
      "worst_period_pct": -3.1,
      "t_stat": 0.25421686954038986
    },
    {
      "leverage": 3,
      "equity": 1.022677,
      "total_net_pct": 2.27,
      "ann_pct": 63.4,
      "vol_pct": 53.2,
      "max_drawdown_pct": 10.9,
      "worst_period_pct": -4.6,
      "t_stat": 0.25421686954038986
    }
  ],
  "verdict": "ACCUMULATING",
  "live_exposure_usdt": 0,
  "latest": {
    "ts": "2026-09-02T12:00:00.000Z",
    "longs": [
      "ETHUSDT",
      "BNBUSDT",
      "ARBUSDT",
      "XRPUSDT",
      "SANDUSDT",
      "SOLUSDT"
    ],
    "shorts": [
      "LINKUSDT",
      "GALAUSDT",
      "TIAUSDT",
      "DOGEUSDT",
      "APTUSDT",
      "INJUSDT"
    ],
    "net_pct": 1.109
  },
  "rebalanced_this_cycle": 1,
  "skipped": null,
  "errors": []
}
{
  "generated_at": "2026-09-02T17:48:23.041Z",
  "lane": "v7_positioning_paper",
  "signal": "top_ratio - retail_ratio, cross-sectional rank, dollar-neutral",
  "k": 6,
  "symbols": 24,
  "periods_booked": 100,
  "equity": 1.00743,
  "realised": {
    "total_net_pct": 0.743,
    "mean_net_pct": 0.0096,
    "mean_gross_pct": 0.0185,
    "mean_cost_pct": 0.0089,
    "ann_pct": 17.6,
    "vol_pct": 17.7,
    "sharpe": 0.99,
    "t_stat": 0.25
  },
  "backtest_expectation": {
    "source": "banked v5 ledger, 24 symbols x 242 periods (40.5 days)",
    "ann_pct": 85.3,
    "vol_pct": 11.8,
    "t_stat": 1.77,
    "cross_sectional_ic": -0.0345,
    "cross_sectional_ic_t": -2.63,
    "caveat": "The BOOK's t is 1.77 — it does not reach 1.96, let alone the 2.73 that Bonferroni over 8 examined features would want. Only the raw cross-sectional IC (t=-2.63) is nominally significant; discretising it into a 6-a-side book and charging turnover costs gives most of that back. Sharpe 7.24 is an annualisation artefact of a 40-day window, not a property of the strategy."
  },
  "sample_requirement": {
    "observed_sd_pct": 0.379,
    "observed_edge_pct": 0.0096,
    "n_for_t196": 5945,
    "days_to_n": 991
  },
  "booked_at_leverage": 1,
  "leverage_view": [
    {
      "leverage": 1,
      "equity": 1.008957,
      "total_net_pct": 0.9,
      "ann_pct": 21.6,
      "vol_pct": 17.7,
      "max_drawdown_pct": 3.7,
      "worst_period_pct": -1.5,
      "t_stat": 0.25421686954038986
    },
    {
      "leverage": 2,
      "equity": 1.016528,
      "total_net_pct": 1.65,
      "ann_pct": 43.2,
      "vol_pct": 35.5,
      "max_drawdown_pct": 7.3,
      "worst_period_pct": -3.1,
      "t_stat": 0.25421686954038986
    },
    {
      "leverage": 3,
      "equity": 1.022677,
      "total_net_pct": 2.27,
      "ann_pct": 63.4,
      "vol_pct": 53.2,
      "max_drawdown_pct": 10.9,
      "worst_period_pct": -4.6,
      "t_stat": 0.25421686954038986
    }
  ],
  "verdict": "ACCUMULATING",
  "live_exposure_usdt": 0,
  "latest": null,
  "rebalanced_this_cycle": 0,
  "skipped": "no unbooked closed periods (latest booked 2026-09-02T12:00:00.000Z)",
  "errors": []
}
{
  "generated_at": "2026-09-02T18:48:26.428Z",
  "lane": "v7_positioning_paper",
  "signal": "top_ratio - retail_ratio, cross-sectional rank, dollar-neutral",
  "k": 6,
  "symbols": 24,
  "periods_booked": 100,
  "equity": 1.00743,
  "realised": {
    "total_net_pct": 0.743,
    "mean_net_pct": 0.0096,
    "mean_gross_pct": 0.0185,
    "mean_cost_pct": 0.0089,
    "ann_pct": 17.6,
    "vol_pct": 17.7,
    "sharpe": 0.99,
    "t_stat": 0.25
  },
  "backtest_expectation": {
    "source": "banked v5 ledger, 24 symbols x 242 periods (40.5 days)",
    "ann_pct": 85.3,
    "vol_pct": 11.8,
    "t_stat": 1.77,
    "cross_sectional_ic": -0.0345,
    "cross_sectional_ic_t": -2.63,
    "caveat": "The BOOK's t is 1.77 — it does not reach 1.96, let alone the 2.73 that Bonferroni over 8 examined features would want. Only the raw cross-sectional IC (t=-2.63) is nominally significant; discretising it into a 6-a-side book and charging turnover costs gives most of that back. Sharpe 7.24 is an annualisation artefact of a 40-day window, not a property of the strategy."
  },
  "sample_requirement": {
    "observed_sd_pct": 0.379,
    "observed_edge_pct": 0.0096,
    "n_for_t196": 5945,
    "days_to_n": 991
  },
  "booked_at_leverage": 1,
  "leverage_view": [
    {
      "leverage": 1,
      "equity": 1.008957,
      "total_net_pct": 0.9,
      "ann_pct": 21.6,
      "vol_pct": 17.7,
      "max_drawdown_pct": 3.7,
      "worst_period_pct": -1.5,
      "t_stat": 0.25421686954038986
    },
    {
      "leverage": 2,
      "equity": 1.016528,
      "total_net_pct": 1.65,
      "ann_pct": 43.2,
      "vol_pct": 35.5,
      "max_drawdown_pct": 7.3,
      "worst_period_pct": -3.1,
      "t_stat": 0.25421686954038986
    },
    {
      "leverage": 3,
      "equity": 1.022677,
      "total_net_pct": 2.27,
      "ann_pct": 63.4,
      "vol_pct": 53.2,
      "max_drawdown_pct": 10.9,
      "worst_period_pct": -4.6,
      "t_stat": 0.25421686954038986
    }
  ],
  "verdict": "ACCUMULATING",
  "live_exposure_usdt": 0,
  "latest": null,
  "rebalanced_this_cycle": 0,
  "skipped": "no unbooked closed periods (latest booked 2026-09-02T12:00:00.000Z)",
  "errors": []
}
{
  "generated_at": "2026-09-02T19:48:29.783Z",
  "lane": "v7_positioning_paper",
  "signal": "top_ratio - retail_ratio, cross-sectional rank, dollar-neutral",
  "k": 6,
  "symbols": 24,
  "periods_booked": 100,
  "equity": 1.00743,
  "realised": {
    "total_net_pct": 0.743,
    "mean_net_pct": 0.0096,
    "mean_gross_pct": 0.0185,
    "mean_cost_pct": 0.0089,
    "ann_pct": 17.6,
    "vol_pct": 17.7,
    "sharpe": 0.99,
    "t_stat": 0.25
  },
  "backtest_expectation": {
    "source": "banked v5 ledger, 24 symbols x 242 periods (40.5 days)",
    "ann_pct": 85.3,
    "vol_pct": 11.8,
    "t_stat": 1.77,
    "cross_sectional_ic": -0.0345,
    "cross_sectional_ic_t": -2.63,
    "caveat": "The BOOK's t is 1.77 — it does not reach 1.96, let alone the 2.73 that Bonferroni over 8 examined features would want. Only the raw cross-sectional IC (t=-2.63) is nominally significant; discretising it into a 6-a-side book and charging turnover costs gives most of that back. Sharpe 7.24 is an annualisation artefact of a 40-day window, not a property of the strategy."
  },
  "sample_requirement": {
    "observed_sd_pct": 0.379,
    "observed_edge_pct": 0.0096,
    "n_for_t196": 5945,
    "days_to_n": 991
  },
  "booked_at_leverage": 1,
  "leverage_view": [
    {
      "leverage": 1,
      "equity": 1.008957,
      "total_net_pct": 0.9,
      "ann_pct": 21.6,
      "vol_pct": 17.7,
      "max_drawdown_pct": 3.7,
      "worst_period_pct": -1.5,
      "t_stat": 0.25421686954038986
    },
    {
      "leverage": 2,
      "equity": 1.016528,
      "total_net_pct": 1.65,
      "ann_pct": 43.2,
      "vol_pct": 35.5,
      "max_drawdown_pct": 7.3,
      "worst_period_pct": -3.1,
      "t_stat": 0.25421686954038986
    },
    {
      "leverage": 3,
      "equity": 1.022677,
      "total_net_pct": 2.27,
      "ann_pct": 63.4,
      "vol_pct": 53.2,
      "max_drawdown_pct": 10.9,
      "worst_period_pct": -4.6,
      "t_stat": 0.25421686954038986
    }
  ],
  "verdict": "ACCUMULATING",
  "live_exposure_usdt": 0,
  "latest": null,
  "rebalanced_this_cycle": 0,
  "skipped": "no unbooked closed periods (latest booked 2026-09-02T12:00:00.000Z)",
  "errors": []
}
{
  "generated_at": "2026-09-02T20:48:33.674Z",
  "lane": "v7_positioning_paper",
  "signal": "top_ratio - retail_ratio, cross-sectional rank, dollar-neutral",
  "k": 6,
  "symbols": 24,
  "periods_booked": 101,
  "equity": 1.010003,
  "realised": {
    "total_net_pct": 1.0003,
    "mean_net_pct": 0.0121,
    "mean_gross_pct": 0.021,
    "mean_cost_pct": 0.0089,
    "ann_pct": 24.1,
    "vol_pct": 17.7,
    "sharpe": 1.36,
    "t_stat": 0.32
  },
  "backtest_expectation": {
    "source": "banked v5 ledger, 24 symbols x 242 periods (40.5 days)",
    "ann_pct": 85.3,
    "vol_pct": 11.8,
    "t_stat": 1.77,
    "cross_sectional_ic": -0.0345,
    "cross_sectional_ic_t": -2.63,
    "caveat": "The BOOK's t is 1.77 — it does not reach 1.96, let alone the 2.73 that Bonferroni over 8 examined features would want. Only the raw cross-sectional IC (t=-2.63) is nominally significant; discretising it into a 6-a-side book and charging turnover costs gives most of that back. Sharpe 7.24 is an annualisation artefact of a 40-day window, not a property of the strategy."
  },
  "sample_requirement": {
    "observed_sd_pct": 0.3779,
    "observed_edge_pct": 0.0121,
    "n_for_t196": 3768,
    "days_to_n": 628
  },
  "booked_at_leverage": 1,
  "leverage_view": [
    {
      "leverage": 1,
      "equity": 1.011533,
      "total_net_pct": 1.15,
      "ann_pct": 28.2,
      "vol_pct": 17.7,
      "max_drawdown_pct": 3.7,
      "worst_period_pct": -1.5,
      "t_stat": 0.3209292719992869
    },
    {
      "leverage": 2,
      "equity": 1.02172,
      "total_net_pct": 2.17,
      "ann_pct": 59.3,
      "vol_pct": 35.4,
      "max_drawdown_pct": 7.3,
      "worst_period_pct": -3.1,
      "t_stat": 0.3209292719992869
    },
    {
      "leverage": 3,
      "equity": 1.030513,
      "total_net_pct": 3.05,
      "ann_pct": 91.9,
      "vol_pct": 53.1,
      "max_drawdown_pct": 10.9,
      "worst_period_pct": -4.6,
      "t_stat": 0.3209292719992869
    }
  ],
  "verdict": "ACCUMULATING",
  "live_exposure_usdt": 0,
  "latest": {
    "ts": "2026-09-02T16:00:00.000Z",
    "longs": [
      "ETHUSDT",
      "BNBUSDT",
      "XRPUSDT",
      "SANDUSDT",
      "ARBUSDT",
      "DOTUSDT"
    ],
    "shorts": [
      "LINKUSDT",
      "TIAUSDT",
      "GALAUSDT",
      "DOGEUSDT",
      "APTUSDT",
      "INJUSDT"
    ],
    "net_pct": 0.2554
  },
  "rebalanced_this_cycle": 1,
  "skipped": null,
  "errors": []
}
{
  "generated_at": "2026-09-02T21:48:37.109Z",
  "lane": "v7_positioning_paper",
  "signal": "top_ratio - retail_ratio, cross-sectional rank, dollar-neutral",
  "k": 6,
  "symbols": 24,
  "periods_booked": 101,
  "equity": 1.010003,
  "realised": {
    "total_net_pct": 1.0003,
    "mean_net_pct": 0.0121,
    "mean_gross_pct": 0.021,
    "mean_cost_pct": 0.0089,
    "ann_pct": 24.1,
    "vol_pct": 17.7,
    "sharpe": 1.36,
    "t_stat": 0.32
  },
  "backtest_expectation": {
    "source": "banked v5 ledger, 24 symbols x 242 periods (40.5 days)",
    "ann_pct": 85.3,
    "vol_pct": 11.8,
    "t_stat": 1.77,
    "cross_sectional_ic": -0.0345,
    "cross_sectional_ic_t": -2.63,
    "caveat": "The BOOK's t is 1.77 — it does not reach 1.96, let alone the 2.73 that Bonferroni over 8 examined features would want. Only the raw cross-sectional IC (t=-2.63) is nominally significant; discretising it into a 6-a-side book and charging turnover costs gives most of that back. Sharpe 7.24 is an annualisation artefact of a 40-day window, not a property of the strategy."
  },
  "sample_requirement": {
    "observed_sd_pct": 0.3779,
    "observed_edge_pct": 0.0121,
    "n_for_t196": 3768,
    "days_to_n": 628
  },
  "booked_at_leverage": 1,
  "leverage_view": [
    {
      "leverage": 1,
      "equity": 1.011533,
      "total_net_pct": 1.15,
      "ann_pct": 28.2,
      "vol_pct": 17.7,
      "max_drawdown_pct": 3.7,
      "worst_period_pct": -1.5,
      "t_stat": 0.3209292719992869
    },
    {
      "leverage": 2,
      "equity": 1.02172,
      "total_net_pct": 2.17,
      "ann_pct": 59.3,
      "vol_pct": 35.4,
      "max_drawdown_pct": 7.3,
      "worst_period_pct": -3.1,
      "t_stat": 0.3209292719992869
    },
    {
      "leverage": 3,
      "equity": 1.030513,
      "total_net_pct": 3.05,
      "ann_pct": 91.9,
      "vol_pct": 53.1,
      "max_drawdown_pct": 10.9,
      "worst_period_pct": -4.6,
      "t_stat": 0.3209292719992869
    }
  ],
  "verdict": "ACCUMULATING",
  "live_exposure_usdt": 0,
  "latest": null,
  "rebalanced_this_cycle": 0,
  "skipped": "no unbooked closed periods (latest booked 2026-09-02T16:00:00.000Z)",
  "errors": []
}
{
  "generated_at": "2026-09-02T22:48:40.677Z",
  "lane": "v7_positioning_paper",
  "signal": "top_ratio - retail_ratio, cross-sectional rank, dollar-neutral",
  "k": 6,
  "symbols": 24,
  "periods_booked": 101,
  "equity": 1.010003,
  "realised": {
    "total_net_pct": 1.0003,
    "mean_net_pct": 0.0121,
    "mean_gross_pct": 0.021,
    "mean_cost_pct": 0.0089,
    "ann_pct": 24.1,
    "vol_pct": 17.7,
    "sharpe": 1.36,
    "t_stat": 0.32
  },
  "backtest_expectation": {
    "source": "banked v5 ledger, 24 symbols x 242 periods (40.5 days)",
    "ann_pct": 85.3,
    "vol_pct": 11.8,
    "t_stat": 1.77,
    "cross_sectional_ic": -0.0345,
    "cross_sectional_ic_t": -2.63,
    "caveat": "The BOOK's t is 1.77 — it does not reach 1.96, let alone the 2.73 that Bonferroni over 8 examined features would want. Only the raw cross-sectional IC (t=-2.63) is nominally significant; discretising it into a 6-a-side book and charging turnover costs gives most of that back. Sharpe 7.24 is an annualisation artefact of a 40-day window, not a property of the strategy."
  },
  "sample_requirement": {
    "observed_sd_pct": 0.3779,
    "observed_edge_pct": 0.0121,
    "n_for_t196": 3768,
    "days_to_n": 628
  },
  "booked_at_leverage": 1,
  "leverage_view": [
    {
      "leverage": 1,
      "equity": 1.011533,
      "total_net_pct": 1.15,
      "ann_pct": 28.2,
      "vol_pct": 17.7,
      "max_drawdown_pct": 3.7,
      "worst_period_pct": -1.5,
      "t_stat": 0.3209292719992869
    },
    {
      "leverage": 2,
      "equity": 1.02172,
      "total_net_pct": 2.17,
      "ann_pct": 59.3,
      "vol_pct": 35.4,
      "max_drawdown_pct": 7.3,
      "worst_period_pct": -3.1,
      "t_stat": 0.3209292719992869
    },
    {
      "leverage": 3,
      "equity": 1.030513,
      "total_net_pct": 3.05,
      "ann_pct": 91.9,
      "vol_pct": 53.1,
      "max_drawdown_pct": 10.9,
      "worst_period_pct": -4.6,
      "t_stat": 0.3209292719992869
    }
  ],
  "verdict": "ACCUMULATING",
  "live_exposure_usdt": 0,
  "latest": null,
  "rebalanced_this_cycle": 0,
  "skipped": "no unbooked closed periods (latest booked 2026-09-02T16:00:00.000Z)",
  "errors": []
}
{
  "generated_at": "2026-09-02T23:48:44.143Z",
  "lane": "v7_positioning_paper",
  "signal": "top_ratio - retail_ratio, cross-sectional rank, dollar-neutral",
  "k": 6,
  "symbols": 24,
  "periods_booked": 101,
  "equity": 1.010003,
  "realised": {
    "total_net_pct": 1.0003,
    "mean_net_pct": 0.0121,
    "mean_gross_pct": 0.021,
    "mean_cost_pct": 0.0089,
    "ann_pct": 24.1,
    "vol_pct": 17.7,
    "sharpe": 1.36,
    "t_stat": 0.32
  },
  "backtest_expectation": {
    "source": "banked v5 ledger, 24 symbols x 242 periods (40.5 days)",
    "ann_pct": 85.3,
    "vol_pct": 11.8,
    "t_stat": 1.77,
    "cross_sectional_ic": -0.0345,
    "cross_sectional_ic_t": -2.63,
    "caveat": "The BOOK's t is 1.77 — it does not reach 1.96, let alone the 2.73 that Bonferroni over 8 examined features would want. Only the raw cross-sectional IC (t=-2.63) is nominally significant; discretising it into a 6-a-side book and charging turnover costs gives most of that back. Sharpe 7.24 is an annualisation artefact of a 40-day window, not a property of the strategy."
  },
  "sample_requirement": {
    "observed_sd_pct": 0.3779,
    "observed_edge_pct": 0.0121,
    "n_for_t196": 3768,
    "days_to_n": 628
  },
  "booked_at_leverage": 1,
  "leverage_view": [
    {
      "leverage": 1,
      "equity": 1.011533,
      "total_net_pct": 1.15,
      "ann_pct": 28.2,
      "vol_pct": 17.7,
      "max_drawdown_pct": 3.7,
      "worst_period_pct": -1.5,
      "t_stat": 0.3209292719992869
    },
    {
      "leverage": 2,
      "equity": 1.02172,
      "total_net_pct": 2.17,
      "ann_pct": 59.3,
      "vol_pct": 35.4,
      "max_drawdown_pct": 7.3,
      "worst_period_pct": -3.1,
      "t_stat": 0.3209292719992869
    },
    {
      "leverage": 3,
      "equity": 1.030513,
      "total_net_pct": 3.05,
      "ann_pct": 91.9,
      "vol_pct": 53.1,
      "max_drawdown_pct": 10.9,
      "worst_period_pct": -4.6,
      "t_stat": 0.3209292719992869
    }
  ],
  "verdict": "ACCUMULATING",
  "live_exposure_usdt": 0,
  "latest": null,
  "rebalanced_this_cycle": 0,
  "skipped": "no unbooked closed periods (latest booked 2026-09-02T16:00:00.000Z)",
  "errors": []
}
{
  "generated_at": "2026-09-03T00:48:47.957Z",
  "lane": "v7_positioning_paper",
  "signal": "top_ratio - retail_ratio, cross-sectional rank, dollar-neutral",
  "k": 6,
  "symbols": 24,
  "periods_booked": 102,
  "equity": 1.010078,
  "realised": {
    "total_net_pct": 1.0078,
    "mean_net_pct": 0.012,
    "mean_gross_pct": 0.0209,
    "mean_cost_pct": 0.0089,
    "ann_pct": 24,
    "vol_pct": 17.6,
    "sharpe": 1.36,
    "t_stat": 0.32
  },
  "backtest_expectation": {
    "source": "banked v5 ledger, 24 symbols x 242 periods (40.5 days)",
    "ann_pct": 85.3,
    "vol_pct": 11.8,
    "t_stat": 1.77,
    "cross_sectional_ic": -0.0345,
    "cross_sectional_ic_t": -2.63,
    "caveat": "The BOOK's t is 1.77 — it does not reach 1.96, let alone the 2.73 that Bonferroni over 8 examined features would want. Only the raw cross-sectional IC (t=-2.63) is nominally significant; discretising it into a 6-a-side book and charging turnover costs gives most of that back. Sharpe 7.24 is an annualisation artefact of a 40-day window, not a property of the strategy."
  },
  "sample_requirement": {
    "observed_sd_pct": 0.3761,
    "observed_edge_pct": 0.012,
    "n_for_t196": 3759,
    "days_to_n": 627
  },
  "booked_at_leverage": 1,
  "leverage_view": [
    {
      "leverage": 1,
      "equity": 1.011608,
      "total_net_pct": 1.16,
      "ann_pct": 28.1,
      "vol_pct": 17.6,
      "max_drawdown_pct": 3.7,
      "worst_period_pct": -1.5,
      "t_stat": 0.32287724750206903
    },
    {
      "leverage": 2,
      "equity": 1.021871,
      "total_net_pct": 2.19,
      "ann_pct": 59.1,
      "vol_pct": 35.2,
      "max_drawdown_pct": 7.3,
      "worst_period_pct": -3.1,
      "t_stat": 0.32287724750206903
    },
    {
      "leverage": 3,
      "equity": 1.030741,
      "total_net_pct": 3.07,
      "ann_pct": 91.6,
      "vol_pct": 52.8,
      "max_drawdown_pct": 10.9,
      "worst_period_pct": -4.6,
      "t_stat": 0.32287724750206903
    }
  ],
  "verdict": "ACCUMULATING",
  "live_exposure_usdt": 0,
  "latest": {
    "ts": "2026-09-02T20:00:00.000Z",
    "longs": [
      "ETHUSDT",
      "BNBUSDT",
      "ARBUSDT",
      "XRPUSDT",
      "SANDUSDT",
      "DOTUSDT"
    ],
    "shorts": [
      "LINKUSDT",
      "APTUSDT",
      "ATOMUSDT",
      "GALAUSDT",
      "DOGEUSDT",
      "INJUSDT"
    ],
    "net_pct": 0.0074
  },
  "rebalanced_this_cycle": 1,
  "skipped": null,
  "errors": []
}
{
  "generated_at": "2026-09-03T01:48:51.405Z",
  "lane": "v7_positioning_paper",
  "signal": "top_ratio - retail_ratio, cross-sectional rank, dollar-neutral",
  "k": 6,
  "symbols": 24,
  "periods_booked": 102,
  "equity": 1.010078,
  "realised": {
    "total_net_pct": 1.0078,
    "mean_net_pct": 0.012,
    "mean_gross_pct": 0.0209,
    "mean_cost_pct": 0.0089,
    "ann_pct": 24,
    "vol_pct": 17.6,
    "sharpe": 1.36,
    "t_stat": 0.32
  },
  "backtest_expectation": {
    "source": "banked v5 ledger, 24 symbols x 242 periods (40.5 days)",
    "ann_pct": 85.3,
    "vol_pct": 11.8,
    "t_stat": 1.77,
    "cross_sectional_ic": -0.0345,
    "cross_sectional_ic_t": -2.63,
    "caveat": "The BOOK's t is 1.77 — it does not reach 1.96, let alone the 2.73 that Bonferroni over 8 examined features would want. Only the raw cross-sectional IC (t=-2.63) is nominally significant; discretising it into a 6-a-side book and charging turnover costs gives most of that back. Sharpe 7.24 is an annualisation artefact of a 40-day window, not a property of the strategy."
  },
  "sample_requirement": {
    "observed_sd_pct": 0.3761,
    "observed_edge_pct": 0.012,
    "n_for_t196": 3759,
    "days_to_n": 627
  },
  "booked_at_leverage": 1,
  "leverage_view": [
    {
      "leverage": 1,
      "equity": 1.011608,
      "total_net_pct": 1.16,
      "ann_pct": 28.1,
      "vol_pct": 17.6,
      "max_drawdown_pct": 3.7,
      "worst_period_pct": -1.5,
      "t_stat": 0.32287724750206903
    },
    {
      "leverage": 2,
      "equity": 1.021871,
      "total_net_pct": 2.19,
      "ann_pct": 59.1,
      "vol_pct": 35.2,
      "max_drawdown_pct": 7.3,
      "worst_period_pct": -3.1,
      "t_stat": 0.32287724750206903
    },
    {
      "leverage": 3,
      "equity": 1.030741,
      "total_net_pct": 3.07,
      "ann_pct": 91.6,
      "vol_pct": 52.8,
      "max_drawdown_pct": 10.9,
      "worst_period_pct": -4.6,
      "t_stat": 0.32287724750206903
    }
  ],
  "verdict": "ACCUMULATING",
  "live_exposure_usdt": 0,
  "latest": null,
  "rebalanced_this_cycle": 0,
  "skipped": "no unbooked closed periods (latest booked 2026-09-02T20:00:00.000Z)",
  "errors": []
}
{
  "generated_at": "2026-09-03T02:48:54.771Z",
  "lane": "v7_positioning_paper",
  "signal": "top_ratio - retail_ratio, cross-sectional rank, dollar-neutral",
  "k": 6,
  "symbols": 24,
  "periods_booked": 102,
  "equity": 1.010078,
  "realised": {
    "total_net_pct": 1.0078,
    "mean_net_pct": 0.012,
    "mean_gross_pct": 0.0209,
    "mean_cost_pct": 0.0089,
    "ann_pct": 24,
    "vol_pct": 17.6,
    "sharpe": 1.36,
    "t_stat": 0.32
  },
  "backtest_expectation": {
    "source": "banked v5 ledger, 24 symbols x 242 periods (40.5 days)",
    "ann_pct": 85.3,
    "vol_pct": 11.8,
    "t_stat": 1.77,
    "cross_sectional_ic": -0.0345,
    "cross_sectional_ic_t": -2.63,
    "caveat": "The BOOK's t is 1.77 — it does not reach 1.96, let alone the 2.73 that Bonferroni over 8 examined features would want. Only the raw cross-sectional IC (t=-2.63) is nominally significant; discretising it into a 6-a-side book and charging turnover costs gives most of that back. Sharpe 7.24 is an annualisation artefact of a 40-day window, not a property of the strategy."
  },
  "sample_requirement": {
    "observed_sd_pct": 0.3761,
    "observed_edge_pct": 0.012,
    "n_for_t196": 3759,
    "days_to_n": 627
  },
  "booked_at_leverage": 1,
  "leverage_view": [
    {
      "leverage": 1,
      "equity": 1.011608,
      "total_net_pct": 1.16,
      "ann_pct": 28.1,
      "vol_pct": 17.6,
      "max_drawdown_pct": 3.7,
      "worst_period_pct": -1.5,
      "t_stat": 0.32287724750206903
    },
    {
      "leverage": 2,
      "equity": 1.021871,
      "total_net_pct": 2.19,
      "ann_pct": 59.1,
      "vol_pct": 35.2,
      "max_drawdown_pct": 7.3,
      "worst_period_pct": -3.1,
      "t_stat": 0.32287724750206903
    },
    {
      "leverage": 3,
      "equity": 1.030741,
      "total_net_pct": 3.07,
      "ann_pct": 91.6,
      "vol_pct": 52.8,
      "max_drawdown_pct": 10.9,
      "worst_period_pct": -4.6,
      "t_stat": 0.32287724750206903
    }
  ],
  "verdict": "ACCUMULATING",
  "live_exposure_usdt": 0,
  "latest": null,
  "rebalanced_this_cycle": 0,
  "skipped": "no unbooked closed periods (latest booked 2026-09-02T20:00:00.000Z)",
  "errors": []
}
{
  "generated_at": "2026-09-03T03:48:58.221Z",
  "lane": "v7_positioning_paper",
  "signal": "top_ratio - retail_ratio, cross-sectional rank, dollar-neutral",
  "k": 6,
  "symbols": 24,
  "periods_booked": 102,
  "equity": 1.010078,
  "realised": {
    "total_net_pct": 1.0078,
    "mean_net_pct": 0.012,
    "mean_gross_pct": 0.0209,
    "mean_cost_pct": 0.0089,
    "ann_pct": 24,
    "vol_pct": 17.6,
    "sharpe": 1.36,
    "t_stat": 0.32
  },
  "backtest_expectation": {
    "source": "banked v5 ledger, 24 symbols x 242 periods (40.5 days)",
    "ann_pct": 85.3,
    "vol_pct": 11.8,
    "t_stat": 1.77,
    "cross_sectional_ic": -0.0345,
    "cross_sectional_ic_t": -2.63,
    "caveat": "The BOOK's t is 1.77 — it does not reach 1.96, let alone the 2.73 that Bonferroni over 8 examined features would want. Only the raw cross-sectional IC (t=-2.63) is nominally significant; discretising it into a 6-a-side book and charging turnover costs gives most of that back. Sharpe 7.24 is an annualisation artefact of a 40-day window, not a property of the strategy."
  },
  "sample_requirement": {
    "observed_sd_pct": 0.3761,
    "observed_edge_pct": 0.012,
    "n_for_t196": 3759,
    "days_to_n": 627
  },
  "booked_at_leverage": 1,
  "leverage_view": [
    {
      "leverage": 1,
      "equity": 1.011608,
      "total_net_pct": 1.16,
      "ann_pct": 28.1,
      "vol_pct": 17.6,
      "max_drawdown_pct": 3.7,
      "worst_period_pct": -1.5,
      "t_stat": 0.32287724750206903
    },
    {
      "leverage": 2,
      "equity": 1.021871,
      "total_net_pct": 2.19,
      "ann_pct": 59.1,
      "vol_pct": 35.2,
      "max_drawdown_pct": 7.3,
      "worst_period_pct": -3.1,
      "t_stat": 0.32287724750206903
    },
    {
      "leverage": 3,
      "equity": 1.030741,
      "total_net_pct": 3.07,
      "ann_pct": 91.6,
      "vol_pct": 52.8,
      "max_drawdown_pct": 10.9,
      "worst_period_pct": -4.6,
      "t_stat": 0.32287724750206903
    }
  ],
  "verdict": "ACCUMULATING",
  "live_exposure_usdt": 0,
  "latest": null,
  "rebalanced_this_cycle": 0,
  "skipped": "no unbooked closed periods (latest booked 2026-09-02T20:00:00.000Z)",
  "errors": []
}
{
  "generated_at": "2026-09-03T04:49:01.776Z",
  "lane": "v7_positioning_paper",
  "signal": "top_ratio - retail_ratio, cross-sectional rank, dollar-neutral",
  "k": 6,
  "symbols": 24,
  "periods_booked": 103,
  "equity": 1.009068,
  "realised": {
    "total_net_pct": 0.9068,
    "mean_net_pct": 0.0109,
    "mean_gross_pct": 0.0198,
    "mean_cost_pct": 0.0088,
    "ann_pct": 21.2,
    "vol_pct": 17.5,
    "sharpe": 1.21,
    "t_stat": 0.3
  },
  "backtest_expectation": {
    "source": "banked v5 ledger, 24 symbols x 242 periods (40.5 days)",
    "ann_pct": 85.3,
    "vol_pct": 11.8,
    "t_stat": 1.77,
    "cross_sectional_ic": -0.0345,
    "cross_sectional_ic_t": -2.63,
    "caveat": "The BOOK's t is 1.77 — it does not reach 1.96, let alone the 2.73 that Bonferroni over 8 examined features would want. Only the raw cross-sectional IC (t=-2.63) is nominally significant; discretising it into a 6-a-side book and charging turnover costs gives most of that back. Sharpe 7.24 is an annualisation artefact of a 40-day window, not a property of the strategy."
  },
  "sample_requirement": {
    "observed_sd_pct": 0.3744,
    "observed_edge_pct": 0.0109,
    "n_for_t196": 4504,
    "days_to_n": 751
  },
  "booked_at_leverage": 1,
  "leverage_view": [
    {
      "leverage": 1,
      "equity": 1.010597,
      "total_net_pct": 1.06,
      "ann_pct": 25.1,
      "vol_pct": 17.5,
      "max_drawdown_pct": 3.7,
      "worst_period_pct": -1.5,
      "t_stat": 0.29642237157973894
    },
    {
      "leverage": 2,
      "equity": 1.019827,
      "total_net_pct": 1.98,
      "ann_pct": 51.8,
      "vol_pct": 35,
      "max_drawdown_pct": 7.3,
      "worst_period_pct": -3.1,
      "t_stat": 0.29642237157973894
    },
    {
      "leverage": 3,
      "equity": 1.027649,
      "total_net_pct": 2.76,
      "ann_pct": 78.6,
      "vol_pct": 52.6,
      "max_drawdown_pct": 10.9,
      "worst_period_pct": -4.6,
      "t_stat": 0.29642237157973894
    }
  ],
  "verdict": "ACCUMULATING",
  "live_exposure_usdt": 0,
  "latest": {
    "ts": "2026-09-03T00:00:00.000Z",
    "longs": [
      "ETHUSDT",
      "BNBUSDT",
      "ARBUSDT",
      "SANDUSDT",
      "XRPUSDT",
      "DOTUSDT"
    ],
    "shorts": [
      "LINKUSDT",
      "APTUSDT",
      "GALAUSDT",
      "ATOMUSDT",
      "DOGEUSDT",
      "INJUSDT"
    ],
    "net_pct": -0.1
  },
  "rebalanced_this_cycle": 1,
  "skipped": null,
  "errors": []
}
{
  "generated_at": "2026-09-03T05:49:05.233Z",
  "lane": "v7_positioning_paper",
  "signal": "top_ratio - retail_ratio, cross-sectional rank, dollar-neutral",
  "k": 6,
  "symbols": 24,
  "periods_booked": 103,
  "equity": 1.009068,
  "realised": {
    "total_net_pct": 0.9068,
    "mean_net_pct": 0.0109,
    "mean_gross_pct": 0.0198,
    "mean_cost_pct": 0.0088,
    "ann_pct": 21.2,
    "vol_pct": 17.5,
    "sharpe": 1.21,
    "t_stat": 0.3
  },
  "backtest_expectation": {
    "source": "banked v5 ledger, 24 symbols x 242 periods (40.5 days)",
    "ann_pct": 85.3,
    "vol_pct": 11.8,
    "t_stat": 1.77,
    "cross_sectional_ic": -0.0345,
    "cross_sectional_ic_t": -2.63,
    "caveat": "The BOOK's t is 1.77 — it does not reach 1.96, let alone the 2.73 that Bonferroni over 8 examined features would want. Only the raw cross-sectional IC (t=-2.63) is nominally significant; discretising it into a 6-a-side book and charging turnover costs gives most of that back. Sharpe 7.24 is an annualisation artefact of a 40-day window, not a property of the strategy."
  },
  "sample_requirement": {
    "observed_sd_pct": 0.3744,
    "observed_edge_pct": 0.0109,
    "n_for_t196": 4504,
    "days_to_n": 751
  },
  "booked_at_leverage": 1,
  "leverage_view": [
    {
      "leverage": 1,
      "equity": 1.010597,
      "total_net_pct": 1.06,
      "ann_pct": 25.1,
      "vol_pct": 17.5,
      "max_drawdown_pct": 3.7,
      "worst_period_pct": -1.5,
      "t_stat": 0.29642237157973894
    },
    {
      "leverage": 2,
      "equity": 1.019827,
      "total_net_pct": 1.98,
      "ann_pct": 51.8,
      "vol_pct": 35,
      "max_drawdown_pct": 7.3,
      "worst_period_pct": -3.1,
      "t_stat": 0.29642237157973894
    },
    {
      "leverage": 3,
      "equity": 1.027649,
      "total_net_pct": 2.76,
      "ann_pct": 78.6,
      "vol_pct": 52.6,
      "max_drawdown_pct": 10.9,
      "worst_period_pct": -4.6,
      "t_stat": 0.29642237157973894
    }
  ],
  "verdict": "ACCUMULATING",
  "live_exposure_usdt": 0,
  "latest": null,
  "rebalanced_this_cycle": 0,
  "skipped": "no unbooked closed periods (latest booked 2026-09-03T00:00:00.000Z)",
  "errors": []
}
{
  "generated_at": "2026-09-03T06:49:08.637Z",
  "lane": "v7_positioning_paper",
  "signal": "top_ratio - retail_ratio, cross-sectional rank, dollar-neutral",
  "k": 6,
  "symbols": 24,
  "periods_booked": 103,
  "equity": 1.009068,
  "realised": {
    "total_net_pct": 0.9068,
    "mean_net_pct": 0.0109,
    "mean_gross_pct": 0.0198,
    "mean_cost_pct": 0.0088,
    "ann_pct": 21.2,
    "vol_pct": 17.5,
    "sharpe": 1.21,
    "t_stat": 0.3
  },
  "backtest_expectation": {
    "source": "banked v5 ledger, 24 symbols x 242 periods (40.5 days)",
    "ann_pct": 85.3,
    "vol_pct": 11.8,
    "t_stat": 1.77,
    "cross_sectional_ic": -0.0345,
    "cross_sectional_ic_t": -2.63,
    "caveat": "The BOOK's t is 1.77 — it does not reach 1.96, let alone the 2.73 that Bonferroni over 8 examined features would want. Only the raw cross-sectional IC (t=-2.63) is nominally significant; discretising it into a 6-a-side book and charging turnover costs gives most of that back. Sharpe 7.24 is an annualisation artefact of a 40-day window, not a property of the strategy."
  },
  "sample_requirement": {
    "observed_sd_pct": 0.3744,
    "observed_edge_pct": 0.0109,
    "n_for_t196": 4504,
    "days_to_n": 751
  },
  "booked_at_leverage": 1,
  "leverage_view": [
    {
      "leverage": 1,
      "equity": 1.010597,
      "total_net_pct": 1.06,
      "ann_pct": 25.1,
      "vol_pct": 17.5,
      "max_drawdown_pct": 3.7,
      "worst_period_pct": -1.5,
      "t_stat": 0.29642237157973894
    },
    {
      "leverage": 2,
      "equity": 1.019827,
      "total_net_pct": 1.98,
      "ann_pct": 51.8,
      "vol_pct": 35,
      "max_drawdown_pct": 7.3,
      "worst_period_pct": -3.1,
      "t_stat": 0.29642237157973894
    },
    {
      "leverage": 3,
      "equity": 1.027649,
      "total_net_pct": 2.76,
      "ann_pct": 78.6,
      "vol_pct": 52.6,
      "max_drawdown_pct": 10.9,
      "worst_period_pct": -4.6,
      "t_stat": 0.29642237157973894
    }
  ],
  "verdict": "ACCUMULATING",
  "live_exposure_usdt": 0,
  "latest": null,
  "rebalanced_this_cycle": 0,
  "skipped": "no unbooked closed periods (latest booked 2026-09-03T00:00:00.000Z)",
  "errors": []
}
{
  "generated_at": "2026-09-03T07:49:12.059Z",
  "lane": "v7_positioning_paper",
  "signal": "top_ratio - retail_ratio, cross-sectional rank, dollar-neutral",
  "k": 6,
  "symbols": 24,
  "periods_booked": 103,
  "equity": 1.009068,
  "realised": {
    "total_net_pct": 0.9068,
    "mean_net_pct": 0.0109,
    "mean_gross_pct": 0.0198,
    "mean_cost_pct": 0.0088,
    "ann_pct": 21.2,
    "vol_pct": 17.5,
    "sharpe": 1.21,
    "t_stat": 0.3
  },
  "backtest_expectation": {
    "source": "banked v5 ledger, 24 symbols x 242 periods (40.5 days)",
    "ann_pct": 85.3,
    "vol_pct": 11.8,
    "t_stat": 1.77,
    "cross_sectional_ic": -0.0345,
    "cross_sectional_ic_t": -2.63,
    "caveat": "The BOOK's t is 1.77 — it does not reach 1.96, let alone the 2.73 that Bonferroni over 8 examined features would want. Only the raw cross-sectional IC (t=-2.63) is nominally significant; discretising it into a 6-a-side book and charging turnover costs gives most of that back. Sharpe 7.24 is an annualisation artefact of a 40-day window, not a property of the strategy."
  },
  "sample_requirement": {
    "observed_sd_pct": 0.3744,
    "observed_edge_pct": 0.0109,
    "n_for_t196": 4504,
    "days_to_n": 751
  },
  "booked_at_leverage": 1,
  "leverage_view": [
    {
      "leverage": 1,
      "equity": 1.010597,
      "total_net_pct": 1.06,
      "ann_pct": 25.1,
      "vol_pct": 17.5,
      "max_drawdown_pct": 3.7,
      "worst_period_pct": -1.5,
      "t_stat": 0.29642237157973894
    },
    {
      "leverage": 2,
      "equity": 1.019827,
      "total_net_pct": 1.98,
      "ann_pct": 51.8,
      "vol_pct": 35,
      "max_drawdown_pct": 7.3,
      "worst_period_pct": -3.1,
      "t_stat": 0.29642237157973894
    },
    {
      "leverage": 3,
      "equity": 1.027649,
      "total_net_pct": 2.76,
      "ann_pct": 78.6,
      "vol_pct": 52.6,
      "max_drawdown_pct": 10.9,
      "worst_period_pct": -4.6,
      "t_stat": 0.29642237157973894
    }
  ],
  "verdict": "ACCUMULATING",
  "live_exposure_usdt": 0,
  "latest": null,
  "rebalanced_this_cycle": 0,
  "skipped": "no unbooked closed periods (latest booked 2026-09-03T00:00:00.000Z)",
  "errors": []
}
{
  "generated_at": "2026-09-03T08:49:15.850Z",
  "lane": "v7_positioning_paper",
  "signal": "top_ratio - retail_ratio, cross-sectional rank, dollar-neutral",
  "k": 6,
  "symbols": 24,
  "periods_booked": 104,
  "equity": 1.010063,
  "realised": {
    "total_net_pct": 1.0063,
    "mean_net_pct": 0.0118,
    "mean_gross_pct": 0.0208,
    "mean_cost_pct": 0.009,
    "ann_pct": 23.5,
    "vol_pct": 17.4,
    "sharpe": 1.35,
    "t_stat": 0.32
  },
  "backtest_expectation": {
    "source": "banked v5 ledger, 24 symbols x 242 periods (40.5 days)",
    "ann_pct": 85.3,
    "vol_pct": 11.8,
    "t_stat": 1.77,
    "cross_sectional_ic": -0.0345,
    "cross_sectional_ic_t": -2.63,
    "caveat": "The BOOK's t is 1.77 — it does not reach 1.96, let alone the 2.73 that Bonferroni over 8 examined features would want. Only the raw cross-sectional IC (t=-2.63) is nominally significant; discretising it into a 6-a-side book and charging turnover costs gives most of that back. Sharpe 7.24 is an annualisation artefact of a 40-day window, not a property of the strategy."
  },
  "sample_requirement": {
    "observed_sd_pct": 0.3727,
    "observed_edge_pct": 0.0118,
    "n_for_t196": 3847,
    "days_to_n": 641
  },
  "booked_at_leverage": 1,
  "leverage_view": [
    {
      "leverage": 1,
      "equity": 1.011593,
      "total_net_pct": 1.16,
      "ann_pct": 27.5,
      "vol_pct": 17.4,
      "max_drawdown_pct": 3.7,
      "worst_period_pct": -1.5,
      "t_stat": 0.3222849302358633
    },
    {
      "leverage": 2,
      "equity": 1.021839,
      "total_net_pct": 2.18,
      "ann_pct": 57.6,
      "vol_pct": 34.9,
      "max_drawdown_pct": 7.3,
      "worst_period_pct": -3.1,
      "t_stat": 0.3222849302358633
    },
    {
      "leverage": 3,
      "equity": 1.030689,
      "total_net_pct": 3.07,
      "ann_pct": 89,
      "vol_pct": 52.3,
      "max_drawdown_pct": 10.9,
      "worst_period_pct": -4.6,
      "t_stat": 0.3222849302358633
    }
  ],
  "verdict": "ACCUMULATING",
  "live_exposure_usdt": 0,
  "latest": {
    "ts": "2026-09-03T04:00:00.000Z",
    "longs": [
      "ETHUSDT",
      "BNBUSDT",
      "XRPUSDT",
      "ARBUSDT",
      "SANDUSDT",
      "SOLUSDT"
    ],
    "shorts": [
      "AVAXUSDT",
      "APTUSDT",
      "DOGEUSDT",
      "GALAUSDT",
      "ATOMUSDT",
      "INJUSDT"
    ],
    "net_pct": 0.0986
  },
  "rebalanced_this_cycle": 1,
  "skipped": null,
  "errors": []
}
{
  "generated_at": "2026-09-03T09:49:19.326Z",
  "lane": "v7_positioning_paper",
  "signal": "top_ratio - retail_ratio, cross-sectional rank, dollar-neutral",
  "k": 6,
  "symbols": 24,
  "periods_booked": 104,
  "equity": 1.010063,
  "realised": {
    "total_net_pct": 1.0063,
    "mean_net_pct": 0.0118,
    "mean_gross_pct": 0.0208,
    "mean_cost_pct": 0.009,
    "ann_pct": 23.5,
    "vol_pct": 17.4,
    "sharpe": 1.35,
    "t_stat": 0.32
  },
  "backtest_expectation": {
    "source": "banked v5 ledger, 24 symbols x 242 periods (40.5 days)",
    "ann_pct": 85.3,
    "vol_pct": 11.8,
    "t_stat": 1.77,
    "cross_sectional_ic": -0.0345,
    "cross_sectional_ic_t": -2.63,
    "caveat": "The BOOK's t is 1.77 — it does not reach 1.96, let alone the 2.73 that Bonferroni over 8 examined features would want. Only the raw cross-sectional IC (t=-2.63) is nominally significant; discretising it into a 6-a-side book and charging turnover costs gives most of that back. Sharpe 7.24 is an annualisation artefact of a 40-day window, not a property of the strategy."
  },
  "sample_requirement": {
    "observed_sd_pct": 0.3727,
    "observed_edge_pct": 0.0118,
    "n_for_t196": 3847,
    "days_to_n": 641
  },
  "booked_at_leverage": 1,
  "leverage_view": [
    {
      "leverage": 1,
      "equity": 1.011593,
      "total_net_pct": 1.16,
      "ann_pct": 27.5,
      "vol_pct": 17.4,
      "max_drawdown_pct": 3.7,
      "worst_period_pct": -1.5,
      "t_stat": 0.3222849302358633
    },
    {
      "leverage": 2,
      "equity": 1.021839,
      "total_net_pct": 2.18,
      "ann_pct": 57.6,
      "vol_pct": 34.9,
      "max_drawdown_pct": 7.3,
      "worst_period_pct": -3.1,
      "t_stat": 0.3222849302358633
    },
    {
      "leverage": 3,
      "equity": 1.030689,
      "total_net_pct": 3.07,
      "ann_pct": 89,
      "vol_pct": 52.3,
      "max_drawdown_pct": 10.9,
      "worst_period_pct": -4.6,
      "t_stat": 0.3222849302358633
    }
  ],
  "verdict": "ACCUMULATING",
  "live_exposure_usdt": 0,
  "latest": null,
  "rebalanced_this_cycle": 0,
  "skipped": "no unbooked closed periods (latest booked 2026-09-03T04:00:00.000Z)",
  "errors": []
}
{
  "generated_at": "2026-09-03T10:49:24.589Z",
  "lane": "v7_positioning_paper",
  "signal": "top_ratio - retail_ratio, cross-sectional rank, dollar-neutral",
  "k": 6,
  "symbols": 24,
  "periods_booked": 104,
  "equity": 1.010063,
  "realised": {
    "total_net_pct": 1.0063,
    "mean_net_pct": 0.0118,
    "mean_gross_pct": 0.0208,
    "mean_cost_pct": 0.009,
    "ann_pct": 23.5,
    "vol_pct": 17.4,
    "sharpe": 1.35,
    "t_stat": 0.32
  },
  "backtest_expectation": {
    "source": "banked v5 ledger, 24 symbols x 242 periods (40.5 days)",
    "ann_pct": 85.3,
    "vol_pct": 11.8,
    "t_stat": 1.77,
    "cross_sectional_ic": -0.0345,
    "cross_sectional_ic_t": -2.63,
    "caveat": "The BOOK's t is 1.77 — it does not reach 1.96, let alone the 2.73 that Bonferroni over 8 examined features would want. Only the raw cross-sectional IC (t=-2.63) is nominally significant; discretising it into a 6-a-side book and charging turnover costs gives most of that back. Sharpe 7.24 is an annualisation artefact of a 40-day window, not a property of the strategy."
  },
  "sample_requirement": {
    "observed_sd_pct": 0.3727,
    "observed_edge_pct": 0.0118,
    "n_for_t196": 3847,
    "days_to_n": 641
  },
  "booked_at_leverage": 1,
  "leverage_view": [
    {
      "leverage": 1,
      "equity": 1.011593,
      "total_net_pct": 1.16,
      "ann_pct": 27.5,
      "vol_pct": 17.4,
      "max_drawdown_pct": 3.7,
      "worst_period_pct": -1.5,
      "t_stat": 0.3222849302358633
    },
    {
      "leverage": 2,
      "equity": 1.021839,
      "total_net_pct": 2.18,
      "ann_pct": 57.6,
      "vol_pct": 34.9,
      "max_drawdown_pct": 7.3,
      "worst_period_pct": -3.1,
      "t_stat": 0.3222849302358633
    },
    {
      "leverage": 3,
      "equity": 1.030689,
      "total_net_pct": 3.07,
      "ann_pct": 89,
      "vol_pct": 52.3,
      "max_drawdown_pct": 10.9,
      "worst_period_pct": -4.6,
      "t_stat": 0.3222849302358633
    }
  ],
  "verdict": "ACCUMULATING",
  "live_exposure_usdt": 0,
  "latest": null,
  "rebalanced_this_cycle": 0,
  "skipped": "no unbooked closed periods (latest booked 2026-09-03T04:00:00.000Z)",
  "errors": []
}
{
  "generated_at": "2026-09-03T11:49:27.881Z",
  "lane": "v7_positioning_paper",
  "signal": "top_ratio - retail_ratio, cross-sectional rank, dollar-neutral",
  "k": 6,
  "symbols": 24,
  "periods_booked": 104,
  "equity": 1.010063,
  "realised": {
    "total_net_pct": 1.0063,
    "mean_net_pct": 0.0118,
    "mean_gross_pct": 0.0208,
    "mean_cost_pct": 0.009,
    "ann_pct": 23.5,
    "vol_pct": 17.4,
    "sharpe": 1.35,
    "t_stat": 0.32
  },
  "backtest_expectation": {
    "source": "banked v5 ledger, 24 symbols x 242 periods (40.5 days)",
    "ann_pct": 85.3,
    "vol_pct": 11.8,
    "t_stat": 1.77,
    "cross_sectional_ic": -0.0345,
    "cross_sectional_ic_t": -2.63,
    "caveat": "The BOOK's t is 1.77 — it does not reach 1.96, let alone the 2.73 that Bonferroni over 8 examined features would want. Only the raw cross-sectional IC (t=-2.63) is nominally significant; discretising it into a 6-a-side book and charging turnover costs gives most of that back. Sharpe 7.24 is an annualisation artefact of a 40-day window, not a property of the strategy."
  },
  "sample_requirement": {
    "observed_sd_pct": 0.3727,
    "observed_edge_pct": 0.0118,
    "n_for_t196": 3847,
    "days_to_n": 641
  },
  "booked_at_leverage": 1,
  "leverage_view": [
    {
      "leverage": 1,
      "equity": 1.011593,
      "total_net_pct": 1.16,
      "ann_pct": 27.5,
      "vol_pct": 17.4,
      "max_drawdown_pct": 3.7,
      "worst_period_pct": -1.5,
      "t_stat": 0.3222849302358633
    },
    {
      "leverage": 2,
      "equity": 1.021839,
      "total_net_pct": 2.18,
      "ann_pct": 57.6,
      "vol_pct": 34.9,
      "max_drawdown_pct": 7.3,
      "worst_period_pct": -3.1,
      "t_stat": 0.3222849302358633
    },
    {
      "leverage": 3,
      "equity": 1.030689,
      "total_net_pct": 3.07,
      "ann_pct": 89,
      "vol_pct": 52.3,
      "max_drawdown_pct": 10.9,
      "worst_period_pct": -4.6,
      "t_stat": 0.3222849302358633
    }
  ],
  "verdict": "ACCUMULATING",
  "live_exposure_usdt": 0,
  "latest": null,
  "rebalanced_this_cycle": 0,
  "skipped": "no unbooked closed periods (latest booked 2026-09-03T04:00:00.000Z)",
  "errors": []
}
{
  "generated_at": "2026-09-03T12:49:33.136Z",
  "lane": "v7_positioning_paper",
  "signal": "top_ratio - retail_ratio, cross-sectional rank, dollar-neutral",
  "k": 6,
  "symbols": 24,
  "periods_booked": 105,
  "equity": 1.010094,
  "realised": {
    "total_net_pct": 1.0094,
    "mean_net_pct": 0.0117,
    "mean_gross_pct": 0.0207,
    "mean_cost_pct": 0.009,
    "ann_pct": 23.3,
    "vol_pct": 17.4,
    "sharpe": 1.34,
    "t_stat": 0.32
  },
  "backtest_expectation": {
    "source": "banked v5 ledger, 24 symbols x 242 periods (40.5 days)",
    "ann_pct": 85.3,
    "vol_pct": 11.8,
    "t_stat": 1.77,
    "cross_sectional_ic": -0.0345,
    "cross_sectional_ic_t": -2.63,
    "caveat": "The BOOK's t is 1.77 — it does not reach 1.96, let alone the 2.73 that Bonferroni over 8 examined features would want. Only the raw cross-sectional IC (t=-2.63) is nominally significant; discretising it into a 6-a-side book and charging turnover costs gives most of that back. Sharpe 7.24 is an annualisation artefact of a 40-day window, not a property of the strategy."
  },
  "sample_requirement": {
    "observed_sd_pct": 0.3709,
    "observed_edge_pct": 0.0117,
    "n_for_t196": 3864,
    "days_to_n": 644
  },
  "booked_at_leverage": 1,
  "leverage_view": [
    {
      "leverage": 1,
      "equity": 1.011624,
      "total_net_pct": 1.16,
      "ann_pct": 27.3,
      "vol_pct": 17.4,
      "max_drawdown_pct": 3.7,
      "worst_period_pct": -1.5,
      "t_stat": 0.32309967420434715
    },
    {
      "leverage": 2,
      "equity": 1.021902,
      "total_net_pct": 2.19,
      "ann_pct": 57.1,
      "vol_pct": 34.7,
      "max_drawdown_pct": 7.3,
      "worst_period_pct": -3.1,
      "t_stat": 0.32309967420434715
    },
    {
      "leverage": 3,
      "equity": 1.030785,
      "total_net_pct": 3.08,
      "ann_pct": 88.2,
      "vol_pct": 52.1,
      "max_drawdown_pct": 10.9,
      "worst_period_pct": -4.6,
      "t_stat": 0.32309967420434715
    }
  ],
  "verdict": "ACCUMULATING",
  "live_exposure_usdt": 0,
  "latest": {
    "ts": "2026-09-03T08:00:00.000Z",
    "longs": [
      "ETHUSDT",
      "BNBUSDT",
      "SANDUSDT",
      "XRPUSDT",
      "ARBUSDT",
      "SOLUSDT"
    ],
    "shorts": [
      "DOGEUSDT",
      "LINKUSDT",
      "APTUSDT",
      "GALAUSDT",
      "ATOMUSDT",
      "INJUSDT"
    ],
    "net_pct": 0.0031
  },
  "rebalanced_this_cycle": 1,
  "skipped": null,
  "errors": []
}
{
  "generated_at": "2026-09-03T13:49:36.617Z",
  "lane": "v7_positioning_paper",
  "signal": "top_ratio - retail_ratio, cross-sectional rank, dollar-neutral",
  "k": 6,
  "symbols": 24,
  "periods_booked": 105,
  "equity": 1.010094,
  "realised": {
    "total_net_pct": 1.0094,
    "mean_net_pct": 0.0117,
    "mean_gross_pct": 0.0207,
    "mean_cost_pct": 0.009,
    "ann_pct": 23.3,
    "vol_pct": 17.4,
    "sharpe": 1.34,
    "t_stat": 0.32
  },
  "backtest_expectation": {
    "source": "banked v5 ledger, 24 symbols x 242 periods (40.5 days)",
    "ann_pct": 85.3,
    "vol_pct": 11.8,
    "t_stat": 1.77,
    "cross_sectional_ic": -0.0345,
    "cross_sectional_ic_t": -2.63,
    "caveat": "The BOOK's t is 1.77 — it does not reach 1.96, let alone the 2.73 that Bonferroni over 8 examined features would want. Only the raw cross-sectional IC (t=-2.63) is nominally significant; discretising it into a 6-a-side book and charging turnover costs gives most of that back. Sharpe 7.24 is an annualisation artefact of a 40-day window, not a property of the strategy."
  },
  "sample_requirement": {
    "observed_sd_pct": 0.3709,
    "observed_edge_pct": 0.0117,
    "n_for_t196": 3864,
    "days_to_n": 644
  },
  "booked_at_leverage": 1,
  "leverage_view": [
    {
      "leverage": 1,
      "equity": 1.011624,
      "total_net_pct": 1.16,
      "ann_pct": 27.3,
      "vol_pct": 17.4,
      "max_drawdown_pct": 3.7,
      "worst_period_pct": -1.5,
      "t_stat": 0.32309967420434715
    },
    {
      "leverage": 2,
      "equity": 1.021902,
      "total_net_pct": 2.19,
      "ann_pct": 57.1,
      "vol_pct": 34.7,
      "max_drawdown_pct": 7.3,
      "worst_period_pct": -3.1,
      "t_stat": 0.32309967420434715
    },
    {
      "leverage": 3,
      "equity": 1.030785,
      "total_net_pct": 3.08,
      "ann_pct": 88.2,
      "vol_pct": 52.1,
      "max_drawdown_pct": 10.9,
      "worst_period_pct": -4.6,
      "t_stat": 0.32309967420434715
    }
  ],
  "verdict": "ACCUMULATING",
  "live_exposure_usdt": 0,
  "latest": null,
  "rebalanced_this_cycle": 0,
  "skipped": "no unbooked closed periods (latest booked 2026-09-03T08:00:00.000Z)",
  "errors": []
}
{
  "generated_at": "2026-09-03T14:49:39.868Z",
  "lane": "v7_positioning_paper",
  "signal": "top_ratio - retail_ratio, cross-sectional rank, dollar-neutral",
  "k": 6,
  "symbols": 24,
  "periods_booked": 105,
  "equity": 1.010094,
  "realised": {
    "total_net_pct": 1.0094,
    "mean_net_pct": 0.0117,
    "mean_gross_pct": 0.0207,
    "mean_cost_pct": 0.009,
    "ann_pct": 23.3,
    "vol_pct": 17.4,
    "sharpe": 1.34,
    "t_stat": 0.32
  },
  "backtest_expectation": {
    "source": "banked v5 ledger, 24 symbols x 242 periods (40.5 days)",
    "ann_pct": 85.3,
    "vol_pct": 11.8,
    "t_stat": 1.77,
    "cross_sectional_ic": -0.0345,
    "cross_sectional_ic_t": -2.63,
    "caveat": "The BOOK's t is 1.77 — it does not reach 1.96, let alone the 2.73 that Bonferroni over 8 examined features would want. Only the raw cross-sectional IC (t=-2.63) is nominally significant; discretising it into a 6-a-side book and charging turnover costs gives most of that back. Sharpe 7.24 is an annualisation artefact of a 40-day window, not a property of the strategy."
  },
  "sample_requirement": {
    "observed_sd_pct": 0.3709,
    "observed_edge_pct": 0.0117,
    "n_for_t196": 3864,
    "days_to_n": 644
  },
  "booked_at_leverage": 1,
  "leverage_view": [
    {
      "leverage": 1,
      "equity": 1.011624,
      "total_net_pct": 1.16,
      "ann_pct": 27.3,
      "vol_pct": 17.4,
      "max_drawdown_pct": 3.7,
      "worst_period_pct": -1.5,
      "t_stat": 0.32309967420434715
    },
    {
      "leverage": 2,
      "equity": 1.021902,
      "total_net_pct": 2.19,
      "ann_pct": 57.1,
      "vol_pct": 34.7,
      "max_drawdown_pct": 7.3,
      "worst_period_pct": -3.1,
      "t_stat": 0.32309967420434715
    },
    {
      "leverage": 3,
      "equity": 1.030785,
      "total_net_pct": 3.08,
      "ann_pct": 88.2,
      "vol_pct": 52.1,
      "max_drawdown_pct": 10.9,
      "worst_period_pct": -4.6,
      "t_stat": 0.32309967420434715
    }
  ],
  "verdict": "ACCUMULATING",
  "live_exposure_usdt": 0,
  "latest": null,
  "rebalanced_this_cycle": 0,
  "skipped": "no unbooked closed periods (latest booked 2026-09-03T08:00:00.000Z)",
  "errors": []
}
{
  "generated_at": "2026-09-03T15:49:43.139Z",
  "lane": "v7_positioning_paper",
  "signal": "top_ratio - retail_ratio, cross-sectional rank, dollar-neutral",
  "k": 6,
  "symbols": 24,
  "periods_booked": 105,
  "equity": 1.010094,
  "realised": {
    "total_net_pct": 1.0094,
    "mean_net_pct": 0.0117,
    "mean_gross_pct": 0.0207,
    "mean_cost_pct": 0.009,
    "ann_pct": 23.3,
    "vol_pct": 17.4,
    "sharpe": 1.34,
    "t_stat": 0.32
  },
  "backtest_expectation": {
    "source": "banked v5 ledger, 24 symbols x 242 periods (40.5 days)",
    "ann_pct": 85.3,
    "vol_pct": 11.8,
    "t_stat": 1.77,
    "cross_sectional_ic": -0.0345,
    "cross_sectional_ic_t": -2.63,
    "caveat": "The BOOK's t is 1.77 — it does not reach 1.96, let alone the 2.73 that Bonferroni over 8 examined features would want. Only the raw cross-sectional IC (t=-2.63) is nominally significant; discretising it into a 6-a-side book and charging turnover costs gives most of that back. Sharpe 7.24 is an annualisation artefact of a 40-day window, not a property of the strategy."
  },
  "sample_requirement": {
    "observed_sd_pct": 0.3709,
    "observed_edge_pct": 0.0117,
    "n_for_t196": 3864,
    "days_to_n": 644
  },
  "booked_at_leverage": 1,
  "leverage_view": [
    {
      "leverage": 1,
      "equity": 1.011624,
      "total_net_pct": 1.16,
      "ann_pct": 27.3,
      "vol_pct": 17.4,
      "max_drawdown_pct": 3.7,
      "worst_period_pct": -1.5,
      "t_stat": 0.32309967420434715
    },
    {
      "leverage": 2,
      "equity": 1.021902,
      "total_net_pct": 2.19,
      "ann_pct": 57.1,
      "vol_pct": 34.7,
      "max_drawdown_pct": 7.3,
      "worst_period_pct": -3.1,
      "t_stat": 0.32309967420434715
    },
    {
      "leverage": 3,
      "equity": 1.030785,
      "total_net_pct": 3.08,
      "ann_pct": 88.2,
      "vol_pct": 52.1,
      "max_drawdown_pct": 10.9,
      "worst_period_pct": -4.6,
      "t_stat": 0.32309967420434715
    }
  ],
  "verdict": "ACCUMULATING",
  "live_exposure_usdt": 0,
  "latest": null,
  "rebalanced_this_cycle": 0,
  "skipped": "no unbooked closed periods (latest booked 2026-09-03T08:00:00.000Z)",
  "errors": []
}
{
  "generated_at": "2026-09-03T16:49:48.249Z",
  "lane": "v7_positioning_paper",
  "signal": "top_ratio - retail_ratio, cross-sectional rank, dollar-neutral",
  "k": 6,
  "symbols": 24,
  "periods_booked": 106,
  "equity": 1.008973,
  "realised": {
    "total_net_pct": 0.8973,
    "mean_net_pct": 0.0105,
    "mean_gross_pct": 0.0197,
    "mean_cost_pct": 0.0091,
    "ann_pct": 20.3,
    "vol_pct": 17.3,
    "sharpe": 1.17,
    "t_stat": 0.29
  },
  "backtest_expectation": {
    "source": "banked v5 ledger, 24 symbols x 242 periods (40.5 days)",
    "ann_pct": 85.3,
    "vol_pct": 11.8,
    "t_stat": 1.77,
    "cross_sectional_ic": -0.0345,
    "cross_sectional_ic_t": -2.63,
    "caveat": "The BOOK's t is 1.77 — it does not reach 1.96, let alone the 2.73 that Bonferroni over 8 examined features would want. Only the raw cross-sectional IC (t=-2.63) is nominally significant; discretising it into a 6-a-side book and charging turnover costs gives most of that back. Sharpe 7.24 is an annualisation artefact of a 40-day window, not a property of the strategy."
  },
  "sample_requirement": {
    "observed_sd_pct": 0.3694,
    "observed_edge_pct": 0.0105,
    "n_for_t196": 4719,
    "days_to_n": 787
  },
  "booked_at_leverage": 1,
  "leverage_view": [
    {
      "leverage": 1,
      "equity": 1.010503,
      "total_net_pct": 1.05,
      "ann_pct": 24.1,
      "vol_pct": 17.3,
      "max_drawdown_pct": 3.7,
      "worst_period_pct": -1.5,
      "t_stat": 0.29377177230842355
    },
    {
      "leverage": 2,
      "equity": 1.019635,
      "total_net_pct": 1.96,
      "ann_pct": 49.4,
      "vol_pct": 34.6,
      "max_drawdown_pct": 7.3,
      "worst_period_pct": -3.1,
      "t_stat": 0.29377177230842355
    },
    {
      "leverage": 3,
      "equity": 1.027355,
      "total_net_pct": 2.74,
      "ann_pct": 74.6,
      "vol_pct": 51.9,
      "max_drawdown_pct": 10.9,
      "worst_period_pct": -4.6,
      "t_stat": 0.29377177230842355
    }
  ],
  "verdict": "ACCUMULATING",
  "live_exposure_usdt": 0,
  "latest": {
    "ts": "2026-09-03T12:00:00.000Z",
    "longs": [
      "ETHUSDT",
      "BNBUSDT",
      "SANDUSDT",
      "XRPUSDT",
      "ARBUSDT",
      "DOTUSDT"
    ],
    "shorts": [
      "AAVEUSDT",
      "DOGEUSDT",
      "APTUSDT",
      "ATOMUSDT",
      "GALAUSDT",
      "INJUSDT"
    ],
    "net_pct": -0.1109
  },
  "rebalanced_this_cycle": 1,
  "skipped": null,
  "errors": []
}
{
  "generated_at": "2026-09-03T17:49:51.630Z",
  "lane": "v7_positioning_paper",
  "signal": "top_ratio - retail_ratio, cross-sectional rank, dollar-neutral",
  "k": 6,
  "symbols": 24,
  "periods_booked": 106,
  "equity": 1.008973,
  "realised": {
    "total_net_pct": 0.8973,
    "mean_net_pct": 0.0105,
    "mean_gross_pct": 0.0197,
    "mean_cost_pct": 0.0091,
    "ann_pct": 20.3,
    "vol_pct": 17.3,
    "sharpe": 1.17,
    "t_stat": 0.29
  },
  "backtest_expectation": {
    "source": "banked v5 ledger, 24 symbols x 242 periods (40.5 days)",
    "ann_pct": 85.3,
    "vol_pct": 11.8,
    "t_stat": 1.77,
    "cross_sectional_ic": -0.0345,
    "cross_sectional_ic_t": -2.63,
    "caveat": "The BOOK's t is 1.77 — it does not reach 1.96, let alone the 2.73 that Bonferroni over 8 examined features would want. Only the raw cross-sectional IC (t=-2.63) is nominally significant; discretising it into a 6-a-side book and charging turnover costs gives most of that back. Sharpe 7.24 is an annualisation artefact of a 40-day window, not a property of the strategy."
  },
  "sample_requirement": {
    "observed_sd_pct": 0.3694,
    "observed_edge_pct": 0.0105,
    "n_for_t196": 4719,
    "days_to_n": 787
  },
  "booked_at_leverage": 1,
  "leverage_view": [
    {
      "leverage": 1,
      "equity": 1.010503,
      "total_net_pct": 1.05,
      "ann_pct": 24.1,
      "vol_pct": 17.3,
      "max_drawdown_pct": 3.7,
      "worst_period_pct": -1.5,
      "t_stat": 0.29377177230842355
    },
    {
      "leverage": 2,
      "equity": 1.019635,
      "total_net_pct": 1.96,
      "ann_pct": 49.4,
      "vol_pct": 34.6,
      "max_drawdown_pct": 7.3,
      "worst_period_pct": -3.1,
      "t_stat": 0.29377177230842355
    },
    {
      "leverage": 3,
      "equity": 1.027355,
      "total_net_pct": 2.74,
      "ann_pct": 74.6,
      "vol_pct": 51.9,
      "max_drawdown_pct": 10.9,
      "worst_period_pct": -4.6,
      "t_stat": 0.29377177230842355
    }
  ],
  "verdict": "ACCUMULATING",
  "live_exposure_usdt": 0,
  "latest": null,
  "rebalanced_this_cycle": 0,
  "skipped": "no unbooked closed periods (latest booked 2026-09-03T12:00:00.000Z)",
  "errors": []
}
{
  "generated_at": "2026-09-03T18:49:55.019Z",
  "lane": "v7_positioning_paper",
  "signal": "top_ratio - retail_ratio, cross-sectional rank, dollar-neutral",
  "k": 6,
  "symbols": 24,
  "periods_booked": 106,
  "equity": 1.008973,
  "realised": {
    "total_net_pct": 0.8973,
    "mean_net_pct": 0.0105,
    "mean_gross_pct": 0.0197,
    "mean_cost_pct": 0.0091,
    "ann_pct": 20.3,
    "vol_pct": 17.3,
    "sharpe": 1.17,
    "t_stat": 0.29
  },
  "backtest_expectation": {
    "source": "banked v5 ledger, 24 symbols x 242 periods (40.5 days)",
    "ann_pct": 85.3,
    "vol_pct": 11.8,
    "t_stat": 1.77,
    "cross_sectional_ic": -0.0345,
    "cross_sectional_ic_t": -2.63,
    "caveat": "The BOOK's t is 1.77 — it does not reach 1.96, let alone the 2.73 that Bonferroni over 8 examined features would want. Only the raw cross-sectional IC (t=-2.63) is nominally significant; discretising it into a 6-a-side book and charging turnover costs gives most of that back. Sharpe 7.24 is an annualisation artefact of a 40-day window, not a property of the strategy."
  },
  "sample_requirement": {
    "observed_sd_pct": 0.3694,
    "observed_edge_pct": 0.0105,
    "n_for_t196": 4719,
    "days_to_n": 787
  },
  "booked_at_leverage": 1,
  "leverage_view": [
    {
      "leverage": 1,
      "equity": 1.010503,
      "total_net_pct": 1.05,
      "ann_pct": 24.1,
      "vol_pct": 17.3,
      "max_drawdown_pct": 3.7,
      "worst_period_pct": -1.5,
      "t_stat": 0.29377177230842355
    },
    {
      "leverage": 2,
      "equity": 1.019635,
      "total_net_pct": 1.96,
      "ann_pct": 49.4,
      "vol_pct": 34.6,
      "max_drawdown_pct": 7.3,
      "worst_period_pct": -3.1,
      "t_stat": 0.29377177230842355
    },
    {
      "leverage": 3,
      "equity": 1.027355,
      "total_net_pct": 2.74,
      "ann_pct": 74.6,
      "vol_pct": 51.9,
      "max_drawdown_pct": 10.9,
      "worst_period_pct": -4.6,
      "t_stat": 0.29377177230842355
    }
  ],
  "verdict": "ACCUMULATING",
  "live_exposure_usdt": 0,
  "latest": null,
  "rebalanced_this_cycle": 0,
  "skipped": "no unbooked closed periods (latest booked 2026-09-03T12:00:00.000Z)",
  "errors": []
}
{
  "generated_at": "2026-09-03T19:49:58.394Z",
  "lane": "v7_positioning_paper",
  "signal": "top_ratio - retail_ratio, cross-sectional rank, dollar-neutral",
  "k": 6,
  "symbols": 24,
  "periods_booked": 106,
  "equity": 1.008973,
  "realised": {
    "total_net_pct": 0.8973,
    "mean_net_pct": 0.0105,
    "mean_gross_pct": 0.0197,
    "mean_cost_pct": 0.0091,
    "ann_pct": 20.3,
    "vol_pct": 17.3,
    "sharpe": 1.17,
    "t_stat": 0.29
  },
  "backtest_expectation": {
    "source": "banked v5 ledger, 24 symbols x 242 periods (40.5 days)",
    "ann_pct": 85.3,
    "vol_pct": 11.8,
    "t_stat": 1.77,
    "cross_sectional_ic": -0.0345,
    "cross_sectional_ic_t": -2.63,
    "caveat": "The BOOK's t is 1.77 — it does not reach 1.96, let alone the 2.73 that Bonferroni over 8 examined features would want. Only the raw cross-sectional IC (t=-2.63) is nominally significant; discretising it into a 6-a-side book and charging turnover costs gives most of that back. Sharpe 7.24 is an annualisation artefact of a 40-day window, not a property of the strategy."
  },
  "sample_requirement": {
    "observed_sd_pct": 0.3694,
    "observed_edge_pct": 0.0105,
    "n_for_t196": 4719,
    "days_to_n": 787
  },
  "booked_at_leverage": 1,
  "leverage_view": [
    {
      "leverage": 1,
      "equity": 1.010503,
      "total_net_pct": 1.05,
      "ann_pct": 24.1,
      "vol_pct": 17.3,
      "max_drawdown_pct": 3.7,
      "worst_period_pct": -1.5,
      "t_stat": 0.29377177230842355
    },
    {
      "leverage": 2,
      "equity": 1.019635,
      "total_net_pct": 1.96,
      "ann_pct": 49.4,
      "vol_pct": 34.6,
      "max_drawdown_pct": 7.3,
      "worst_period_pct": -3.1,
      "t_stat": 0.29377177230842355
    },
    {
      "leverage": 3,
      "equity": 1.027355,
      "total_net_pct": 2.74,
      "ann_pct": 74.6,
      "vol_pct": 51.9,
      "max_drawdown_pct": 10.9,
      "worst_period_pct": -4.6,
      "t_stat": 0.29377177230842355
    }
  ],
  "verdict": "ACCUMULATING",
  "live_exposure_usdt": 0,
  "latest": null,
  "rebalanced_this_cycle": 0,
  "skipped": "no unbooked closed periods (latest booked 2026-09-03T12:00:00.000Z)",
  "errors": []
}
{
  "generated_at": "2026-09-03T20:50:02.182Z",
  "lane": "v7_positioning_paper",
  "signal": "top_ratio - retail_ratio, cross-sectional rank, dollar-neutral",
  "k": 6,
  "symbols": 24,
  "periods_booked": 107,
  "equity": 1.013403,
  "realised": {
    "total_net_pct": 1.3403,
    "mean_net_pct": 0.0145,
    "mean_gross_pct": 0.0239,
    "mean_cost_pct": 0.0094,
    "ann_pct": 31.3,
    "vol_pct": 17.3,
    "sharpe": 1.81,
    "t_stat": 0.41
  },
  "backtest_expectation": {
    "source": "banked v5 ledger, 24 symbols x 242 periods (40.5 days)",
    "ann_pct": 85.3,
    "vol_pct": 11.8,
    "t_stat": 1.77,
    "cross_sectional_ic": -0.0345,
    "cross_sectional_ic_t": -2.63,
    "caveat": "The BOOK's t is 1.77 — it does not reach 1.96, let alone the 2.73 that Bonferroni over 8 examined features would want. Only the raw cross-sectional IC (t=-2.63) is nominally significant; discretising it into a 6-a-side book and charging turnover costs gives most of that back. Sharpe 7.24 is an annualisation artefact of a 40-day window, not a property of the strategy."
  },
  "sample_requirement": {
    "observed_sd_pct": 0.3699,
    "observed_edge_pct": 0.0145,
    "n_for_t196": 2486,
    "days_to_n": 414
  },
  "booked_at_leverage": 1,
  "leverage_view": [
    {
      "leverage": 1,
      "equity": 1.014939,
      "total_net_pct": 1.49,
      "ann_pct": 35.5,
      "vol_pct": 17.3,
      "max_drawdown_pct": 3.7,
      "worst_period_pct": -1.5,
      "t_stat": 0.4066595596978492
    },
    {
      "leverage": 2,
      "equity": 1.028588,
      "total_net_pct": 2.86,
      "ann_pct": 78.1,
      "vol_pct": 34.6,
      "max_drawdown_pct": 7.3,
      "worst_period_pct": -3.1,
      "t_stat": 0.4066595596978492
    },
    {
      "leverage": 3,
      "equity": 1.040886,
      "total_net_pct": 4.09,
      "ann_pct": 127.1,
      "vol_pct": 51.9,
      "max_drawdown_pct": 10.9,
      "worst_period_pct": -4.6,
      "t_stat": 0.4066595596978492
    }
  ],
  "verdict": "ACCUMULATING",
  "live_exposure_usdt": 0,
  "latest": {
    "ts": "2026-09-03T16:00:00.000Z",
    "longs": [
      "ETHUSDT",
      "BNBUSDT",
      "SANDUSDT",
      "XRPUSDT",
      "SOLUSDT",
      "DOTUSDT"
    ],
    "shorts": [
      "LINKUSDT",
      "NEARUSDT",
      "APTUSDT",
      "GALAUSDT",
      "ATOMUSDT",
      "INJUSDT"
    ],
    "net_pct": 0.439
  },
  "rebalanced_this_cycle": 1,
  "skipped": null,
  "errors": []
}
{
  "generated_at": "2026-09-03T21:50:05.581Z",
  "lane": "v7_positioning_paper",
  "signal": "top_ratio - retail_ratio, cross-sectional rank, dollar-neutral",
  "k": 6,
  "symbols": 24,
  "periods_booked": 107,
  "equity": 1.013403,
  "realised": {
    "total_net_pct": 1.3403,
    "mean_net_pct": 0.0145,
    "mean_gross_pct": 0.0239,
    "mean_cost_pct": 0.0094,
    "ann_pct": 31.3,
    "vol_pct": 17.3,
    "sharpe": 1.81,
    "t_stat": 0.41
  },
  "backtest_expectation": {
    "source": "banked v5 ledger, 24 symbols x 242 periods (40.5 days)",
    "ann_pct": 85.3,
    "vol_pct": 11.8,
    "t_stat": 1.77,
    "cross_sectional_ic": -0.0345,
    "cross_sectional_ic_t": -2.63,
    "caveat": "The BOOK's t is 1.77 — it does not reach 1.96, let alone the 2.73 that Bonferroni over 8 examined features would want. Only the raw cross-sectional IC (t=-2.63) is nominally significant; discretising it into a 6-a-side book and charging turnover costs gives most of that back. Sharpe 7.24 is an annualisation artefact of a 40-day window, not a property of the strategy."
  },
  "sample_requirement": {
    "observed_sd_pct": 0.3699,
    "observed_edge_pct": 0.0145,
    "n_for_t196": 2486,
    "days_to_n": 414
  },
  "booked_at_leverage": 1,
  "leverage_view": [
    {
      "leverage": 1,
      "equity": 1.014939,
      "total_net_pct": 1.49,
      "ann_pct": 35.5,
      "vol_pct": 17.3,
      "max_drawdown_pct": 3.7,
      "worst_period_pct": -1.5,
      "t_stat": 0.4066595596978492
    },
    {
      "leverage": 2,
      "equity": 1.028588,
      "total_net_pct": 2.86,
      "ann_pct": 78.1,
      "vol_pct": 34.6,
      "max_drawdown_pct": 7.3,
      "worst_period_pct": -3.1,
      "t_stat": 0.4066595596978492
    },
    {
      "leverage": 3,
      "equity": 1.040886,
      "total_net_pct": 4.09,
      "ann_pct": 127.1,
      "vol_pct": 51.9,
      "max_drawdown_pct": 10.9,
      "worst_period_pct": -4.6,
      "t_stat": 0.4066595596978492
    }
  ],
  "verdict": "ACCUMULATING",
  "live_exposure_usdt": 0,
  "latest": null,
  "rebalanced_this_cycle": 0,
  "skipped": "no unbooked closed periods (latest booked 2026-09-03T16:00:00.000Z)",
  "errors": []
}
{
  "generated_at": "2026-09-03T22:50:08.912Z",
  "lane": "v7_positioning_paper",
  "signal": "top_ratio - retail_ratio, cross-sectional rank, dollar-neutral",
  "k": 6,
  "symbols": 24,
  "periods_booked": 107,
  "equity": 1.013403,
  "realised": {
    "total_net_pct": 1.3403,
    "mean_net_pct": 0.0145,
    "mean_gross_pct": 0.0239,
    "mean_cost_pct": 0.0094,
    "ann_pct": 31.3,
    "vol_pct": 17.3,
    "sharpe": 1.81,
    "t_stat": 0.41
  },
  "backtest_expectation": {
    "source": "banked v5 ledger, 24 symbols x 242 periods (40.5 days)",
    "ann_pct": 85.3,
    "vol_pct": 11.8,
    "t_stat": 1.77,
    "cross_sectional_ic": -0.0345,
    "cross_sectional_ic_t": -2.63,
    "caveat": "The BOOK's t is 1.77 — it does not reach 1.96, let alone the 2.73 that Bonferroni over 8 examined features would want. Only the raw cross-sectional IC (t=-2.63) is nominally significant; discretising it into a 6-a-side book and charging turnover costs gives most of that back. Sharpe 7.24 is an annualisation artefact of a 40-day window, not a property of the strategy."
  },
  "sample_requirement": {
    "observed_sd_pct": 0.3699,
    "observed_edge_pct": 0.0145,
    "n_for_t196": 2486,
    "days_to_n": 414
  },
  "booked_at_leverage": 1,
  "leverage_view": [
    {
      "leverage": 1,
      "equity": 1.014939,
      "total_net_pct": 1.49,
      "ann_pct": 35.5,
      "vol_pct": 17.3,
      "max_drawdown_pct": 3.7,
      "worst_period_pct": -1.5,
      "t_stat": 0.4066595596978492
    },
    {
      "leverage": 2,
      "equity": 1.028588,
      "total_net_pct": 2.86,
      "ann_pct": 78.1,
      "vol_pct": 34.6,
      "max_drawdown_pct": 7.3,
      "worst_period_pct": -3.1,
      "t_stat": 0.4066595596978492
    },
    {
      "leverage": 3,
      "equity": 1.040886,
      "total_net_pct": 4.09,
      "ann_pct": 127.1,
      "vol_pct": 51.9,
      "max_drawdown_pct": 10.9,
      "worst_period_pct": -4.6,
      "t_stat": 0.4066595596978492
    }
  ],
  "verdict": "ACCUMULATING",
  "live_exposure_usdt": 0,
  "latest": null,
  "rebalanced_this_cycle": 0,
  "skipped": "no unbooked closed periods (latest booked 2026-09-03T16:00:00.000Z)",
  "errors": []
}
{
  "generated_at": "2026-09-03T23:50:12.325Z",
  "lane": "v7_positioning_paper",
  "signal": "top_ratio - retail_ratio, cross-sectional rank, dollar-neutral",
  "k": 6,
  "symbols": 24,
  "periods_booked": 107,
  "equity": 1.013403,
  "realised": {
    "total_net_pct": 1.3403,
    "mean_net_pct": 0.0145,
    "mean_gross_pct": 0.0239,
    "mean_cost_pct": 0.0094,
    "ann_pct": 31.3,
    "vol_pct": 17.3,
    "sharpe": 1.81,
    "t_stat": 0.41
  },
  "backtest_expectation": {
    "source": "banked v5 ledger, 24 symbols x 242 periods (40.5 days)",
    "ann_pct": 85.3,
    "vol_pct": 11.8,
    "t_stat": 1.77,
    "cross_sectional_ic": -0.0345,
    "cross_sectional_ic_t": -2.63,
    "caveat": "The BOOK's t is 1.77 — it does not reach 1.96, let alone the 2.73 that Bonferroni over 8 examined features would want. Only the raw cross-sectional IC (t=-2.63) is nominally significant; discretising it into a 6-a-side book and charging turnover costs gives most of that back. Sharpe 7.24 is an annualisation artefact of a 40-day window, not a property of the strategy."
  },
  "sample_requirement": {
    "observed_sd_pct": 0.3699,
    "observed_edge_pct": 0.0145,
    "n_for_t196": 2486,
    "days_to_n": 414
  },
  "booked_at_leverage": 1,
  "leverage_view": [
    {
      "leverage": 1,
      "equity": 1.014939,
      "total_net_pct": 1.49,
      "ann_pct": 35.5,
      "vol_pct": 17.3,
      "max_drawdown_pct": 3.7,
      "worst_period_pct": -1.5,
      "t_stat": 0.4066595596978492
    },
    {
      "leverage": 2,
      "equity": 1.028588,
      "total_net_pct": 2.86,
      "ann_pct": 78.1,
      "vol_pct": 34.6,
      "max_drawdown_pct": 7.3,
      "worst_period_pct": -3.1,
      "t_stat": 0.4066595596978492
    },
    {
      "leverage": 3,
      "equity": 1.040886,
      "total_net_pct": 4.09,
      "ann_pct": 127.1,
      "vol_pct": 51.9,
      "max_drawdown_pct": 10.9,
      "worst_period_pct": -4.6,
      "t_stat": 0.4066595596978492
    }
  ],
  "verdict": "ACCUMULATING",
  "live_exposure_usdt": 0,
  "latest": null,
  "rebalanced_this_cycle": 0,
  "skipped": "no unbooked closed periods (latest booked 2026-09-03T16:00:00.000Z)",
  "errors": []
}
{
  "generated_at": "2026-09-04T00:50:13.771Z",
  "lane": "v7_positioning_paper",
  "signal": "top_ratio - retail_ratio, cross-sectional rank, dollar-neutral",
  "k": 6,
  "symbols": 24,
  "periods_booked": 108,
  "equity": 1.014793,
  "realised": {
    "total_net_pct": 1.4793,
    "mean_net_pct": 0.0157,
    "mean_gross_pct": 0.0252,
    "mean_cost_pct": 0.0095,
    "ann_pct": 34.7,
    "vol_pct": 17.2,
    "sharpe": 2.01,
    "t_stat": 0.44
  },
  "backtest_expectation": {
    "source": "banked v5 ledger, 24 symbols x 242 periods (40.5 days)",
    "ann_pct": 85.3,
    "vol_pct": 11.8,
    "t_stat": 1.77,
    "cross_sectional_ic": -0.0345,
    "cross_sectional_ic_t": -2.63,
    "caveat": "The BOOK's t is 1.77 — it does not reach 1.96, let alone the 2.73 that Bonferroni over 8 examined features would want. Only the raw cross-sectional IC (t=-2.63) is nominally significant; discretising it into a 6-a-side book and charging turnover costs gives most of that back. Sharpe 7.24 is an annualisation artefact of a 40-day window, not a property of the strategy."
  },
  "sample_requirement": {
    "observed_sd_pct": 0.3684,
    "observed_edge_pct": 0.0157,
    "n_for_t196": 2121,
    "days_to_n": 354
  },
  "booked_at_leverage": 1,
  "leverage_view": [
    {
      "leverage": 1,
      "equity": 1.016331,
      "total_net_pct": 1.63,
      "ann_pct": 38.9,
      "vol_pct": 17.2,
      "max_drawdown_pct": 3.7,
      "worst_period_pct": -1.5,
      "t_stat": 0.4422870534886826
    },
    {
      "leverage": 2,
      "equity": 1.03141,
      "total_net_pct": 3.14,
      "ann_pct": 87.2,
      "vol_pct": 34.5,
      "max_drawdown_pct": 7.3,
      "worst_period_pct": -3.1,
      "t_stat": 0.4422870534886826
    },
    {
      "leverage": 3,
      "equity": 1.04517,
      "total_net_pct": 4.52,
      "ann_pct": 144.9,
      "vol_pct": 51.7,
      "max_drawdown_pct": 10.9,
      "worst_period_pct": -4.6,
      "t_stat": 0.4422870534886826
    }
  ],
  "verdict": "ACCUMULATING",
  "live_exposure_usdt": 0,
  "latest": {
    "ts": "2026-09-03T20:00:00.000Z",
    "longs": [
      "ETHUSDT",
      "BNBUSDT",
      "SANDUSDT",
      "XRPUSDT",
      "DOTUSDT",
      "ARBUSDT"
    ],
    "shorts": [
      "NEARUSDT",
      "BTCUSDT",
      "APTUSDT",
      "ATOMUSDT",
      "GALAUSDT",
      "INJUSDT"
    ],
    "net_pct": 0.1372
  },
  "rebalanced_this_cycle": 1,
  "skipped": null,
  "errors": []
}
{
  "generated_at": "2026-09-04T01:50:19.150Z",
  "lane": "v7_positioning_paper",
  "signal": "top_ratio - retail_ratio, cross-sectional rank, dollar-neutral",
  "k": 6,
  "symbols": 24,
  "periods_booked": 108,
  "equity": 1.014793,
  "realised": {
    "total_net_pct": 1.4793,
    "mean_net_pct": 0.0157,
    "mean_gross_pct": 0.0252,
    "mean_cost_pct": 0.0095,
    "ann_pct": 34.7,
    "vol_pct": 17.2,
    "sharpe": 2.01,
    "t_stat": 0.44
  },
  "backtest_expectation": {
    "source": "banked v5 ledger, 24 symbols x 242 periods (40.5 days)",
    "ann_pct": 85.3,
    "vol_pct": 11.8,
    "t_stat": 1.77,
    "cross_sectional_ic": -0.0345,
    "cross_sectional_ic_t": -2.63,
    "caveat": "The BOOK's t is 1.77 — it does not reach 1.96, let alone the 2.73 that Bonferroni over 8 examined features would want. Only the raw cross-sectional IC (t=-2.63) is nominally significant; discretising it into a 6-a-side book and charging turnover costs gives most of that back. Sharpe 7.24 is an annualisation artefact of a 40-day window, not a property of the strategy."
  },
  "sample_requirement": {
    "observed_sd_pct": 0.3684,
    "observed_edge_pct": 0.0157,
    "n_for_t196": 2121,
    "days_to_n": 354
  },
  "booked_at_leverage": 1,
  "leverage_view": [
    {
      "leverage": 1,
      "equity": 1.016331,
      "total_net_pct": 1.63,
      "ann_pct": 38.9,
      "vol_pct": 17.2,
      "max_drawdown_pct": 3.7,
      "worst_period_pct": -1.5,
      "t_stat": 0.4422870534886826
    },
    {
      "leverage": 2,
      "equity": 1.03141,
      "total_net_pct": 3.14,
      "ann_pct": 87.2,
      "vol_pct": 34.5,
      "max_drawdown_pct": 7.3,
      "worst_period_pct": -3.1,
      "t_stat": 0.4422870534886826
    },
    {
      "leverage": 3,
      "equity": 1.04517,
      "total_net_pct": 4.52,
      "ann_pct": 144.9,
      "vol_pct": 51.7,
      "max_drawdown_pct": 10.9,
      "worst_period_pct": -4.6,
      "t_stat": 0.4422870534886826
    }
  ],
  "verdict": "ACCUMULATING",
  "live_exposure_usdt": 0,
  "latest": null,
  "rebalanced_this_cycle": 0,
  "skipped": "no unbooked closed periods (latest booked 2026-09-03T20:00:00.000Z)",
  "errors": []
}
{
  "generated_at": "2026-09-04T02:50:22.584Z",
  "lane": "v7_positioning_paper",
  "signal": "top_ratio - retail_ratio, cross-sectional rank, dollar-neutral",
  "k": 6,
  "symbols": 24,
  "periods_booked": 108,
  "equity": 1.014793,
  "realised": {
    "total_net_pct": 1.4793,
    "mean_net_pct": 0.0157,
    "mean_gross_pct": 0.0252,
    "mean_cost_pct": 0.0095,
    "ann_pct": 34.7,
    "vol_pct": 17.2,
    "sharpe": 2.01,
    "t_stat": 0.44
  },
  "backtest_expectation": {
    "source": "banked v5 ledger, 24 symbols x 242 periods (40.5 days)",
    "ann_pct": 85.3,
    "vol_pct": 11.8,
    "t_stat": 1.77,
    "cross_sectional_ic": -0.0345,
    "cross_sectional_ic_t": -2.63,
    "caveat": "The BOOK's t is 1.77 — it does not reach 1.96, let alone the 2.73 that Bonferroni over 8 examined features would want. Only the raw cross-sectional IC (t=-2.63) is nominally significant; discretising it into a 6-a-side book and charging turnover costs gives most of that back. Sharpe 7.24 is an annualisation artefact of a 40-day window, not a property of the strategy."
  },
  "sample_requirement": {
    "observed_sd_pct": 0.3684,
    "observed_edge_pct": 0.0157,
    "n_for_t196": 2121,
    "days_to_n": 354
  },
  "booked_at_leverage": 1,
  "leverage_view": [
    {
      "leverage": 1,
      "equity": 1.016331,
      "total_net_pct": 1.63,
      "ann_pct": 38.9,
      "vol_pct": 17.2,
      "max_drawdown_pct": 3.7,
      "worst_period_pct": -1.5,
      "t_stat": 0.4422870534886826
    },
    {
      "leverage": 2,
      "equity": 1.03141,
      "total_net_pct": 3.14,
      "ann_pct": 87.2,
      "vol_pct": 34.5,
      "max_drawdown_pct": 7.3,
      "worst_period_pct": -3.1,
      "t_stat": 0.4422870534886826
    },
    {
      "leverage": 3,
      "equity": 1.04517,
      "total_net_pct": 4.52,
      "ann_pct": 144.9,
      "vol_pct": 51.7,
      "max_drawdown_pct": 10.9,
      "worst_period_pct": -4.6,
      "t_stat": 0.4422870534886826
    }
  ],
  "verdict": "ACCUMULATING",
  "live_exposure_usdt": 0,
  "latest": null,
  "rebalanced_this_cycle": 0,
  "skipped": "no unbooked closed periods (latest booked 2026-09-03T20:00:00.000Z)",
  "errors": []
}
{
  "generated_at": "2026-09-04T03:50:26.006Z",
  "lane": "v7_positioning_paper",
  "signal": "top_ratio - retail_ratio, cross-sectional rank, dollar-neutral",
  "k": 6,
  "symbols": 24,
  "periods_booked": 108,
  "equity": 1.014793,
  "realised": {
    "total_net_pct": 1.4793,
    "mean_net_pct": 0.0157,
    "mean_gross_pct": 0.0252,
    "mean_cost_pct": 0.0095,
    "ann_pct": 34.7,
    "vol_pct": 17.2,
    "sharpe": 2.01,
    "t_stat": 0.44
  },
  "backtest_expectation": {
    "source": "banked v5 ledger, 24 symbols x 242 periods (40.5 days)",
    "ann_pct": 85.3,
    "vol_pct": 11.8,
    "t_stat": 1.77,
    "cross_sectional_ic": -0.0345,
    "cross_sectional_ic_t": -2.63,
    "caveat": "The BOOK's t is 1.77 — it does not reach 1.96, let alone the 2.73 that Bonferroni over 8 examined features would want. Only the raw cross-sectional IC (t=-2.63) is nominally significant; discretising it into a 6-a-side book and charging turnover costs gives most of that back. Sharpe 7.24 is an annualisation artefact of a 40-day window, not a property of the strategy."
  },
  "sample_requirement": {
    "observed_sd_pct": 0.3684,
    "observed_edge_pct": 0.0157,
    "n_for_t196": 2121,
    "days_to_n": 354
  },
  "booked_at_leverage": 1,
  "leverage_view": [
    {
      "leverage": 1,
      "equity": 1.016331,
      "total_net_pct": 1.63,
      "ann_pct": 38.9,
      "vol_pct": 17.2,
      "max_drawdown_pct": 3.7,
      "worst_period_pct": -1.5,
      "t_stat": 0.4422870534886826
    },
    {
      "leverage": 2,
      "equity": 1.03141,
      "total_net_pct": 3.14,
      "ann_pct": 87.2,
      "vol_pct": 34.5,
      "max_drawdown_pct": 7.3,
      "worst_period_pct": -3.1,
      "t_stat": 0.4422870534886826
    },
    {
      "leverage": 3,
      "equity": 1.04517,
      "total_net_pct": 4.52,
      "ann_pct": 144.9,
      "vol_pct": 51.7,
      "max_drawdown_pct": 10.9,
      "worst_period_pct": -4.6,
      "t_stat": 0.4422870534886826
    }
  ],
  "verdict": "ACCUMULATING",
  "live_exposure_usdt": 0,
  "latest": null,
  "rebalanced_this_cycle": 0,
  "skipped": "no unbooked closed periods (latest booked 2026-09-03T20:00:00.000Z)",
  "errors": []
}
{
  "generated_at": "2026-09-04T04:50:29.488Z",
  "lane": "v7_positioning_paper",
  "signal": "top_ratio - retail_ratio, cross-sectional rank, dollar-neutral",
  "k": 6,
  "symbols": 24,
  "periods_booked": 109,
  "equity": 1.012181,
  "realised": {
    "total_net_pct": 1.2181,
    "mean_net_pct": 0.0132,
    "mean_gross_pct": 0.0227,
    "mean_cost_pct": 0.0095,
    "ann_pct": 27.5,
    "vol_pct": 17.2,
    "sharpe": 1.6,
    "t_stat": 0.37
  },
  "backtest_expectation": {
    "source": "banked v5 ledger, 24 symbols x 242 periods (40.5 days)",
    "ann_pct": 85.3,
    "vol_pct": 11.8,
    "t_stat": 1.77,
    "cross_sectional_ic": -0.0345,
    "cross_sectional_ic_t": -2.63,
    "caveat": "The BOOK's t is 1.77 — it does not reach 1.96, let alone the 2.73 that Bonferroni over 8 examined features would want. Only the raw cross-sectional IC (t=-2.63) is nominally significant; discretising it into a 6-a-side book and charging turnover costs gives most of that back. Sharpe 7.24 is an annualisation artefact of a 40-day window, not a property of the strategy."
  },
  "sample_requirement": {
    "observed_sd_pct": 0.3676,
    "observed_edge_pct": 0.0132,
    "n_for_t196": 2992,
    "days_to_n": 499
  },
  "booked_at_leverage": 1,
  "leverage_view": [
    {
      "leverage": 1,
      "equity": 1.013715,
      "total_net_pct": 1.37,
      "ann_pct": 31.5,
      "vol_pct": 17.2,
      "max_drawdown_pct": 3.7,
      "worst_period_pct": -1.5,
      "t_stat": 0.3741169207587072
    },
    {
      "leverage": 2,
      "equity": 1.0261,
      "total_net_pct": 2.61,
      "ann_pct": 67.8,
      "vol_pct": 34.4,
      "max_drawdown_pct": 7.3,
      "worst_period_pct": -3.1,
      "t_stat": 0.3741169207587072
    },
    {
      "leverage": 3,
      "equity": 1.037099,
      "total_net_pct": 3.71,
      "ann_pct": 107.9,
      "vol_pct": 51.6,
      "max_drawdown_pct": 10.9,
      "worst_period_pct": -4.6,
      "t_stat": 0.3741169207587072
    }
  ],
  "verdict": "ACCUMULATING",
  "live_exposure_usdt": 0,
  "latest": {
    "ts": "2026-09-04T00:00:00.000Z",
    "longs": [
      "ETHUSDT",
      "BNBUSDT",
      "SANDUSDT",
      "DOTUSDT",
      "ARBUSDT",
      "XRPUSDT"
    ],
    "shorts": [
      "DOGEUSDT",
      "APTUSDT",
      "BTCUSDT",
      "GALAUSDT",
      "ATOMUSDT",
      "INJUSDT"
    ],
    "net_pct": -0.2574
  },
  "rebalanced_this_cycle": 1,
  "skipped": null,
  "errors": []
}
{
  "generated_at": "2026-09-04T05:50:32.836Z",
  "lane": "v7_positioning_paper",
  "signal": "top_ratio - retail_ratio, cross-sectional rank, dollar-neutral",
  "k": 6,
  "symbols": 24,
  "periods_booked": 109,
  "equity": 1.012181,
  "realised": {
    "total_net_pct": 1.2181,
    "mean_net_pct": 0.0132,
    "mean_gross_pct": 0.0227,
    "mean_cost_pct": 0.0095,
    "ann_pct": 27.5,
    "vol_pct": 17.2,
    "sharpe": 1.6,
    "t_stat": 0.37
  },
  "backtest_expectation": {
    "source": "banked v5 ledger, 24 symbols x 242 periods (40.5 days)",
    "ann_pct": 85.3,
    "vol_pct": 11.8,
    "t_stat": 1.77,
    "cross_sectional_ic": -0.0345,
    "cross_sectional_ic_t": -2.63,
    "caveat": "The BOOK's t is 1.77 — it does not reach 1.96, let alone the 2.73 that Bonferroni over 8 examined features would want. Only the raw cross-sectional IC (t=-2.63) is nominally significant; discretising it into a 6-a-side book and charging turnover costs gives most of that back. Sharpe 7.24 is an annualisation artefact of a 40-day window, not a property of the strategy."
  },
  "sample_requirement": {
    "observed_sd_pct": 0.3676,
    "observed_edge_pct": 0.0132,
    "n_for_t196": 2992,
    "days_to_n": 499
  },
  "booked_at_leverage": 1,
  "leverage_view": [
    {
      "leverage": 1,
      "equity": 1.013715,
      "total_net_pct": 1.37,
      "ann_pct": 31.5,
      "vol_pct": 17.2,
      "max_drawdown_pct": 3.7,
      "worst_period_pct": -1.5,
      "t_stat": 0.3741169207587072
    },
    {
      "leverage": 2,
      "equity": 1.0261,
      "total_net_pct": 2.61,
      "ann_pct": 67.8,
      "vol_pct": 34.4,
      "max_drawdown_pct": 7.3,
      "worst_period_pct": -3.1,
      "t_stat": 0.3741169207587072
    },
    {
      "leverage": 3,
      "equity": 1.037099,
      "total_net_pct": 3.71,
      "ann_pct": 107.9,
      "vol_pct": 51.6,
      "max_drawdown_pct": 10.9,
      "worst_period_pct": -4.6,
      "t_stat": 0.3741169207587072
    }
  ],
  "verdict": "ACCUMULATING",
  "live_exposure_usdt": 0,
  "latest": null,
  "rebalanced_this_cycle": 0,
  "skipped": "no unbooked closed periods (latest booked 2026-09-04T00:00:00.000Z)",
  "errors": []
}
{
  "generated_at": "2026-09-04T06:50:36.292Z",
  "lane": "v7_positioning_paper",
  "signal": "top_ratio - retail_ratio, cross-sectional rank, dollar-neutral",
  "k": 6,
  "symbols": 24,
  "periods_booked": 109,
  "equity": 1.012181,
  "realised": {
    "total_net_pct": 1.2181,
    "mean_net_pct": 0.0132,
    "mean_gross_pct": 0.0227,
    "mean_cost_pct": 0.0095,
    "ann_pct": 27.5,
    "vol_pct": 17.2,
    "sharpe": 1.6,
    "t_stat": 0.37
  },
  "backtest_expectation": {
    "source": "banked v5 ledger, 24 symbols x 242 periods (40.5 days)",
    "ann_pct": 85.3,
    "vol_pct": 11.8,
    "t_stat": 1.77,
    "cross_sectional_ic": -0.0345,
    "cross_sectional_ic_t": -2.63,
    "caveat": "The BOOK's t is 1.77 — it does not reach 1.96, let alone the 2.73 that Bonferroni over 8 examined features would want. Only the raw cross-sectional IC (t=-2.63) is nominally significant; discretising it into a 6-a-side book and charging turnover costs gives most of that back. Sharpe 7.24 is an annualisation artefact of a 40-day window, not a property of the strategy."
  },
  "sample_requirement": {
    "observed_sd_pct": 0.3676,
    "observed_edge_pct": 0.0132,
    "n_for_t196": 2992,
    "days_to_n": 499
  },
  "booked_at_leverage": 1,
  "leverage_view": [
    {
      "leverage": 1,
      "equity": 1.013715,
      "total_net_pct": 1.37,
      "ann_pct": 31.5,
      "vol_pct": 17.2,
      "max_drawdown_pct": 3.7,
      "worst_period_pct": -1.5,
      "t_stat": 0.3741169207587072
    },
    {
      "leverage": 2,
      "equity": 1.0261,
      "total_net_pct": 2.61,
      "ann_pct": 67.8,
      "vol_pct": 34.4,
      "max_drawdown_pct": 7.3,
      "worst_period_pct": -3.1,
      "t_stat": 0.3741169207587072
    },
    {
      "leverage": 3,
      "equity": 1.037099,
      "total_net_pct": 3.71,
      "ann_pct": 107.9,
      "vol_pct": 51.6,
      "max_drawdown_pct": 10.9,
      "worst_period_pct": -4.6,
      "t_stat": 0.3741169207587072
    }
  ],
  "verdict": "ACCUMULATING",
  "live_exposure_usdt": 0,
  "latest": null,
  "rebalanced_this_cycle": 0,
  "skipped": "no unbooked closed periods (latest booked 2026-09-04T00:00:00.000Z)",
  "errors": []
}
{
  "generated_at": "2026-09-04T07:50:39.678Z",
  "lane": "v7_positioning_paper",
  "signal": "top_ratio - retail_ratio, cross-sectional rank, dollar-neutral",
  "k": 6,
  "symbols": 24,
  "periods_booked": 109,
  "equity": 1.012181,
  "realised": {
    "total_net_pct": 1.2181,
    "mean_net_pct": 0.0132,
    "mean_gross_pct": 0.0227,
    "mean_cost_pct": 0.0095,
    "ann_pct": 27.5,
    "vol_pct": 17.2,
    "sharpe": 1.6,
    "t_stat": 0.37
  },
  "backtest_expectation": {
    "source": "banked v5 ledger, 24 symbols x 242 periods (40.5 days)",
    "ann_pct": 85.3,
    "vol_pct": 11.8,
    "t_stat": 1.77,
    "cross_sectional_ic": -0.0345,
    "cross_sectional_ic_t": -2.63,
    "caveat": "The BOOK's t is 1.77 — it does not reach 1.96, let alone the 2.73 that Bonferroni over 8 examined features would want. Only the raw cross-sectional IC (t=-2.63) is nominally significant; discretising it into a 6-a-side book and charging turnover costs gives most of that back. Sharpe 7.24 is an annualisation artefact of a 40-day window, not a property of the strategy."
  },
  "sample_requirement": {
    "observed_sd_pct": 0.3676,
    "observed_edge_pct": 0.0132,
    "n_for_t196": 2992,
    "days_to_n": 499
  },
  "booked_at_leverage": 1,
  "leverage_view": [
    {
      "leverage": 1,
      "equity": 1.013715,
      "total_net_pct": 1.37,
      "ann_pct": 31.5,
      "vol_pct": 17.2,
      "max_drawdown_pct": 3.7,
      "worst_period_pct": -1.5,
      "t_stat": 0.3741169207587072
    },
    {
      "leverage": 2,
      "equity": 1.0261,
      "total_net_pct": 2.61,
      "ann_pct": 67.8,
      "vol_pct": 34.4,
      "max_drawdown_pct": 7.3,
      "worst_period_pct": -3.1,
      "t_stat": 0.3741169207587072
    },
    {
      "leverage": 3,
      "equity": 1.037099,
      "total_net_pct": 3.71,
      "ann_pct": 107.9,
      "vol_pct": 51.6,
      "max_drawdown_pct": 10.9,
      "worst_period_pct": -4.6,
      "t_stat": 0.3741169207587072
    }
  ],
  "verdict": "ACCUMULATING",
  "live_exposure_usdt": 0,
  "latest": null,
  "rebalanced_this_cycle": 0,
  "skipped": "no unbooked closed periods (latest booked 2026-09-04T00:00:00.000Z)",
  "errors": []
}
{
  "generated_at": "2026-09-04T08:50:43.164Z",
  "lane": "v7_positioning_paper",
  "signal": "top_ratio - retail_ratio, cross-sectional rank, dollar-neutral",
  "k": 6,
  "symbols": 24,
  "periods_booked": 110,
  "equity": 1.014654,
  "realised": {
    "total_net_pct": 1.4654,
    "mean_net_pct": 0.0153,
    "mean_gross_pct": 0.0247,
    "mean_cost_pct": 0.0094,
    "ann_pct": 33.6,
    "vol_pct": 17.2,
    "sharpe": 1.96,
    "t_stat": 0.44
  },
  "backtest_expectation": {
    "source": "banked v5 ledger, 24 symbols x 242 periods (40.5 days)",
    "ann_pct": 85.3,
    "vol_pct": 11.8,
    "t_stat": 1.77,
    "cross_sectional_ic": -0.0345,
    "cross_sectional_ic_t": -2.63,
    "caveat": "The BOOK's t is 1.77 — it does not reach 1.96, let alone the 2.73 that Bonferroni over 8 examined features would want. Only the raw cross-sectional IC (t=-2.63) is nominally significant; discretising it into a 6-a-side book and charging turnover costs gives most of that back. Sharpe 7.24 is an annualisation artefact of a 40-day window, not a property of the strategy."
  },
  "sample_requirement": {
    "observed_sd_pct": 0.3666,
    "observed_edge_pct": 0.0153,
    "n_for_t196": 2214,
    "days_to_n": 369
  },
  "booked_at_leverage": 1,
  "leverage_view": [
    {
      "leverage": 1,
      "equity": 1.016192,
      "total_net_pct": 1.62,
      "ann_pct": 37.7,
      "vol_pct": 17.2,
      "max_drawdown_pct": 3.7,
      "worst_period_pct": -1.5,
      "t_stat": 0.43697940072272934
    },
    {
      "leverage": 2,
      "equity": 1.031114,
      "total_net_pct": 3.11,
      "ann_pct": 84,
      "vol_pct": 34.3,
      "max_drawdown_pct": 7.3,
      "worst_period_pct": -3.1,
      "t_stat": 0.43697940072272934
    },
    {
      "leverage": 3,
      "equity": 1.0447,
      "total_net_pct": 4.47,
      "ann_pct": 138.8,
      "vol_pct": 51.5,
      "max_drawdown_pct": 10.9,
      "worst_period_pct": -4.6,
      "t_stat": 0.43697940072272934
    }
  ],
  "verdict": "ACCUMULATING",
  "live_exposure_usdt": 0,
  "latest": {
    "ts": "2026-09-04T04:00:00.000Z",
    "longs": [
      "ETHUSDT",
      "BNBUSDT",
      "SANDUSDT",
      "XRPUSDT",
      "ARBUSDT",
      "DOTUSDT"
    ],
    "shorts": [
      "DOGEUSDT",
      "BTCUSDT",
      "APTUSDT",
      "GALAUSDT",
      "ATOMUSDT",
      "INJUSDT"
    ],
    "net_pct": 0.2443
  },
  "rebalanced_this_cycle": 1,
  "skipped": null,
  "errors": []
}
{
  "generated_at": "2026-09-04T09:50:46.612Z",
  "lane": "v7_positioning_paper",
  "signal": "top_ratio - retail_ratio, cross-sectional rank, dollar-neutral",
  "k": 6,
  "symbols": 24,
  "periods_booked": 110,
  "equity": 1.014654,
  "realised": {
    "total_net_pct": 1.4654,
    "mean_net_pct": 0.0153,
    "mean_gross_pct": 0.0247,
    "mean_cost_pct": 0.0094,
    "ann_pct": 33.6,
    "vol_pct": 17.2,
    "sharpe": 1.96,
    "t_stat": 0.44
  },
  "backtest_expectation": {
    "source": "banked v5 ledger, 24 symbols x 242 periods (40.5 days)",
    "ann_pct": 85.3,
    "vol_pct": 11.8,
    "t_stat": 1.77,
    "cross_sectional_ic": -0.0345,
    "cross_sectional_ic_t": -2.63,
    "caveat": "The BOOK's t is 1.77 — it does not reach 1.96, let alone the 2.73 that Bonferroni over 8 examined features would want. Only the raw cross-sectional IC (t=-2.63) is nominally significant; discretising it into a 6-a-side book and charging turnover costs gives most of that back. Sharpe 7.24 is an annualisation artefact of a 40-day window, not a property of the strategy."
  },
  "sample_requirement": {
    "observed_sd_pct": 0.3666,
    "observed_edge_pct": 0.0153,
    "n_for_t196": 2214,
    "days_to_n": 369
  },
  "booked_at_leverage": 1,
  "leverage_view": [
    {
      "leverage": 1,
      "equity": 1.016192,
      "total_net_pct": 1.62,
      "ann_pct": 37.7,
      "vol_pct": 17.2,
      "max_drawdown_pct": 3.7,
      "worst_period_pct": -1.5,
      "t_stat": 0.43697940072272934
    },
    {
      "leverage": 2,
      "equity": 1.031114,
      "total_net_pct": 3.11,
      "ann_pct": 84,
      "vol_pct": 34.3,
      "max_drawdown_pct": 7.3,
      "worst_period_pct": -3.1,
      "t_stat": 0.43697940072272934
    },
    {
      "leverage": 3,
      "equity": 1.0447,
      "total_net_pct": 4.47,
      "ann_pct": 138.8,
      "vol_pct": 51.5,
      "max_drawdown_pct": 10.9,
      "worst_period_pct": -4.6,
      "t_stat": 0.43697940072272934
    }
  ],
  "verdict": "ACCUMULATING",
  "live_exposure_usdt": 0,
  "latest": null,
  "rebalanced_this_cycle": 0,
  "skipped": "no unbooked closed periods (latest booked 2026-09-04T04:00:00.000Z)",
  "errors": []
}
{
  "generated_at": "2026-09-04T10:50:48.072Z",
  "lane": "v7_positioning_paper",
  "signal": "top_ratio - retail_ratio, cross-sectional rank, dollar-neutral",
  "k": 6,
  "symbols": 24,
  "periods_booked": 110,
  "equity": 1.014654,
  "realised": {
    "total_net_pct": 1.4654,
    "mean_net_pct": 0.0153,
    "mean_gross_pct": 0.0247,
    "mean_cost_pct": 0.0094,
    "ann_pct": 33.6,
    "vol_pct": 17.2,
    "sharpe": 1.96,
    "t_stat": 0.44
  },
  "backtest_expectation": {
    "source": "banked v5 ledger, 24 symbols x 242 periods (40.5 days)",
    "ann_pct": 85.3,
    "vol_pct": 11.8,
    "t_stat": 1.77,
    "cross_sectional_ic": -0.0345,
    "cross_sectional_ic_t": -2.63,
    "caveat": "The BOOK's t is 1.77 — it does not reach 1.96, let alone the 2.73 that Bonferroni over 8 examined features would want. Only the raw cross-sectional IC (t=-2.63) is nominally significant; discretising it into a 6-a-side book and charging turnover costs gives most of that back. Sharpe 7.24 is an annualisation artefact of a 40-day window, not a property of the strategy."
  },
  "sample_requirement": {
    "observed_sd_pct": 0.3666,
    "observed_edge_pct": 0.0153,
    "n_for_t196": 2214,
    "days_to_n": 369
  },
  "booked_at_leverage": 1,
  "leverage_view": [
    {
      "leverage": 1,
      "equity": 1.016192,
      "total_net_pct": 1.62,
      "ann_pct": 37.7,
      "vol_pct": 17.2,
      "max_drawdown_pct": 3.7,
      "worst_period_pct": -1.5,
      "t_stat": 0.43697940072272934
    },
    {
      "leverage": 2,
      "equity": 1.031114,
      "total_net_pct": 3.11,
      "ann_pct": 84,
      "vol_pct": 34.3,
      "max_drawdown_pct": 7.3,
      "worst_period_pct": -3.1,
      "t_stat": 0.43697940072272934
    },
    {
      "leverage": 3,
      "equity": 1.0447,
      "total_net_pct": 4.47,
      "ann_pct": 138.8,
      "vol_pct": 51.5,
      "max_drawdown_pct": 10.9,
      "worst_period_pct": -4.6,
      "t_stat": 0.43697940072272934
    }
  ],
  "verdict": "ACCUMULATING",
  "live_exposure_usdt": 0,
  "latest": null,
  "rebalanced_this_cycle": 0,
  "skipped": "no unbooked closed periods (latest booked 2026-09-04T04:00:00.000Z)",
  "errors": []
}
{
  "generated_at": "2026-09-04T11:50:53.457Z",
  "lane": "v7_positioning_paper",
  "signal": "top_ratio - retail_ratio, cross-sectional rank, dollar-neutral",
  "k": 6,
  "symbols": 24,
  "periods_booked": 110,
  "equity": 1.014654,
  "realised": {
    "total_net_pct": 1.4654,
    "mean_net_pct": 0.0153,
    "mean_gross_pct": 0.0247,
    "mean_cost_pct": 0.0094,
    "ann_pct": 33.6,
    "vol_pct": 17.2,
    "sharpe": 1.96,
    "t_stat": 0.44
  },
  "backtest_expectation": {
    "source": "banked v5 ledger, 24 symbols x 242 periods (40.5 days)",
    "ann_pct": 85.3,
    "vol_pct": 11.8,
    "t_stat": 1.77,
    "cross_sectional_ic": -0.0345,
    "cross_sectional_ic_t": -2.63,
    "caveat": "The BOOK's t is 1.77 — it does not reach 1.96, let alone the 2.73 that Bonferroni over 8 examined features would want. Only the raw cross-sectional IC (t=-2.63) is nominally significant; discretising it into a 6-a-side book and charging turnover costs gives most of that back. Sharpe 7.24 is an annualisation artefact of a 40-day window, not a property of the strategy."
  },
  "sample_requirement": {
    "observed_sd_pct": 0.3666,
    "observed_edge_pct": 0.0153,
    "n_for_t196": 2214,
    "days_to_n": 369
  },
  "booked_at_leverage": 1,
  "leverage_view": [
    {
      "leverage": 1,
      "equity": 1.016192,
      "total_net_pct": 1.62,
      "ann_pct": 37.7,
      "vol_pct": 17.2,
      "max_drawdown_pct": 3.7,
      "worst_period_pct": -1.5,
      "t_stat": 0.43697940072272934
    },
    {
      "leverage": 2,
      "equity": 1.031114,
      "total_net_pct": 3.11,
      "ann_pct": 84,
      "vol_pct": 34.3,
      "max_drawdown_pct": 7.3,
      "worst_period_pct": -3.1,
      "t_stat": 0.43697940072272934
    },
    {
      "leverage": 3,
      "equity": 1.0447,
      "total_net_pct": 4.47,
      "ann_pct": 138.8,
      "vol_pct": 51.5,
      "max_drawdown_pct": 10.9,
      "worst_period_pct": -4.6,
      "t_stat": 0.43697940072272934
    }
  ],
  "verdict": "ACCUMULATING",
  "live_exposure_usdt": 0,
  "latest": null,
  "rebalanced_this_cycle": 0,
  "skipped": "no unbooked closed periods (latest booked 2026-09-04T04:00:00.000Z)",
  "errors": []
}
{
  "generated_at": "2026-09-04T12:50:56.836Z",
  "lane": "v7_positioning_paper",
  "signal": "top_ratio - retail_ratio, cross-sectional rank, dollar-neutral",
  "k": 6,
  "symbols": 24,
  "periods_booked": 111,
  "equity": 1.010679,
  "realised": {
    "total_net_pct": 1.0679,
    "mean_net_pct": 0.0116,
    "mean_gross_pct": 0.0212,
    "mean_cost_pct": 0.0096,
    "ann_pct": 23.3,
    "vol_pct": 17.2,
    "sharpe": 1.36,
    "t_stat": 0.33
  },
  "backtest_expectation": {
    "source": "banked v5 ledger, 24 symbols x 242 periods (40.5 days)",
    "ann_pct": 85.3,
    "vol_pct": 11.8,
    "t_stat": 1.77,
    "cross_sectional_ic": -0.0345,
    "cross_sectional_ic_t": -2.63,
    "caveat": "The BOOK's t is 1.77 — it does not reach 1.96, let alone the 2.73 that Bonferroni over 8 examined features would want. Only the raw cross-sectional IC (t=-2.63) is nominally significant; discretising it into a 6-a-side book and charging turnover costs gives most of that back. Sharpe 7.24 is an annualisation artefact of a 40-day window, not a property of the strategy."
  },
  "sample_requirement": {
    "observed_sd_pct": 0.367,
    "observed_edge_pct": 0.0116,
    "n_for_t196": 3840,
    "days_to_n": 640
  },
  "booked_at_leverage": 1,
  "leverage_view": [
    {
      "leverage": 1,
      "equity": 1.01221,
      "total_net_pct": 1.22,
      "ann_pct": 27.1,
      "vol_pct": 17.2,
      "max_drawdown_pct": 3.7,
      "worst_period_pct": -1.5,
      "t_stat": 0.33324232877108234
    },
    {
      "leverage": 2,
      "equity": 1.023034,
      "total_net_pct": 2.3,
      "ann_pct": 56.7,
      "vol_pct": 34.3,
      "max_drawdown_pct": 7.3,
      "worst_period_pct": -3.1,
      "t_stat": 0.33324232877108234
    },
    {
      "leverage": 3,
      "equity": 1.032421,
      "total_net_pct": 3.24,
      "ann_pct": 87.7,
      "vol_pct": 51.5,
      "max_drawdown_pct": 10.9,
      "worst_period_pct": -4.6,
      "t_stat": 0.33324232877108234
    }
  ],
  "verdict": "ACCUMULATING",
  "live_exposure_usdt": 0,
  "latest": {
    "ts": "2026-09-04T08:00:00.000Z",
    "longs": [
      "ETHUSDT",
      "SANDUSDT",
      "BNBUSDT",
      "XRPUSDT",
      "SOLUSDT",
      "ARBUSDT"
    ],
    "shorts": [
      "NEARUSDT",
      "BTCUSDT",
      "APTUSDT",
      "GALAUSDT",
      "ATOMUSDT",
      "INJUSDT"
    ],
    "net_pct": -0.3918
  },
  "rebalanced_this_cycle": 1,
  "skipped": null,
  "errors": []
}
{
  "generated_at": "2026-09-04T13:50:58.221Z",
  "lane": "v7_positioning_paper",
  "signal": "top_ratio - retail_ratio, cross-sectional rank, dollar-neutral",
  "k": 6,
  "symbols": 24,
  "periods_booked": 111,
  "equity": 1.010679,
  "realised": {
    "total_net_pct": 1.0679,
    "mean_net_pct": 0.0116,
    "mean_gross_pct": 0.0212,
    "mean_cost_pct": 0.0096,
    "ann_pct": 23.3,
    "vol_pct": 17.2,
    "sharpe": 1.36,
    "t_stat": 0.33
  },
  "backtest_expectation": {
    "source": "banked v5 ledger, 24 symbols x 242 periods (40.5 days)",
    "ann_pct": 85.3,
    "vol_pct": 11.8,
    "t_stat": 1.77,
    "cross_sectional_ic": -0.0345,
    "cross_sectional_ic_t": -2.63,
    "caveat": "The BOOK's t is 1.77 — it does not reach 1.96, let alone the 2.73 that Bonferroni over 8 examined features would want. Only the raw cross-sectional IC (t=-2.63) is nominally significant; discretising it into a 6-a-side book and charging turnover costs gives most of that back. Sharpe 7.24 is an annualisation artefact of a 40-day window, not a property of the strategy."
  },
  "sample_requirement": {
    "observed_sd_pct": 0.367,
    "observed_edge_pct": 0.0116,
    "n_for_t196": 3840,
    "days_to_n": 640
  },
  "booked_at_leverage": 1,
  "leverage_view": [
    {
      "leverage": 1,
      "equity": 1.01221,
      "total_net_pct": 1.22,
      "ann_pct": 27.1,
      "vol_pct": 17.2,
      "max_drawdown_pct": 3.7,
      "worst_period_pct": -1.5,
      "t_stat": 0.33324232877108234
    },
    {
      "leverage": 2,
      "equity": 1.023034,
      "total_net_pct": 2.3,
      "ann_pct": 56.7,
      "vol_pct": 34.3,
      "max_drawdown_pct": 7.3,
      "worst_period_pct": -3.1,
      "t_stat": 0.33324232877108234
    },
    {
      "leverage": 3,
      "equity": 1.032421,
      "total_net_pct": 3.24,
      "ann_pct": 87.7,
      "vol_pct": 51.5,
      "max_drawdown_pct": 10.9,
      "worst_period_pct": -4.6,
      "t_stat": 0.33324232877108234
    }
  ],
  "verdict": "ACCUMULATING",
  "live_exposure_usdt": 0,
  "latest": null,
  "rebalanced_this_cycle": 0,
  "skipped": "no unbooked closed periods (latest booked 2026-09-04T08:00:00.000Z)",
  "errors": []
}
{
  "generated_at": "2026-09-04T14:51:03.735Z",
  "lane": "v7_positioning_paper",
  "signal": "top_ratio - retail_ratio, cross-sectional rank, dollar-neutral",
  "k": 6,
  "symbols": 24,
  "periods_booked": 111,
  "equity": 1.010679,
  "realised": {
    "total_net_pct": 1.0679,
    "mean_net_pct": 0.0116,
    "mean_gross_pct": 0.0212,
    "mean_cost_pct": 0.0096,
    "ann_pct": 23.3,
    "vol_pct": 17.2,
    "sharpe": 1.36,
    "t_stat": 0.33
  },
  "backtest_expectation": {
    "source": "banked v5 ledger, 24 symbols x 242 periods (40.5 days)",
    "ann_pct": 85.3,
    "vol_pct": 11.8,
    "t_stat": 1.77,
    "cross_sectional_ic": -0.0345,
    "cross_sectional_ic_t": -2.63,
    "caveat": "The BOOK's t is 1.77 — it does not reach 1.96, let alone the 2.73 that Bonferroni over 8 examined features would want. Only the raw cross-sectional IC (t=-2.63) is nominally significant; discretising it into a 6-a-side book and charging turnover costs gives most of that back. Sharpe 7.24 is an annualisation artefact of a 40-day window, not a property of the strategy."
  },
  "sample_requirement": {
    "observed_sd_pct": 0.367,
    "observed_edge_pct": 0.0116,
    "n_for_t196": 3840,
    "days_to_n": 640
  },
  "booked_at_leverage": 1,
  "leverage_view": [
    {
      "leverage": 1,
      "equity": 1.01221,
      "total_net_pct": 1.22,
      "ann_pct": 27.1,
      "vol_pct": 17.2,
      "max_drawdown_pct": 3.7,
      "worst_period_pct": -1.5,
      "t_stat": 0.33324232877108234
    },
    {
      "leverage": 2,
      "equity": 1.023034,
      "total_net_pct": 2.3,
      "ann_pct": 56.7,
      "vol_pct": 34.3,
      "max_drawdown_pct": 7.3,
      "worst_period_pct": -3.1,
      "t_stat": 0.33324232877108234
    },
    {
      "leverage": 3,
      "equity": 1.032421,
      "total_net_pct": 3.24,
      "ann_pct": 87.7,
      "vol_pct": 51.5,
      "max_drawdown_pct": 10.9,
      "worst_period_pct": -4.6,
      "t_stat": 0.33324232877108234
    }
  ],
  "verdict": "ACCUMULATING",
  "live_exposure_usdt": 0,
  "latest": null,
  "rebalanced_this_cycle": 0,
  "skipped": "no unbooked closed periods (latest booked 2026-09-04T08:00:00.000Z)",
  "errors": []
}
{
  "generated_at": "2026-09-04T15:51:07.131Z",
  "lane": "v7_positioning_paper",
  "signal": "top_ratio - retail_ratio, cross-sectional rank, dollar-neutral",
  "k": 6,
  "symbols": 24,
  "periods_booked": 111,
  "equity": 1.010679,
  "realised": {
    "total_net_pct": 1.0679,
    "mean_net_pct": 0.0116,
    "mean_gross_pct": 0.0212,
    "mean_cost_pct": 0.0096,
    "ann_pct": 23.3,
    "vol_pct": 17.2,
    "sharpe": 1.36,
    "t_stat": 0.33
  },
  "backtest_expectation": {
    "source": "banked v5 ledger, 24 symbols x 242 periods (40.5 days)",
    "ann_pct": 85.3,
    "vol_pct": 11.8,
    "t_stat": 1.77,
    "cross_sectional_ic": -0.0345,
    "cross_sectional_ic_t": -2.63,
    "caveat": "The BOOK's t is 1.77 — it does not reach 1.96, let alone the 2.73 that Bonferroni over 8 examined features would want. Only the raw cross-sectional IC (t=-2.63) is nominally significant; discretising it into a 6-a-side book and charging turnover costs gives most of that back. Sharpe 7.24 is an annualisation artefact of a 40-day window, not a property of the strategy."
  },
  "sample_requirement": {
    "observed_sd_pct": 0.367,
    "observed_edge_pct": 0.0116,
    "n_for_t196": 3840,
    "days_to_n": 640
  },
  "booked_at_leverage": 1,
  "leverage_view": [
    {
      "leverage": 1,
      "equity": 1.01221,
      "total_net_pct": 1.22,
      "ann_pct": 27.1,
      "vol_pct": 17.2,
      "max_drawdown_pct": 3.7,
      "worst_period_pct": -1.5,
      "t_stat": 0.33324232877108234
    },
    {
      "leverage": 2,
      "equity": 1.023034,
      "total_net_pct": 2.3,
      "ann_pct": 56.7,
      "vol_pct": 34.3,
      "max_drawdown_pct": 7.3,
      "worst_period_pct": -3.1,
      "t_stat": 0.33324232877108234
    },
    {
      "leverage": 3,
      "equity": 1.032421,
      "total_net_pct": 3.24,
      "ann_pct": 87.7,
      "vol_pct": 51.5,
      "max_drawdown_pct": 10.9,
      "worst_period_pct": -4.6,
      "t_stat": 0.33324232877108234
    }
  ],
  "verdict": "ACCUMULATING",
  "live_exposure_usdt": 0,
  "latest": null,
  "rebalanced_this_cycle": 0,
  "skipped": "no unbooked closed periods (latest booked 2026-09-04T08:00:00.000Z)",
  "errors": []
}
{
  "generated_at": "2026-09-04T16:51:10.617Z",
  "lane": "v7_positioning_paper",
  "signal": "top_ratio - retail_ratio, cross-sectional rank, dollar-neutral",
  "k": 6,
  "symbols": 24,
  "periods_booked": 112,
  "equity": 1.015337,
  "realised": {
    "total_net_pct": 1.5337,
    "mean_net_pct": 0.0156,
    "mean_gross_pct": 0.0251,
    "mean_cost_pct": 0.0095,
    "ann_pct": 34.7,
    "vol_pct": 17.2,
    "sharpe": 2.01,
    "t_stat": 0.45
  },
  "backtest_expectation": {
    "source": "banked v5 ledger, 24 symbols x 242 periods (40.5 days)",
    "ann_pct": 85.3,
    "vol_pct": 11.8,
    "t_stat": 1.77,
    "cross_sectional_ic": -0.0345,
    "cross_sectional_ic_t": -2.63,
    "caveat": "The BOOK's t is 1.77 — it does not reach 1.96, let alone the 2.73 that Bonferroni over 8 examined features would want. Only the raw cross-sectional IC (t=-2.63) is nominally significant; discretising it into a 6-a-side book and charging turnover costs gives most of that back. Sharpe 7.24 is an annualisation artefact of a 40-day window, not a property of the strategy."
  },
  "sample_requirement": {
    "observed_sd_pct": 0.3678,
    "observed_edge_pct": 0.0156,
    "n_for_t196": 2130,
    "days_to_n": 355
  },
  "booked_at_leverage": 1,
  "leverage_view": [
    {
      "leverage": 1,
      "equity": 1.016875,
      "total_net_pct": 1.69,
      "ann_pct": 38.7,
      "vol_pct": 17.2,
      "max_drawdown_pct": 3.7,
      "worst_period_pct": -1.5,
      "t_stat": 0.4494468243088993
    },
    {
      "leverage": 2,
      "equity": 1.032465,
      "total_net_pct": 3.25,
      "ann_pct": 86.8,
      "vol_pct": 34.4,
      "max_drawdown_pct": 7.3,
      "worst_period_pct": -3.1,
      "t_stat": 0.4494468243088993
    },
    {
      "leverage": 3,
      "equity": 1.046696,
      "total_net_pct": 4.67,
      "ann_pct": 144.1,
      "vol_pct": 51.6,
      "max_drawdown_pct": 10.9,
      "worst_period_pct": -4.6,
      "t_stat": 0.4494468243088993
    }
  ],
  "verdict": "ACCUMULATING",
  "live_exposure_usdt": 0,
  "latest": {
    "ts": "2026-09-04T12:00:00.000Z",
    "longs": [
      "ETHUSDT",
      "BNBUSDT",
      "SANDUSDT",
      "XRPUSDT",
      "SOLUSDT",
      "ARBUSDT"
    ],
    "shorts": [
      "BTCUSDT",
      "APTUSDT",
      "GALAUSDT",
      "NEARUSDT",
      "ATOMUSDT",
      "INJUSDT"
    ],
    "net_pct": 0.4609
  },
  "rebalanced_this_cycle": 1,
  "skipped": null,
  "errors": []
}
{
  "generated_at": "2026-09-04T17:51:13.970Z",
  "lane": "v7_positioning_paper",
  "signal": "top_ratio - retail_ratio, cross-sectional rank, dollar-neutral",
  "k": 6,
  "symbols": 24,
  "periods_booked": 112,
  "equity": 1.015337,
  "realised": {
    "total_net_pct": 1.5337,
    "mean_net_pct": 0.0156,
    "mean_gross_pct": 0.0251,
    "mean_cost_pct": 0.0095,
    "ann_pct": 34.7,
    "vol_pct": 17.2,
    "sharpe": 2.01,
    "t_stat": 0.45
  },
  "backtest_expectation": {
    "source": "banked v5 ledger, 24 symbols x 242 periods (40.5 days)",
    "ann_pct": 85.3,
    "vol_pct": 11.8,
    "t_stat": 1.77,
    "cross_sectional_ic": -0.0345,
    "cross_sectional_ic_t": -2.63,
    "caveat": "The BOOK's t is 1.77 — it does not reach 1.96, let alone the 2.73 that Bonferroni over 8 examined features would want. Only the raw cross-sectional IC (t=-2.63) is nominally significant; discretising it into a 6-a-side book and charging turnover costs gives most of that back. Sharpe 7.24 is an annualisation artefact of a 40-day window, not a property of the strategy."
  },
  "sample_requirement": {
    "observed_sd_pct": 0.3678,
    "observed_edge_pct": 0.0156,
    "n_for_t196": 2130,
    "days_to_n": 355
  },
  "booked_at_leverage": 1,
  "leverage_view": [
    {
      "leverage": 1,
      "equity": 1.016875,
      "total_net_pct": 1.69,
      "ann_pct": 38.7,
      "vol_pct": 17.2,
      "max_drawdown_pct": 3.7,
      "worst_period_pct": -1.5,
      "t_stat": 0.4494468243088993
    },
    {
      "leverage": 2,
      "equity": 1.032465,
      "total_net_pct": 3.25,
      "ann_pct": 86.8,
      "vol_pct": 34.4,
      "max_drawdown_pct": 7.3,
      "worst_period_pct": -3.1,
      "t_stat": 0.4494468243088993
    },
    {
      "leverage": 3,
      "equity": 1.046696,
      "total_net_pct": 4.67,
      "ann_pct": 144.1,
      "vol_pct": 51.6,
      "max_drawdown_pct": 10.9,
      "worst_period_pct": -4.6,
      "t_stat": 0.4494468243088993
    }
  ],
  "verdict": "ACCUMULATING",
  "live_exposure_usdt": 0,
  "latest": null,
  "rebalanced_this_cycle": 0,
  "skipped": "no unbooked closed periods (latest booked 2026-09-04T12:00:00.000Z)",
  "errors": []
}
{
  "generated_at": "2026-09-04T18:51:17.346Z",
  "lane": "v7_positioning_paper",
  "signal": "top_ratio - retail_ratio, cross-sectional rank, dollar-neutral",
  "k": 6,
  "symbols": 24,
  "periods_booked": 112,
  "equity": 1.015337,
  "realised": {
    "total_net_pct": 1.5337,
    "mean_net_pct": 0.0156,
    "mean_gross_pct": 0.0251,
    "mean_cost_pct": 0.0095,
    "ann_pct": 34.7,
    "vol_pct": 17.2,
    "sharpe": 2.01,
    "t_stat": 0.45
  },
  "backtest_expectation": {
    "source": "banked v5 ledger, 24 symbols x 242 periods (40.5 days)",
    "ann_pct": 85.3,
    "vol_pct": 11.8,
    "t_stat": 1.77,
    "cross_sectional_ic": -0.0345,
    "cross_sectional_ic_t": -2.63,
    "caveat": "The BOOK's t is 1.77 — it does not reach 1.96, let alone the 2.73 that Bonferroni over 8 examined features would want. Only the raw cross-sectional IC (t=-2.63) is nominally significant; discretising it into a 6-a-side book and charging turnover costs gives most of that back. Sharpe 7.24 is an annualisation artefact of a 40-day window, not a property of the strategy."
  },
  "sample_requirement": {
    "observed_sd_pct": 0.3678,
    "observed_edge_pct": 0.0156,
    "n_for_t196": 2130,
    "days_to_n": 355
  },
  "booked_at_leverage": 1,
  "leverage_view": [
    {
      "leverage": 1,
      "equity": 1.016875,
      "total_net_pct": 1.69,
      "ann_pct": 38.7,
      "vol_pct": 17.2,
      "max_drawdown_pct": 3.7,
      "worst_period_pct": -1.5,
      "t_stat": 0.4494468243088993
    },
    {
      "leverage": 2,
      "equity": 1.032465,
      "total_net_pct": 3.25,
      "ann_pct": 86.8,
      "vol_pct": 34.4,
      "max_drawdown_pct": 7.3,
      "worst_period_pct": -3.1,
      "t_stat": 0.4494468243088993
    },
    {
      "leverage": 3,
      "equity": 1.046696,
      "total_net_pct": 4.67,
      "ann_pct": 144.1,
      "vol_pct": 51.6,
      "max_drawdown_pct": 10.9,
      "worst_period_pct": -4.6,
      "t_stat": 0.4494468243088993
    }
  ],
  "verdict": "ACCUMULATING",
  "live_exposure_usdt": 0,
  "latest": null,
  "rebalanced_this_cycle": 0,
  "skipped": "no unbooked closed periods (latest booked 2026-09-04T12:00:00.000Z)",
  "errors": []
}
{
  "generated_at": "2026-09-04T19:51:20.766Z",
  "lane": "v7_positioning_paper",
  "signal": "top_ratio - retail_ratio, cross-sectional rank, dollar-neutral",
  "k": 6,
  "symbols": 24,
  "periods_booked": 112,
  "equity": 1.015337,
  "realised": {
    "total_net_pct": 1.5337,
    "mean_net_pct": 0.0156,
    "mean_gross_pct": 0.0251,
    "mean_cost_pct": 0.0095,
    "ann_pct": 34.7,
    "vol_pct": 17.2,
    "sharpe": 2.01,
    "t_stat": 0.45
  },
  "backtest_expectation": {
    "source": "banked v5 ledger, 24 symbols x 242 periods (40.5 days)",
    "ann_pct": 85.3,
    "vol_pct": 11.8,
    "t_stat": 1.77,
    "cross_sectional_ic": -0.0345,
    "cross_sectional_ic_t": -2.63,
    "caveat": "The BOOK's t is 1.77 — it does not reach 1.96, let alone the 2.73 that Bonferroni over 8 examined features would want. Only the raw cross-sectional IC (t=-2.63) is nominally significant; discretising it into a 6-a-side book and charging turnover costs gives most of that back. Sharpe 7.24 is an annualisation artefact of a 40-day window, not a property of the strategy."
  },
  "sample_requirement": {
    "observed_sd_pct": 0.3678,
    "observed_edge_pct": 0.0156,
    "n_for_t196": 2130,
    "days_to_n": 355
  },
  "booked_at_leverage": 1,
  "leverage_view": [
    {
      "leverage": 1,
      "equity": 1.016875,
      "total_net_pct": 1.69,
      "ann_pct": 38.7,
      "vol_pct": 17.2,
      "max_drawdown_pct": 3.7,
      "worst_period_pct": -1.5,
      "t_stat": 0.4494468243088993
    },
    {
      "leverage": 2,
      "equity": 1.032465,
      "total_net_pct": 3.25,
      "ann_pct": 86.8,
      "vol_pct": 34.4,
      "max_drawdown_pct": 7.3,
      "worst_period_pct": -3.1,
      "t_stat": 0.4494468243088993
    },
    {
      "leverage": 3,
      "equity": 1.046696,
      "total_net_pct": 4.67,
      "ann_pct": 144.1,
      "vol_pct": 51.6,
      "max_drawdown_pct": 10.9,
      "worst_period_pct": -4.6,
      "t_stat": 0.4494468243088993
    }
  ],
  "verdict": "ACCUMULATING",
  "live_exposure_usdt": 0,
  "latest": null,
  "rebalanced_this_cycle": 0,
  "skipped": "no unbooked closed periods (latest booked 2026-09-04T12:00:00.000Z)",
  "errors": []
}
{
  "generated_at": "2026-09-04T20:51:24.147Z",
  "lane": "v7_positioning_paper",
  "signal": "top_ratio - retail_ratio, cross-sectional rank, dollar-neutral",
  "k": 6,
  "symbols": 24,
  "periods_booked": 113,
  "equity": 1.000584,
  "realised": {
    "total_net_pct": 0.0584,
    "mean_net_pct": 0.0026,
    "mean_gross_pct": 0.0121,
    "mean_cost_pct": 0.0095,
    "ann_pct": 1.1,
    "vol_pct": 18.3,
    "sharpe": 0.06,
    "t_stat": 0.07
  },
  "backtest_expectation": {
    "source": "banked v5 ledger, 24 symbols x 242 periods (40.5 days)",
    "ann_pct": 85.3,
    "vol_pct": 11.8,
    "t_stat": 1.77,
    "cross_sectional_ic": -0.0345,
    "cross_sectional_ic_t": -2.63,
    "caveat": "The BOOK's t is 1.77 — it does not reach 1.96, let alone the 2.73 that Bonferroni over 8 examined features would want. Only the raw cross-sectional IC (t=-2.63) is nominally significant; discretising it into a 6-a-side book and charging turnover costs gives most of that back. Sharpe 7.24 is an annualisation artefact of a 40-day window, not a property of the strategy."
  },
  "sample_requirement": {
    "observed_sd_pct": 0.3911,
    "observed_edge_pct": 0.0026,
    "n_for_t196": 85425,
    "days_to_n": 14238
  },
  "booked_at_leverage": 1,
  "leverage_view": [
    {
      "leverage": 1,
      "equity": 1.0021,
      "total_net_pct": 0.21,
      "ann_pct": 4.1,
      "vol_pct": 18.3,
      "max_drawdown_pct": 3.7,
      "worst_period_pct": -1.5,
      "t_stat": 0.07128611483838128
    },
    {
      "leverage": 2,
      "equity": 1.002461,
      "total_net_pct": 0.25,
      "ann_pct": 4.9,
      "vol_pct": 36.6,
      "max_drawdown_pct": 7.3,
      "worst_period_pct": -3.1,
      "t_stat": 0.07128611483838128
    },
    {
      "leverage": 3,
      "equity": 1.00107,
      "total_net_pct": 0.11,
      "ann_pct": 2.1,
      "vol_pct": 54.9,
      "max_drawdown_pct": 10.9,
      "worst_period_pct": -4.6,
      "t_stat": 0.07128611483838128
    }
  ],
  "verdict": "ACCUMULATING",
  "live_exposure_usdt": 0,
  "latest": {
    "ts": "2026-09-04T16:00:00.000Z",
    "longs": [
      "ETHUSDT",
      "BNBUSDT",
      "SANDUSDT",
      "XRPUSDT",
      "ARBUSDT",
      "SOLUSDT"
    ],
    "shorts": [
      "OPUSDT",
      "BTCUSDT",
      "GALAUSDT",
      "APTUSDT",
      "ATOMUSDT",
      "INJUSDT"
    ],
    "net_pct": -1.453
  },
  "rebalanced_this_cycle": 1,
  "skipped": null,
  "errors": []
}
{
  "generated_at": "2026-09-04T21:51:27.576Z",
  "lane": "v7_positioning_paper",
  "signal": "top_ratio - retail_ratio, cross-sectional rank, dollar-neutral",
  "k": 6,
  "symbols": 24,
  "periods_booked": 113,
  "equity": 1.000584,
  "realised": {
    "total_net_pct": 0.0584,
    "mean_net_pct": 0.0026,
    "mean_gross_pct": 0.0121,
    "mean_cost_pct": 0.0095,
    "ann_pct": 1.1,
    "vol_pct": 18.3,
    "sharpe": 0.06,
    "t_stat": 0.07
  },
  "backtest_expectation": {
    "source": "banked v5 ledger, 24 symbols x 242 periods (40.5 days)",
    "ann_pct": 85.3,
    "vol_pct": 11.8,
    "t_stat": 1.77,
    "cross_sectional_ic": -0.0345,
    "cross_sectional_ic_t": -2.63,
    "caveat": "The BOOK's t is 1.77 — it does not reach 1.96, let alone the 2.73 that Bonferroni over 8 examined features would want. Only the raw cross-sectional IC (t=-2.63) is nominally significant; discretising it into a 6-a-side book and charging turnover costs gives most of that back. Sharpe 7.24 is an annualisation artefact of a 40-day window, not a property of the strategy."
  },
  "sample_requirement": {
    "observed_sd_pct": 0.3911,
    "observed_edge_pct": 0.0026,
    "n_for_t196": 85425,
    "days_to_n": 14238
  },
  "booked_at_leverage": 1,
  "leverage_view": [
    {
      "leverage": 1,
      "equity": 1.0021,
      "total_net_pct": 0.21,
      "ann_pct": 4.1,
      "vol_pct": 18.3,
      "max_drawdown_pct": 3.7,
      "worst_period_pct": -1.5,
      "t_stat": 0.07128611483838128
    },
    {
      "leverage": 2,
      "equity": 1.002461,
      "total_net_pct": 0.25,
      "ann_pct": 4.9,
      "vol_pct": 36.6,
      "max_drawdown_pct": 7.3,
      "worst_period_pct": -3.1,
      "t_stat": 0.07128611483838128
    },
    {
      "leverage": 3,
      "equity": 1.00107,
      "total_net_pct": 0.11,
      "ann_pct": 2.1,
      "vol_pct": 54.9,
      "max_drawdown_pct": 10.9,
      "worst_period_pct": -4.6,
      "t_stat": 0.07128611483838128
    }
  ],
  "verdict": "ACCUMULATING",
  "live_exposure_usdt": 0,
  "latest": null,
  "rebalanced_this_cycle": 0,
  "skipped": "no unbooked closed periods (latest booked 2026-09-04T16:00:00.000Z)",
  "errors": []
}
{
  "generated_at": "2026-09-04T22:51:30.955Z",
  "lane": "v7_positioning_paper",
  "signal": "top_ratio - retail_ratio, cross-sectional rank, dollar-neutral",
  "k": 6,
  "symbols": 24,
  "periods_booked": 113,
  "equity": 1.000584,
  "realised": {
    "total_net_pct": 0.0584,
    "mean_net_pct": 0.0026,
    "mean_gross_pct": 0.0121,
    "mean_cost_pct": 0.0095,
    "ann_pct": 1.1,
    "vol_pct": 18.3,
    "sharpe": 0.06,
    "t_stat": 0.07
  },
  "backtest_expectation": {
    "source": "banked v5 ledger, 24 symbols x 242 periods (40.5 days)",
    "ann_pct": 85.3,
    "vol_pct": 11.8,
    "t_stat": 1.77,
    "cross_sectional_ic": -0.0345,
    "cross_sectional_ic_t": -2.63,
    "caveat": "The BOOK's t is 1.77 — it does not reach 1.96, let alone the 2.73 that Bonferroni over 8 examined features would want. Only the raw cross-sectional IC (t=-2.63) is nominally significant; discretising it into a 6-a-side book and charging turnover costs gives most of that back. Sharpe 7.24 is an annualisation artefact of a 40-day window, not a property of the strategy."
  },
  "sample_requirement": {
    "observed_sd_pct": 0.3911,
    "observed_edge_pct": 0.0026,
    "n_for_t196": 85425,
    "days_to_n": 14238
  },
  "booked_at_leverage": 1,
  "leverage_view": [
    {
      "leverage": 1,
      "equity": 1.0021,
      "total_net_pct": 0.21,
      "ann_pct": 4.1,
      "vol_pct": 18.3,
      "max_drawdown_pct": 3.7,
      "worst_period_pct": -1.5,
      "t_stat": 0.07128611483838128
    },
    {
      "leverage": 2,
      "equity": 1.002461,
      "total_net_pct": 0.25,
      "ann_pct": 4.9,
      "vol_pct": 36.6,
      "max_drawdown_pct": 7.3,
      "worst_period_pct": -3.1,
      "t_stat": 0.07128611483838128
    },
    {
      "leverage": 3,
      "equity": 1.00107,
      "total_net_pct": 0.11,
      "ann_pct": 2.1,
      "vol_pct": 54.9,
      "max_drawdown_pct": 10.9,
      "worst_period_pct": -4.6,
      "t_stat": 0.07128611483838128
    }
  ],
  "verdict": "ACCUMULATING",
  "live_exposure_usdt": 0,
  "latest": null,
  "rebalanced_this_cycle": 0,
  "skipped": "no unbooked closed periods (latest booked 2026-09-04T16:00:00.000Z)",
  "errors": []
}
{
  "generated_at": "2026-09-04T23:51:34.307Z",
  "lane": "v7_positioning_paper",
  "signal": "top_ratio - retail_ratio, cross-sectional rank, dollar-neutral",
  "k": 6,
  "symbols": 24,
  "periods_booked": 113,
  "equity": 1.000584,
  "realised": {
    "total_net_pct": 0.0584,
    "mean_net_pct": 0.0026,
    "mean_gross_pct": 0.0121,
    "mean_cost_pct": 0.0095,
    "ann_pct": 1.1,
    "vol_pct": 18.3,
    "sharpe": 0.06,
    "t_stat": 0.07
  },
  "backtest_expectation": {
    "source": "banked v5 ledger, 24 symbols x 242 periods (40.5 days)",
    "ann_pct": 85.3,
    "vol_pct": 11.8,
    "t_stat": 1.77,
    "cross_sectional_ic": -0.0345,
    "cross_sectional_ic_t": -2.63,
    "caveat": "The BOOK's t is 1.77 — it does not reach 1.96, let alone the 2.73 that Bonferroni over 8 examined features would want. Only the raw cross-sectional IC (t=-2.63) is nominally significant; discretising it into a 6-a-side book and charging turnover costs gives most of that back. Sharpe 7.24 is an annualisation artefact of a 40-day window, not a property of the strategy."
  },
  "sample_requirement": {
    "observed_sd_pct": 0.3911,
    "observed_edge_pct": 0.0026,
    "n_for_t196": 85425,
    "days_to_n": 14238
  },
  "booked_at_leverage": 1,
  "leverage_view": [
    {
      "leverage": 1,
      "equity": 1.0021,
      "total_net_pct": 0.21,
      "ann_pct": 4.1,
      "vol_pct": 18.3,
      "max_drawdown_pct": 3.7,
      "worst_period_pct": -1.5,
      "t_stat": 0.07128611483838128
    },
    {
      "leverage": 2,
      "equity": 1.002461,
      "total_net_pct": 0.25,
      "ann_pct": 4.9,
      "vol_pct": 36.6,
      "max_drawdown_pct": 7.3,
      "worst_period_pct": -3.1,
      "t_stat": 0.07128611483838128
    },
    {
      "leverage": 3,
      "equity": 1.00107,
      "total_net_pct": 0.11,
      "ann_pct": 2.1,
      "vol_pct": 54.9,
      "max_drawdown_pct": 10.9,
      "worst_period_pct": -4.6,
      "t_stat": 0.07128611483838128
    }
  ],
  "verdict": "ACCUMULATING",
  "live_exposure_usdt": 0,
  "latest": null,
  "rebalanced_this_cycle": 0,
  "skipped": "no unbooked closed periods (latest booked 2026-09-04T16:00:00.000Z)",
  "errors": []
}
{
  "generated_at": "2026-09-05T00:51:37.733Z",
  "lane": "v7_positioning_paper",
  "signal": "top_ratio - retail_ratio, cross-sectional rank, dollar-neutral",
  "k": 6,
  "symbols": 24,
  "periods_booked": 114,
  "equity": 1.002489,
  "realised": {
    "total_net_pct": 0.2489,
    "mean_net_pct": 0.0043,
    "mean_gross_pct": 0.0137,
    "mean_cost_pct": 0.0094,
    "ann_pct": 4.9,
    "vol_pct": 18.2,
    "sharpe": 0.27,
    "t_stat": 0.12
  },
  "backtest_expectation": {
    "source": "banked v5 ledger, 24 symbols x 242 periods (40.5 days)",
    "ann_pct": 85.3,
    "vol_pct": 11.8,
    "t_stat": 1.77,
    "cross_sectional_ic": -0.0345,
    "cross_sectional_ic_t": -2.63,
    "caveat": "The BOOK's t is 1.77 — it does not reach 1.96, let alone the 2.73 that Bonferroni over 8 examined features would want. Only the raw cross-sectional IC (t=-2.63) is nominally significant; discretising it into a 6-a-side book and charging turnover costs gives most of that back. Sharpe 7.24 is an annualisation artefact of a 40-day window, not a property of the strategy."
  },
  "sample_requirement": {
    "observed_sd_pct": 0.3898,
    "observed_edge_pct": 0.0043,
    "n_for_t196": 32014,
    "days_to_n": 5336
  },
  "booked_at_leverage": 1,
  "leverage_view": [
    {
      "leverage": 1,
      "equity": 1.004008,
      "total_net_pct": 0.4,
      "ann_pct": 8,
      "vol_pct": 18.2,
      "max_drawdown_pct": 3.7,
      "worst_period_pct": -1.5,
      "t_stat": 0.11696037650771941
    },
    {
      "leverage": 2,
      "equity": 1.006278,
      "total_net_pct": 0.63,
      "ann_pct": 12.8,
      "vol_pct": 36.5,
      "max_drawdown_pct": 7.3,
      "worst_period_pct": -3.1,
      "t_stat": 0.11696037650771941
    },
    {
      "leverage": 3,
      "equity": 1.006789,
      "total_net_pct": 0.68,
      "ann_pct": 13.9,
      "vol_pct": 54.7,
      "max_drawdown_pct": 10.9,
      "worst_period_pct": -4.6,
      "t_stat": 0.11696037650771941
    }
  ],
  "verdict": "ACCUMULATING",
  "live_exposure_usdt": 0,
  "latest": {
    "ts": "2026-09-04T20:00:00.000Z",
    "longs": [
      "ETHUSDT",
      "BNBUSDT",
      "SANDUSDT",
      "XRPUSDT",
      "ARBUSDT",
      "SOLUSDT"
    ],
    "shorts": [
      "BTCUSDT",
      "GALAUSDT",
      "OPUSDT",
      "APTUSDT",
      "ATOMUSDT",
      "INJUSDT"
    ],
    "net_pct": 0.1904
  },
  "rebalanced_this_cycle": 1,
  "skipped": null,
  "errors": []
}
{
  "generated_at": "2026-09-05T01:51:41.200Z",
  "lane": "v7_positioning_paper",
  "signal": "top_ratio - retail_ratio, cross-sectional rank, dollar-neutral",
  "k": 6,
  "symbols": 24,
  "periods_booked": 114,
  "equity": 1.002489,
  "realised": {
    "total_net_pct": 0.2489,
    "mean_net_pct": 0.0043,
    "mean_gross_pct": 0.0137,
    "mean_cost_pct": 0.0094,
    "ann_pct": 4.9,
    "vol_pct": 18.2,
    "sharpe": 0.27,
    "t_stat": 0.12
  },
  "backtest_expectation": {
    "source": "banked v5 ledger, 24 symbols x 242 periods (40.5 days)",
    "ann_pct": 85.3,
    "vol_pct": 11.8,
    "t_stat": 1.77,
    "cross_sectional_ic": -0.0345,
    "cross_sectional_ic_t": -2.63,
    "caveat": "The BOOK's t is 1.77 — it does not reach 1.96, let alone the 2.73 that Bonferroni over 8 examined features would want. Only the raw cross-sectional IC (t=-2.63) is nominally significant; discretising it into a 6-a-side book and charging turnover costs gives most of that back. Sharpe 7.24 is an annualisation artefact of a 40-day window, not a property of the strategy."
  },
  "sample_requirement": {
    "observed_sd_pct": 0.3898,
    "observed_edge_pct": 0.0043,
    "n_for_t196": 32014,
    "days_to_n": 5336
  },
  "booked_at_leverage": 1,
  "leverage_view": [
    {
      "leverage": 1,
      "equity": 1.004008,
      "total_net_pct": 0.4,
      "ann_pct": 8,
      "vol_pct": 18.2,
      "max_drawdown_pct": 3.7,
      "worst_period_pct": -1.5,
      "t_stat": 0.11696037650771941
    },
    {
      "leverage": 2,
      "equity": 1.006278,
      "total_net_pct": 0.63,
      "ann_pct": 12.8,
      "vol_pct": 36.5,
      "max_drawdown_pct": 7.3,
      "worst_period_pct": -3.1,
      "t_stat": 0.11696037650771941
    },
    {
      "leverage": 3,
      "equity": 1.006789,
      "total_net_pct": 0.68,
      "ann_pct": 13.9,
      "vol_pct": 54.7,
      "max_drawdown_pct": 10.9,
      "worst_period_pct": -4.6,
      "t_stat": 0.11696037650771941
    }
  ],
  "verdict": "ACCUMULATING",
  "live_exposure_usdt": 0,
  "latest": null,
  "rebalanced_this_cycle": 0,
  "skipped": "no unbooked closed periods (latest booked 2026-09-04T20:00:00.000Z)",
  "errors": []
}
{
  "generated_at": "2026-09-05T02:51:44.576Z",
  "lane": "v7_positioning_paper",
  "signal": "top_ratio - retail_ratio, cross-sectional rank, dollar-neutral",
  "k": 6,
  "symbols": 24,
  "periods_booked": 114,
  "equity": 1.002489,
  "realised": {
    "total_net_pct": 0.2489,
    "mean_net_pct": 0.0043,
    "mean_gross_pct": 0.0137,
    "mean_cost_pct": 0.0094,
    "ann_pct": 4.9,
    "vol_pct": 18.2,
    "sharpe": 0.27,
    "t_stat": 0.12
  },
  "backtest_expectation": {
    "source": "banked v5 ledger, 24 symbols x 242 periods (40.5 days)",
    "ann_pct": 85.3,
    "vol_pct": 11.8,
    "t_stat": 1.77,
    "cross_sectional_ic": -0.0345,
    "cross_sectional_ic_t": -2.63,
    "caveat": "The BOOK's t is 1.77 — it does not reach 1.96, let alone the 2.73 that Bonferroni over 8 examined features would want. Only the raw cross-sectional IC (t=-2.63) is nominally significant; discretising it into a 6-a-side book and charging turnover costs gives most of that back. Sharpe 7.24 is an annualisation artefact of a 40-day window, not a property of the strategy."
  },
  "sample_requirement": {
    "observed_sd_pct": 0.3898,
    "observed_edge_pct": 0.0043,
    "n_for_t196": 32014,
    "days_to_n": 5336
  },
  "booked_at_leverage": 1,
  "leverage_view": [
    {
      "leverage": 1,
      "equity": 1.004008,
      "total_net_pct": 0.4,
      "ann_pct": 8,
      "vol_pct": 18.2,
      "max_drawdown_pct": 3.7,
      "worst_period_pct": -1.5,
      "t_stat": 0.11696037650771941
    },
    {
      "leverage": 2,
      "equity": 1.006278,
      "total_net_pct": 0.63,
      "ann_pct": 12.8,
      "vol_pct": 36.5,
      "max_drawdown_pct": 7.3,
      "worst_period_pct": -3.1,
      "t_stat": 0.11696037650771941
    },
    {
      "leverage": 3,
      "equity": 1.006789,
      "total_net_pct": 0.68,
      "ann_pct": 13.9,
      "vol_pct": 54.7,
      "max_drawdown_pct": 10.9,
      "worst_period_pct": -4.6,
      "t_stat": 0.11696037650771941
    }
  ],
  "verdict": "ACCUMULATING",
  "live_exposure_usdt": 0,
  "latest": null,
  "rebalanced_this_cycle": 0,
  "skipped": "no unbooked closed periods (latest booked 2026-09-04T20:00:00.000Z)",
  "errors": []
}
{
  "generated_at": "2026-09-05T03:51:47.941Z",
  "lane": "v7_positioning_paper",
  "signal": "top_ratio - retail_ratio, cross-sectional rank, dollar-neutral",
  "k": 6,
  "symbols": 24,
  "periods_booked": 114,
  "equity": 1.002489,
  "realised": {
    "total_net_pct": 0.2489,
    "mean_net_pct": 0.0043,
    "mean_gross_pct": 0.0137,
    "mean_cost_pct": 0.0094,
    "ann_pct": 4.9,
    "vol_pct": 18.2,
    "sharpe": 0.27,
    "t_stat": 0.12
  },
  "backtest_expectation": {
    "source": "banked v5 ledger, 24 symbols x 242 periods (40.5 days)",
    "ann_pct": 85.3,
    "vol_pct": 11.8,
    "t_stat": 1.77,
    "cross_sectional_ic": -0.0345,
    "cross_sectional_ic_t": -2.63,
    "caveat": "The BOOK's t is 1.77 — it does not reach 1.96, let alone the 2.73 that Bonferroni over 8 examined features would want. Only the raw cross-sectional IC (t=-2.63) is nominally significant; discretising it into a 6-a-side book and charging turnover costs gives most of that back. Sharpe 7.24 is an annualisation artefact of a 40-day window, not a property of the strategy."
  },
  "sample_requirement": {
    "observed_sd_pct": 0.3898,
    "observed_edge_pct": 0.0043,
    "n_for_t196": 32014,
    "days_to_n": 5336
  },
  "booked_at_leverage": 1,
  "leverage_view": [
    {
      "leverage": 1,
      "equity": 1.004008,
      "total_net_pct": 0.4,
      "ann_pct": 8,
      "vol_pct": 18.2,
      "max_drawdown_pct": 3.7,
      "worst_period_pct": -1.5,
      "t_stat": 0.11696037650771941
    },
    {
      "leverage": 2,
      "equity": 1.006278,
      "total_net_pct": 0.63,
      "ann_pct": 12.8,
      "vol_pct": 36.5,
      "max_drawdown_pct": 7.3,
      "worst_period_pct": -3.1,
      "t_stat": 0.11696037650771941
    },
    {
      "leverage": 3,
      "equity": 1.006789,
      "total_net_pct": 0.68,
      "ann_pct": 13.9,
      "vol_pct": 54.7,
      "max_drawdown_pct": 10.9,
      "worst_period_pct": -4.6,
      "t_stat": 0.11696037650771941
    }
  ],
  "verdict": "ACCUMULATING",
  "live_exposure_usdt": 0,
  "latest": null,
  "rebalanced_this_cycle": 0,
  "skipped": "no unbooked closed periods (latest booked 2026-09-04T20:00:00.000Z)",
  "errors": []
}
{
  "generated_at": "2026-09-05T04:51:51.420Z",
  "lane": "v7_positioning_paper",
  "signal": "top_ratio - retail_ratio, cross-sectional rank, dollar-neutral",
  "k": 6,
  "symbols": 24,
  "periods_booked": 115,
  "equity": 0.995266,
  "realised": {
    "total_net_pct": -0.4734,
    "mean_net_pct": -0.002,
    "mean_gross_pct": 0.0075,
    "mean_cost_pct": 0.0095,
    "ann_pct": -8.6,
    "vol_pct": 18.4,
    "sharpe": -0.47,
    "t_stat": -0.06
  },
  "backtest_expectation": {
    "source": "banked v5 ledger, 24 symbols x 242 periods (40.5 days)",
    "ann_pct": 85.3,
    "vol_pct": 11.8,
    "t_stat": 1.77,
    "cross_sectional_ic": -0.0345,
    "cross_sectional_ic_t": -2.63,
    "caveat": "The BOOK's t is 1.77 — it does not reach 1.96, let alone the 2.73 that Bonferroni over 8 examined features would want. Only the raw cross-sectional IC (t=-2.63) is nominally significant; discretising it into a 6-a-side book and charging turnover costs gives most of that back. Sharpe 7.24 is an annualisation artefact of a 40-day window, not a property of the strategy."
  },
  "sample_requirement": {
    "observed_sd_pct": 0.3939,
    "observed_edge_pct": -0.002,
    "n_for_t196": 144216,
    "days_to_n": 24036
  },
  "booked_at_leverage": 1,
  "leverage_view": [
    {
      "leverage": 1,
      "equity": 0.996773,
      "total_net_pct": -0.32,
      "ann_pct": -6,
      "vol_pct": 18.4,
      "max_drawdown_pct": 3.8,
      "worst_period_pct": -1.5,
      "t_stat": -0.05534772280375512
    },
    {
      "leverage": 2,
      "equity": 0.991776,
      "total_net_pct": -0.82,
      "ann_pct": -14.6,
      "vol_pct": 36.9,
      "max_drawdown_pct": 7.6,
      "worst_period_pct": -3.1,
      "t_stat": -0.05534772280375512
    },
    {
      "leverage": 3,
      "equity": 0.985024,
      "total_net_pct": -1.5,
      "ann_pct": -25,
      "vol_pct": 55.3,
      "max_drawdown_pct": 11.3,
      "worst_period_pct": -4.6,
      "t_stat": -0.05534772280375512
    }
  ],
  "verdict": "ACCUMULATING",
  "live_exposure_usdt": 0,
  "latest": {
    "ts": "2026-09-05T00:00:00.000Z",
    "longs": [
      "ETHUSDT",
      "BNBUSDT",
      "SANDUSDT",
      "XRPUSDT",
      "SUIUSDT",
      "ARBUSDT"
    ],
    "shorts": [
      "TIAUSDT",
      "ATOMUSDT",
      "OPUSDT",
      "GALAUSDT",
      "APTUSDT",
      "INJUSDT"
    ],
    "net_pct": -0.7206
  },
  "rebalanced_this_cycle": 1,
  "skipped": null,
  "errors": []
}
{
  "generated_at": "2026-09-05T05:51:54.785Z",
  "lane": "v7_positioning_paper",
  "signal": "top_ratio - retail_ratio, cross-sectional rank, dollar-neutral",
  "k": 6,
  "symbols": 24,
  "periods_booked": 115,
  "equity": 0.995266,
  "realised": {
    "total_net_pct": -0.4734,
    "mean_net_pct": -0.002,
    "mean_gross_pct": 0.0075,
    "mean_cost_pct": 0.0095,
    "ann_pct": -8.6,
    "vol_pct": 18.4,
    "sharpe": -0.47,
    "t_stat": -0.06
  },
  "backtest_expectation": {
    "source": "banked v5 ledger, 24 symbols x 242 periods (40.5 days)",
    "ann_pct": 85.3,
    "vol_pct": 11.8,
    "t_stat": 1.77,
    "cross_sectional_ic": -0.0345,
    "cross_sectional_ic_t": -2.63,
    "caveat": "The BOOK's t is 1.77 — it does not reach 1.96, let alone the 2.73 that Bonferroni over 8 examined features would want. Only the raw cross-sectional IC (t=-2.63) is nominally significant; discretising it into a 6-a-side book and charging turnover costs gives most of that back. Sharpe 7.24 is an annualisation artefact of a 40-day window, not a property of the strategy."
  },
  "sample_requirement": {
    "observed_sd_pct": 0.3939,
    "observed_edge_pct": -0.002,
    "n_for_t196": 144216,
    "days_to_n": 24036
  },
  "booked_at_leverage": 1,
  "leverage_view": [
    {
      "leverage": 1,
      "equity": 0.996773,
      "total_net_pct": -0.32,
      "ann_pct": -6,
      "vol_pct": 18.4,
      "max_drawdown_pct": 3.8,
      "worst_period_pct": -1.5,
      "t_stat": -0.05534772280375512
    },
    {
      "leverage": 2,
      "equity": 0.991776,
      "total_net_pct": -0.82,
      "ann_pct": -14.6,
      "vol_pct": 36.9,
      "max_drawdown_pct": 7.6,
      "worst_period_pct": -3.1,
      "t_stat": -0.05534772280375512
    },
    {
      "leverage": 3,
      "equity": 0.985024,
      "total_net_pct": -1.5,
      "ann_pct": -25,
      "vol_pct": 55.3,
      "max_drawdown_pct": 11.3,
      "worst_period_pct": -4.6,
      "t_stat": -0.05534772280375512
    }
  ],
  "verdict": "ACCUMULATING",
  "live_exposure_usdt": 0,
  "latest": null,
  "rebalanced_this_cycle": 0,
  "skipped": "no unbooked closed periods (latest booked 2026-09-05T00:00:00.000Z)",
  "errors": []
}
{
  "generated_at": "2026-09-05T06:51:58.450Z",
  "lane": "v7_positioning_paper",
  "signal": "top_ratio - retail_ratio, cross-sectional rank, dollar-neutral",
  "k": 6,
  "symbols": 24,
  "periods_booked": 115,
  "equity": 0.995266,
  "realised": {
    "total_net_pct": -0.4734,
    "mean_net_pct": -0.002,
    "mean_gross_pct": 0.0075,
    "mean_cost_pct": 0.0095,
    "ann_pct": -8.6,
    "vol_pct": 18.4,
    "sharpe": -0.47,
    "t_stat": -0.06
  },
  "backtest_expectation": {
    "source": "banked v5 ledger, 24 symbols x 242 periods (40.5 days)",
    "ann_pct": 85.3,
    "vol_pct": 11.8,
    "t_stat": 1.77,
    "cross_sectional_ic": -0.0345,
    "cross_sectional_ic_t": -2.63,
    "caveat": "The BOOK's t is 1.77 — it does not reach 1.96, let alone the 2.73 that Bonferroni over 8 examined features would want. Only the raw cross-sectional IC (t=-2.63) is nominally significant; discretising it into a 6-a-side book and charging turnover costs gives most of that back. Sharpe 7.24 is an annualisation artefact of a 40-day window, not a property of the strategy."
  },
  "sample_requirement": {
    "observed_sd_pct": 0.3939,
    "observed_edge_pct": -0.002,
    "n_for_t196": 144216,
    "days_to_n": 24036
  },
  "booked_at_leverage": 1,
  "leverage_view": [
    {
      "leverage": 1,
      "equity": 0.996773,
      "total_net_pct": -0.32,
      "ann_pct": -6,
      "vol_pct": 18.4,
      "max_drawdown_pct": 3.8,
      "worst_period_pct": -1.5,
      "t_stat": -0.05534772280375512
    },
    {
      "leverage": 2,
      "equity": 0.991776,
      "total_net_pct": -0.82,
      "ann_pct": -14.6,
      "vol_pct": 36.9,
      "max_drawdown_pct": 7.6,
      "worst_period_pct": -3.1,
      "t_stat": -0.05534772280375512
    },
    {
      "leverage": 3,
      "equity": 0.985024,
      "total_net_pct": -1.5,
      "ann_pct": -25,
      "vol_pct": 55.3,
      "max_drawdown_pct": 11.3,
      "worst_period_pct": -4.6,
      "t_stat": -0.05534772280375512
    }
  ],
  "verdict": "ACCUMULATING",
  "live_exposure_usdt": 0,
  "latest": null,
  "rebalanced_this_cycle": 0,
  "skipped": "no unbooked closed periods (latest booked 2026-09-05T00:00:00.000Z)",
  "errors": []
}
{
  "generated_at": "2026-09-05T07:52:01.773Z",
  "lane": "v7_positioning_paper",
  "signal": "top_ratio - retail_ratio, cross-sectional rank, dollar-neutral",
  "k": 6,
  "symbols": 24,
  "periods_booked": 115,
  "equity": 0.995266,
  "realised": {
    "total_net_pct": -0.4734,
    "mean_net_pct": -0.002,
    "mean_gross_pct": 0.0075,
    "mean_cost_pct": 0.0095,
    "ann_pct": -8.6,
    "vol_pct": 18.4,
    "sharpe": -0.47,
    "t_stat": -0.06
  },
  "backtest_expectation": {
    "source": "banked v5 ledger, 24 symbols x 242 periods (40.5 days)",
    "ann_pct": 85.3,
    "vol_pct": 11.8,
    "t_stat": 1.77,
    "cross_sectional_ic": -0.0345,
    "cross_sectional_ic_t": -2.63,
    "caveat": "The BOOK's t is 1.77 — it does not reach 1.96, let alone the 2.73 that Bonferroni over 8 examined features would want. Only the raw cross-sectional IC (t=-2.63) is nominally significant; discretising it into a 6-a-side book and charging turnover costs gives most of that back. Sharpe 7.24 is an annualisation artefact of a 40-day window, not a property of the strategy."
  },
  "sample_requirement": {
    "observed_sd_pct": 0.3939,
    "observed_edge_pct": -0.002,
    "n_for_t196": 144216,
    "days_to_n": 24036
  },
  "booked_at_leverage": 1,
  "leverage_view": [
    {
      "leverage": 1,
      "equity": 0.996773,
      "total_net_pct": -0.32,
      "ann_pct": -6,
      "vol_pct": 18.4,
      "max_drawdown_pct": 3.8,
      "worst_period_pct": -1.5,
      "t_stat": -0.05534772280375512
    },
    {
      "leverage": 2,
      "equity": 0.991776,
      "total_net_pct": -0.82,
      "ann_pct": -14.6,
      "vol_pct": 36.9,
      "max_drawdown_pct": 7.6,
      "worst_period_pct": -3.1,
      "t_stat": -0.05534772280375512
    },
    {
      "leverage": 3,
      "equity": 0.985024,
      "total_net_pct": -1.5,
      "ann_pct": -25,
      "vol_pct": 55.3,
      "max_drawdown_pct": 11.3,
      "worst_period_pct": -4.6,
      "t_stat": -0.05534772280375512
    }
  ],
  "verdict": "ACCUMULATING",
  "live_exposure_usdt": 0,
  "latest": null,
  "rebalanced_this_cycle": 0,
  "skipped": "no unbooked closed periods (latest booked 2026-09-05T00:00:00.000Z)",
  "errors": []
}
{
  "generated_at": "2026-09-05T08:52:05.595Z",
  "lane": "v7_positioning_paper",
  "signal": "top_ratio - retail_ratio, cross-sectional rank, dollar-neutral",
  "k": 6,
  "symbols": 24,
  "periods_booked": 116,
  "equity": 0.988673,
  "realised": {
    "total_net_pct": -1.1327,
    "mean_net_pct": -0.0077,
    "mean_gross_pct": 0.0018,
    "mean_cost_pct": 0.0096,
    "ann_pct": -19.4,
    "vol_pct": 18.6,
    "sharpe": -1.04,
    "t_stat": -0.21
  },
  "backtest_expectation": {
    "source": "banked v5 ledger, 24 symbols x 242 periods (40.5 days)",
    "ann_pct": 85.3,
    "vol_pct": 11.8,
    "t_stat": 1.77,
    "cross_sectional_ic": -0.0345,
    "cross_sectional_ic_t": -2.63,
    "caveat": "The BOOK's t is 1.77 — it does not reach 1.96, let alone the 2.73 that Bonferroni over 8 examined features would want. Only the raw cross-sectional IC (t=-2.63) is nominally significant; discretising it into a 6-a-side book and charging turnover costs gives most of that back. Sharpe 7.24 is an annualisation artefact of a 40-day window, not a property of the strategy."
  },
  "sample_requirement": {
    "observed_sd_pct": 0.3969,
    "observed_edge_pct": -0.0077,
    "n_for_t196": 10139,
    "days_to_n": 1690
  },
  "booked_at_leverage": 1,
  "leverage_view": [
    {
      "leverage": 1,
      "equity": 0.99017,
      "total_net_pct": -0.98,
      "ann_pct": -17,
      "vol_pct": 18.6,
      "max_drawdown_pct": 4.5,
      "worst_period_pct": -1.5,
      "t_stat": -0.20965669145676163
    },
    {
      "leverage": 2,
      "equity": 0.978635,
      "total_net_pct": -2.14,
      "ann_pct": -33.5,
      "vol_pct": 37.2,
      "max_drawdown_pct": 8.8,
      "worst_period_pct": -3.1,
      "t_stat": -0.20965669145676163
    },
    {
      "leverage": 3,
      "equity": 0.965446,
      "total_net_pct": -3.46,
      "ann_pct": -48.5,
      "vol_pct": 55.7,
      "max_drawdown_pct": 13,
      "worst_period_pct": -4.6,
      "t_stat": -0.20965669145676163
    }
  ],
  "verdict": "ACCUMULATING",
  "live_exposure_usdt": 0,
  "latest": {
    "ts": "2026-09-05T04:00:00.000Z",
    "longs": [
      "ETHUSDT",
      "BNBUSDT",
      "SANDUSDT",
      "XRPUSDT",
      "ARBUSDT",
      "SOLUSDT"
    ],
    "shorts": [
      "ATOMUSDT",
      "OPUSDT",
      "TIAUSDT",
      "GALAUSDT",
      "APTUSDT",
      "INJUSDT"
    ],
    "net_pct": -0.6625
  },
  "rebalanced_this_cycle": 1,
  "skipped": null,
  "errors": []
}
{
  "generated_at": "2026-09-05T09:52:09.076Z",
  "lane": "v7_positioning_paper",
  "signal": "top_ratio - retail_ratio, cross-sectional rank, dollar-neutral",
  "k": 6,
  "symbols": 24,
  "periods_booked": 116,
  "equity": 0.988673,
  "realised": {
    "total_net_pct": -1.1327,
    "mean_net_pct": -0.0077,
    "mean_gross_pct": 0.0018,
    "mean_cost_pct": 0.0096,
    "ann_pct": -19.4,
    "vol_pct": 18.6,
    "sharpe": -1.04,
    "t_stat": -0.21
  },
  "backtest_expectation": {
    "source": "banked v5 ledger, 24 symbols x 242 periods (40.5 days)",
    "ann_pct": 85.3,
    "vol_pct": 11.8,
    "t_stat": 1.77,
    "cross_sectional_ic": -0.0345,
    "cross_sectional_ic_t": -2.63,
    "caveat": "The BOOK's t is 1.77 — it does not reach 1.96, let alone the 2.73 that Bonferroni over 8 examined features would want. Only the raw cross-sectional IC (t=-2.63) is nominally significant; discretising it into a 6-a-side book and charging turnover costs gives most of that back. Sharpe 7.24 is an annualisation artefact of a 40-day window, not a property of the strategy."
  },
  "sample_requirement": {
    "observed_sd_pct": 0.3969,
    "observed_edge_pct": -0.0077,
    "n_for_t196": 10139,
    "days_to_n": 1690
  },
  "booked_at_leverage": 1,
  "leverage_view": [
    {
      "leverage": 1,
      "equity": 0.99017,
      "total_net_pct": -0.98,
      "ann_pct": -17,
      "vol_pct": 18.6,
      "max_drawdown_pct": 4.5,
      "worst_period_pct": -1.5,
      "t_stat": -0.20965669145676163
    },
    {
      "leverage": 2,
      "equity": 0.978635,
      "total_net_pct": -2.14,
      "ann_pct": -33.5,
      "vol_pct": 37.2,
      "max_drawdown_pct": 8.8,
      "worst_period_pct": -3.1,
      "t_stat": -0.20965669145676163
    },
    {
      "leverage": 3,
      "equity": 0.965446,
      "total_net_pct": -3.46,
      "ann_pct": -48.5,
      "vol_pct": 55.7,
      "max_drawdown_pct": 13,
      "worst_period_pct": -4.6,
      "t_stat": -0.20965669145676163
    }
  ],
  "verdict": "ACCUMULATING",
  "live_exposure_usdt": 0,
  "latest": null,
  "rebalanced_this_cycle": 0,
  "skipped": "no unbooked closed periods (latest booked 2026-09-05T04:00:00.000Z)",
  "errors": []
}
{
  "generated_at": "2026-09-05T10:52:12.438Z",
  "lane": "v7_positioning_paper",
  "signal": "top_ratio - retail_ratio, cross-sectional rank, dollar-neutral",
  "k": 6,
  "symbols": 24,
  "periods_booked": 116,
  "equity": 0.988673,
  "realised": {
    "total_net_pct": -1.1327,
    "mean_net_pct": -0.0077,
    "mean_gross_pct": 0.0018,
    "mean_cost_pct": 0.0096,
    "ann_pct": -19.4,
    "vol_pct": 18.6,
    "sharpe": -1.04,
    "t_stat": -0.21
  },
  "backtest_expectation": {
    "source": "banked v5 ledger, 24 symbols x 242 periods (40.5 days)",
    "ann_pct": 85.3,
    "vol_pct": 11.8,
    "t_stat": 1.77,
    "cross_sectional_ic": -0.0345,
    "cross_sectional_ic_t": -2.63,
    "caveat": "The BOOK's t is 1.77 — it does not reach 1.96, let alone the 2.73 that Bonferroni over 8 examined features would want. Only the raw cross-sectional IC (t=-2.63) is nominally significant; discretising it into a 6-a-side book and charging turnover costs gives most of that back. Sharpe 7.24 is an annualisation artefact of a 40-day window, not a property of the strategy."
  },
  "sample_requirement": {
    "observed_sd_pct": 0.3969,
    "observed_edge_pct": -0.0077,
    "n_for_t196": 10139,
    "days_to_n": 1690
  },
  "booked_at_leverage": 1,
  "leverage_view": [
    {
      "leverage": 1,
      "equity": 0.99017,
      "total_net_pct": -0.98,
      "ann_pct": -17,
      "vol_pct": 18.6,
      "max_drawdown_pct": 4.5,
      "worst_period_pct": -1.5,
      "t_stat": -0.20965669145676163
    },
    {
      "leverage": 2,
      "equity": 0.978635,
      "total_net_pct": -2.14,
      "ann_pct": -33.5,
      "vol_pct": 37.2,
      "max_drawdown_pct": 8.8,
      "worst_period_pct": -3.1,
      "t_stat": -0.20965669145676163
    },
    {
      "leverage": 3,
      "equity": 0.965446,
      "total_net_pct": -3.46,
      "ann_pct": -48.5,
      "vol_pct": 55.7,
      "max_drawdown_pct": 13,
      "worst_period_pct": -4.6,
      "t_stat": -0.20965669145676163
    }
  ],
  "verdict": "ACCUMULATING",
  "live_exposure_usdt": 0,
  "latest": null,
  "rebalanced_this_cycle": 0,
  "skipped": "no unbooked closed periods (latest booked 2026-09-05T04:00:00.000Z)",
  "errors": []
}
